1789152628483,1
1789152628483,0
1789152628536,1
1789152628747,2
1789152628800,3
1789152628851,4
1789152628994,3
1789152629495,2
1789152629644,3
1789152629793,2
1789152630101,1
1789152630381,0
1789152631086,1
1789152631086,0
1789152631608,1
1789152631608,0
1789152631663,1
1789152631884,0
1789152631885,1
1789152632315,2
1789152632343,1
1789152632417,2
1789152632470,3
1789152632519,4
1789152632570,5
1789152632625,4
1789152632755,5
1789152632778,6
1789152632837,7
1789152632885,6
1789152632941,7
1789152632992,8
1789152633042,9
1789152633096,8
1789152633325,7
1789152633400,8
1789152633481,7
1789152633639,6
1789152633655,7
1789152633817,6
1789152633984,5
1789152634137,6
1789152634145,5
1789152634291,6
1789152634358,5
1789152634504,4
1789152634656,5
1789152634661,4
1789152634833,3
1789152634968,4
1789152635017,5
1789152635076,6
1789152635178,5
1789152635418,4
1789152635700,3
1789152635850,2
1789152635976,1
1789152636079,0
1789152636294,1
1789152636294,0
1789152636654,1
1789152636654,0
1789152637336,0
1789152637337,0
1789152637384,1
1789152637687,0
1789152638281,1
1789152638281,0
1789152638688,1
1789152638688,0
1789152638902,1
1789152638902,0
1789152639863,1
1789152639863,0
1789152640096,1
1789152640096,0
1789152640148,1
1789152640200,2
1789152640245,1
1789152640250,2
1789152640369,1
1789152640403,2
1789152640452,3
1789152640478,2
1789152640502,3
1789152640554,4
1789152640634,3
1789152640806,2
1789152641003,1
1789152641175,0
1789152641297,1
1789152641435,2
1789152641484,3
1789152641522,2
1789152641535,3
1789152641587,4
1789152641681,3
1789152641822,2
1789152641997,1
1789152642125,0
1789152642781,1
1789152642781,0
1789152642831,1
1789152642872,0
1789152643138,1
1789152643138,0
1789152643189,1
1789152643220,0
1789152643341,1
1789152643341,0
1789152643697,1
1789152643697,0
1789152643853,1
1789152643853,0
1789152644109,1
1789152644109,0
1789152644158,1
1789152644173,0
1789152644261,1
1789152644261,0
1789152644361,1
1789152644361,0
1789152644412,1
1789152644426,0
1789152644463,1
1789152644493,0
1789152644513,1
1789152644556,0
1789152644668,1
1789152644668,0
1789152644870,0
1789152644870,0
1789152644922,1
1789152644973,0
1789152644975,1
1789152645026,2
1789152645041,1
1789152645077,2
1789152645107,1
1789152645128,2
1789152645173,1
1789152645229,2
1789152645242,1
1789152645306,0
1789152645994,1
1789152645994,0
1789152646603,1
1789152646603,0
1789152647163,1
1789152647163,0
1789152648547,1
1789152648547,0
1789152648602,1
1789152648613,0
1789152648654,1
1789152648675,0
1789152648758,1
1789152648758,0
1789152648807,1
1789152648817,0
1789152648858,1
1789152648880,0
1789152649062,1
1789152649062,0
1789152649467,1
1789152649467,0
1789152649671,1
1789152649671,0
1789152649875,1
1789152649875,0
1789152650181,1
1789152650181,0
1789152650231,1
1789152650243,0
1789152650281,1
1789152650304,0
1789152650332,1
1789152650364,0
1789152651095,1
1789152651095,0
1789152651609,1
1789152651609,0
1789152651661,1
1789152651677,0
1789152651711,1
1789152651737,0
1789152651762,1
1789152651802,0
1789152651862,1
1789152651882,0
1789152651914,1
1789152651940,0
1789152652372,1
1789152652372,0
1789152652630,1
1789152652630,0
1789152652681,1
1789152652743,2
1789152652793,1
1789152652925,0
1789152653444,1
1789152653444,0
1789152653515,1
1789152653597,2
1789152653642,1
1789152653648,2
1789152653701,3
1789152653788,2
1789152653903,1
1789152654005,2
1789152654026,1
1789152654128,0
1789152654312,1
1789152654312,0
1789152655023,1
1789152655023,0
1789152655074,1
1789152655124,2
1789152655173,1
1789152655178,2
1789152655230,3
1789152655261,2
1789152655332,3
1789152655340,2
1789152655436,1
1789152655542,0
1789152655838,1
1789152655838,0
1789152656296,1
1789152656296,0
1789152656347,1
1789152656370,0
1789152656398,1
1789152656437,0
1789152656722,1
1789152656722,0
1789152656759,1
1789152656784,0
1789152656859,1
1789152656859,0
1789152657267,1
1789152657267,0
1789152657471,1
1789152657471,0
1789152657522,1
1789152657531,0
1789152657573,1
1789152657600,0
1789152657625,1
1789152657661,0
1789152658136,0
1789152658136,0
1789152658288,1
1789152658288,0
1789152658339,1
1789152658354,0
1789152658595,1
1789152658595,0
1789152658850,1
1789152658850,0
1789152659207,1
1789152659207,0
1789152659619,1
1789152659619,0
1789152659671,1
1789152659681,0
1789152660077,1
1789152660077,0
1789152660127,1
1789152660171,0
1789152661145,1
1789152661145,0
1789152661812,1
1789152661812,0
1789152661863,1
1789152661872,0
1789152661914,1
1789152661933,0
1789152661965,1
1789152662001,0
1789152662066,1
1789152662078,0
1789152662268,1
1789152662268,0
1789152662321,1
1789152662348,0
1789152662372,1
1789152662423,2
1789152662424,1
1789152662497,0
1789152662525,1
1789152662575,2
1789152662583,1
1789152662668,0
1789152663243,1
1789152663243,0
1789152663446,1
1789152663446,0
1789152663600,1
1789152663600,0
1789152663703,1
1789152663703,0
1789152664060,1
1789152664060,0
1789152665027,1
1789152665027,0
1789152665382,1
1789152665382,0
1789152665640,1
1789152665640,0
1789152665691,1
1789152665725,0
1789152665742,1
1789152665792,2
1789152665804,1
1789152665842,2
1789152665884,1
1789152665945,2
1789152665969,1
1789152666045,0
1789152667324,1
1789152667324,0
1789152667477,1
1789152667477,0
1789152667936,1
1789152667936,0
1789152667987,1
1789152668004,0
1789152668038,1
1789152668069,0
1789152668139,1
1789152668142,0
1789152668189,1
1789152668207,0
1789152668240,1
1789152668278,0
1789152669255,1
1789152669255,0
1789152669460,1
1789152669460,0
1789152669511,1
1789152669527,0
1789152669869,1
1789152669869,0
1789152670478,1
1789152670478,0
1789152670782,1
1789152670782,0
1789152671444,1
1789152671444,0
1789152671702,1
1789152671702,0
1789152672160,1
1789152672160,0
1789152672312,0
1789152672312,0
1789152672414,1
1789152672414,0
1789152673736,0
1789152673736,0
1789152674146,1
1789152674146,0
1789152674196,1
1789152674209,0
1789152674348,1
1789152674348,0
1789152674604,1
1789152674604,0
1789152674907,0
1789152674907,0
1789152674959,1
1789152674984,0
1789152675010,1
1789152675048,0
1789152675110,1
1789152675117,0
1789152675160,1
1789152675177,0
1789152675211,1
1789152675239,0
1789152675880,1
1789152675880,0
1789152675930,1
1789152675940,0
1789152675982,1
1789152676014,0
1789152676034,1
1789152676085,2
1789152676112,1
1789152676135,2
1789152676186,3
1789152676203,2
1789152676239,3
1789152676294,2
1789152676340,3
1789152676389,4
1789152676404,3
1789152676441,4
1789152676490,3
1789152676491,4
1789152676581,3
1789152676643,4
1789152676715,3
1789152676949,2
1789152677003,3
1789152677230,2
1789152677311,3
1789152677363,4
1789152677413,5
1789152677442,4
1789152677466,5
1789152677568,6
1789152677664,5
1789152677885,4
1789152678103,3
1789152678230,4
1789152678282,5
1789152678342,6
1789152678355,5
1789152678387,6
1789152678438,7
1789152678599,6
1789152678773,7
1789152678931,6
1789152679215,5
1789152679450,4
1789152679684,3
1789152679889,2
1789152680135,1
1789152680459,0
1789152680639,1
1789152680660,2
1789152680721,3
1789152680765,4
1789152680828,3
1789152681056,2
1789152681224,3
1789152681284,2
1789152681490,1
1789152681528,2
1789152681711,1
1789152681849,2
1789152681901,3
1789152681905,2
1789152681953,3
1789152682133,2
1789152682388,1
1789152682577,2
1789152682601,1
1789152682787,0
1789152682834,1
1789152682886,2
1789152682937,3
1789152682951,2
1789152683039,3
1789152683091,4
1789152683218,3
1789152683399,2
1789152683546,1
1789152683677,2
1789152683738,3
1789152683767,2
1789152683779,3
1789152683979,2
1789152684171,1
1789152684374,0
1789152684805,1
1789152684805,0
1789152684856,1
1789152684906,2
1789152685020,1
1789152685113,2
1789152685280,1
1789152685475,2
1789152685544,1
1789152685570,2
1789152685724,3
1789152685731,2
1789152685910,1
1789152686081,2
1789152686109,1
1789152686233,2
1789152686269,1
1789152686284,2
1789152686337,3
1789152686388,4
1789152686446,3
1789152686559,4
1789152686669,3
1789152686746,4
1789152686797,5
1789152686842,4
1789152686847,5
1789152686950,6
1789152687001,7
1789152687038,6
1789152687248,5
1789152687484,4
1789152687491,5
1789152687677,4
1789152687696,5
1789152687749,6
1789152687800,7
1789152687837,6
1789152687852,7
1789152687969,6
1789152688154,5
1789152688156,6
1789152688391,5
1789152688577,6
1789152688605,5
1789152688629,6
1789152688680,7
1789152688731,8
1789152688775,7
1789152688782,8
1789152688833,9
1789152688915,8
1789152688935,9
1789152688987,10
1789152689050,9
1789152689090,10
1789152689168,9
1789152689288,8
1789152689398,9
1789152689439,8
1789152689448,9
1789152689598,8
1789152689651,9
1789152689729,8
1789152689863,7
1789152689905,8
1789152689960,9
1789152690051,8
1789152690254,7
1789152690389,6
1789152690535,5
1789152690661,4
1789152690686,5
1789152690736,6
1789152690789,7
1789152690791,6
1789152690839,7
1789152690935,6
1789152691105,5
1789152691108,6
1789152691247,5
1789152691371,4
1789152691543,3
1789152691688,2
1789152691848,1
1789152692039,0
1789152692173,1
1789152692181,0
1789152692224,1
1789152692274,2
1789152692284,1
1789152692326,2
1789152692376,1
1789152692479,2
1789152692517,1
1789152692632,2
1789152692674,1
1789152692823,0
1789152692838,1
1789152692951,0
1789152693042,1
1789152693070,0
1789152693805,1
1789152693805,0
1789152694009,1
1789152694009,0
1789152694109,1
1789152694122,0
1789152694160,1
1789152694210,2
1789152694216,1
1789152694263,2
1789152694301,1
1789152694364,2
1789152694377,1
1789152694449,0
1789152694921,0
1789152694921,0
1789152695025,1
1789152695048,0
1789152695940,1
1789152695940,0
1789152696346,1
1789152696346,0
1789152696547,1
1789152696547,0
1789152696598,1
1789152696628,0
1789152696648,1
1789152696691,0
1789152697309,1
1789152697309,0
1789152698788,1
1789152698788,0
1789152698839,1
1789152698878,0
1789152699195,1
1789152699195,0
1789152699450,1
1789152699450,0
1789152699502,1
1789152699539,0
1789152699552,1
1789152699608,0
1789152699757,1
1789152699757,0
1789152699807,1
1789152699828,0
1789152700265,1
1789152700265,0
1789152700316,1
1789152700356,0
1789152700776,1
1789152700776,0
1789152701232,1
1789152701232,0
1789152701283,1
1789152701327,0
1789152701335,1
1789152701408,0
1789152701538,0
1789152701543,0
1789152701741,1
1789152701741,0
1789152702709,1
1789152702709,0
1789152702812,1
1789152702860,0
1789152702875,1
1789152702927,2
1789152702966,1
1789152702976,2
1789152703028,3
1789152703061,2
1789152703167,1
1789152703277,0
1789152704453,1
1789152704453,0
1789152704758,1
1789152704758,0
1789152704812,1
1789152704860,2
1789152704882,1
1789152704910,2
1789152705004,1
1789152705130,0
1789152705267,1
1789152705267,0
1789152705316,1
1789152705368,2
1789152705379,1
1789152705514,0
1789152705622,1
1789152705665,0
1789152705675,1
1789152705724,2
1789152705775,3
1789152705779,2
1789152705826,3
1789152705869,2
1789152705878,3
1789152705926,4
1789152705946,3
1789152706015,2
1789152706097,1
1789152706183,0
1789152707350,1
1789152707350,0
1789152707659,1
1789152707659,0
1789152707709,1
1789152707722,0
1789152707761,1
1789152707783,0
1789152707812,1
1789152707840,0
1789152708525,1
1789152708525,0
1789152708983,1
1789152708983,0
1789152709033,1
1789152709045,0
1789152709083,1
1789152709103,0
1789152709440,1
1789152709440,0
1789152709542,1
1789152709542,0
1789152710812,1
1789152710812,0
1789152711829,1
1789152711829,0
1789152712235,1
1789152712235,0
1789152712285,1
1789152712319,0
1789152712694,1
1789152712694,0
1789152712743,1
1789152712759,0
1789152713305,1
1789152713305,0
1789152713715,0
1789152713715,0
1789152713817,1
1789152713817,0
1789152713867,1
1789152713881,0
1789152713918,1
1789152713939,0
1789152714433,1
1789152714433,0
1789152714485,1
1789152714495,0
1789152714534,1
1789152714552,0
1789152714585,1
1789152714615,0
1789152715099,1
1789152715099,0
1789152715353,1
1789152715353,0
1789152715608,1
1789152715608,0
1789152717091,0
1789152717091,0
1789152717158,1
1789152717167,0
1789152717260,1
1789152717260,0
1789152717568,0
1789152717568,0
1789152717668,0
1789152717668,1
1789152718334,1
1789152718334,0
1789152718384,1
1789152718396,0
1789152718435,1
1789152718468,0
1789152718486,1
1789152718533,0
1789152719212,1
1789152719212,0
1789152719265,1
1789152719276,0
1789152719671,1
1789152719671,0
1789152719720,1
1789152719739,0
1789152720282,1
1789152720282,0
1789152720334,1
1789152720384,2
1789152720412,1
1789152720435,2
1789152720533,1
1789152720536,2
1789152720645,1
1789152720739,0
1789152721105,1
1789152721105,0
1789152721156,1
1789152721181,0
1789152721257,1
1789152721275,0
1789152721308,1
1789152721357,0
1789152721358,1
1789152721409,2
1789152721420,1
1789152721481,0
1789152721767,0
1789152721767,0
1789152721825,1
1789152721846,0
1789152721877,1
1789152721916,0
1789152722132,1
1789152722132,0
1789152723099,1
1789152723099,0
1789152723149,1
1789152723156,0
1789152724064,1
1789152724064,0
1789152724525,1
1789152724525,0
1789152724576,1
1789152724601,0
1789152724831,1
1789152724831,0
1789152724984,1
1789152724984,0
1789152725339,0
1789152725339,0
1789152725401,1
1789152725406,0
1789152725506,1
1789152725506,0
1789152725555,1
1789152725579,0
1789152726370,1
1789152726370,0
1789152726472,1
1789152726472,0
1789152726523,1
1789152726534,0
1789152726779,1
1789152726779,0
1789152726830,1
1789152726838,0
1789152726882,1
1789152726904,0
1789152726932,1
1789152726967,0
1789152726983,1
1789152727029,0
1789152727034,1
1789152727090,0
1789152727408,1
1789152727408,0
1789152727460,1
1789152727477,0
1789152727510,1
1789152727542,0
1789152727613,1
1789152727613,0
1789152727663,1
1789152727681,0
1789152727714,1
1789152727748,0
1789152727968,1
1789152727968,0
1789152728021,1
1789152728049,0
1789152728427,1
1789152728427,0
1789152728478,1
1789152728489,0
1789152729041,1
1789152729041,0
1789152729093,1
1789152729107,0
1789152729146,1
1789152729163,0
1789152729196,1
1789152729226,0
1789152729298,1
1789152729298,0
1789152729554,1
1789152729554,0
1789152729607,1
1789152729615,0
1789152729656,1
1789152729683,0
1789152730013,1
1789152730013,0
1789152730071,1
1789152730116,2
1789152730164,1
1789152730166,2
1789152730268,3
1789152730271,2
1789152730373,1
1789152730477,0
1789152731186,1
1789152731186,0
1789152731799,1
1789152731799,0
1789152732464,1
1789152732464,0
1789152732515,1
1789152732545,0
1789152732567,1
1789152732617,2
1789152732624,1
1789152732688,0
1789152733787,0
1789152733789,0
1789152733838,1
1789152733854,0
1789152734093,0
1789152734096,0
1789152735107,1
1789152735107,0
1789152735311,1
1789152735311,0
1789152735517,1
1789152735517,0
1789152735727,1
1789152735727,0
1789152736133,1
1789152736133,0
1789152736741,1
1789152736741,0
1789152737506,0
1789152737506,0
1789152737556,1
1789152737575,0
1789152737760,1
1789152737760,0
1789152737812,1
1789152737823,0
1789152737862,1
1789152737881,0
1789152737913,1
1789152737938,0
1789152737963,1
1789152737991,0
1789152739081,1
1789152739081,0
1789152739132,1
1789152739139,0
1789152739642,0
1789152739642,0
1789152739998,1
1789152739998,0
1789152740150,1
1789152740150,0
1789152740353,1
1789152740353,0
1789152740560,1
1789152740560,0
1789152741629,1
1789152741629,0
1789152741682,1
1789152741721,0
1789152741733,1
1789152741784,2
1789152741787,1
1789152741849,0
1789152741885,1
1789152741938,2
1789152741939,1
1789152742030,0
1789152742294,0
1789152742300,0
1789152742344,1
1789152742372,0
1789152742395,1
1789152742444,0
1789152744076,1
1789152744076,0
1789152744128,1
1789152744138,0
1789152744178,1
1789152744198,0
1789152744806,1
1789152744806,0
1789152746028,1
1789152746028,0
1789152746081,1
1789152746093,0
1789152746132,1
1789152746155,0
1789152746386,1
1789152746386,0
1789152746844,1
1789152746844,0
1789152746897,1
1789152746957,0
1789152747149,1
1789152747149,0
1789152747301,0
1789152747301,0
1789152748118,1
1789152748118,0
1789152748169,1
1789152748211,0
1789152748222,1
1789152748319,0
1789152748632,1
1789152748632,0
1789152748685,1
1789152748754,0
1789152750625,1
1789152750625,0
1789152750880,1
1789152750880,0
1789152750933,1
1789152750944,0
1789152750984,1
1789152751015,0
1789152751193,1
1789152751193,0
1789152752312,1
1789152752312,0
1789152752362,1
1789152752379,0
1789152752414,1
1789152752453,0
1789152752464,1
1789152752513,0
1789152753032,1
1789152753032,0
1789152753082,1
1789152753088,0
1789152753189,1
1789152753189,0
1789152753595,1
1789152753595,0
1789152754004,1
1789152754004,0
1789152754055,1
1789152754067,0
1789152754208,1
1789152754208,0
1789152754259,1
1789152754276,0
1789152754310,1
1789152754338,0
1789152754361,1
1789152754395,0
1789152754410,1
1789152754452,0
1789152754461,1
1789152754508,0
1789152754613,1
1789152754613,0
1789152754663,1
1789152754674,0
1789152755432,1
1789152755432,0
1789152756097,1
1789152756097,0
1789152756199,1
1789152756199,0
1789152756250,1
1789152756258,0
1789152756300,1
1789152756317,0
1789152756352,1
1789152756381,0
1789152756506,1
1789152756506,0
1789152757065,1
1789152757065,0
1789152757166,1
1789152757166,0
1789152757218,1
1789152757231,0
1789152757269,1
1789152757295,0
1789152757320,1
1789152757354,0
1789152757472,1
1789152757472,0
1789152757829,1
1789152757829,0
1789152758136,1
1789152758136,0
1789152758186,1
1789152758194,0
1789152758237,1
1789152758249,0
1789152758288,1
1789152758305,0
1789152758493,1
1789152758493,0
1789152758543,1
1789152758556,0
1789152758848,1
1789152758848,0
1789152758898,1
1789152758922,0
1789152758951,1
1789152758988,0
1789152759103,1
1789152759103,0
1789152759153,1
1789152759189,0
1789152759205,1
1789152759255,2
1789152759260,1
1789152759327,0
1789152759611,1
1789152759611,0
1789152759661,1
1789152759677,0
1789152759711,1
1789152759738,0
1789152759968,1
1789152759968,0
1789152760739,1
1789152760739,0
1789152761050,1
1789152761050,0
1789152761103,1
1789152761108,0
1789152761152,1
1789152761163,0
1789152761204,1
1789152761217,0
1789152761408,1
1789152761408,0
1789152761459,1
1789152761473,0
1789152761765,1
1789152761765,0
1789152761815,1
1789152761823,0
1789152761868,1
1789152761881,0
1789152761968,1
1789152761968,0
1789152763497,1
1789152763497,0
1789152763549,1
1789152763557,0
1789152763600,1
1789152763614,0
1789152763802,0
1789152763805,0
1789152763853,1
1789152763862,0
1789152764666,1
1789152764666,0
1789152764717,1
1789152764720,0
1789152765894,1
1789152765894,0
1789152765945,1
1789152765955,0
1789152765995,1
1789152766012,0
1789152766046,1
1789152766069,0
1789152766555,1
1789152766555,0
1789152766758,1
1789152766758,0
1789152767216,0
1789152767217,0
1789152767267,1
1789152767273,0
1789152768670,1
1789152768670,0
1789152769026,1
1789152769026,0
1789152769127,0
1789152769127,0
1789152769642,1
1789152769642,0
1789152771061,0
1789152771061,0
1789152771113,1
1789152771125,0
1789152771163,1
1789152771183,0
1789152771572,1
1789152771572,0
1789152771623,1
1789152771630,0
1789152772088,1
1789152772088,0
1789152772139,1
1789152772145,0
1789152773562,1
1789152773562,0
1789152773613,1
1789152773619,0
1789152774120,1
1789152774120,0
1789152774373,1
1789152774373,0
1789152774423,1
1789152774429,0
1789152774576,1
1789152774576,0
1789152774831,0
1789152774832,0
1789152775086,1
1789152775086,0
1789152775294,1
1789152775294,0
1789152775600,1
1789152775600,0
1789152775651,1
1789152775662,0
1789152775701,1
1789152775719,0
1789152775752,1
1789152775776,0
1789152775854,1
1789152775854,0
1789152776277,1
1789152776277,0
1789152776430,1
1789152776430,0
1789152776839,1
1789152776839,0
1789152776940,0
1789152776942,0
1789152776990,1
1789152776998,0
1789152777751,1
1789152777751,0
1789152779684,0
1789152779684,0
1789152779735,1
1789152779742,0
1789152779838,1
1789152779838,0
1789152779888,1
1789152779895,0
1789152780404,1
1789152780404,0
1789152780762,1
1789152780762,0
1789152780915,1
1789152780915,0
1789152781373,1
1789152781373,0
1789152781629,1
1789152781629,0
1789152782243,1
1789152782243,0
1789152782396,1
1789152782396,0
1789152782448,1
1789152782498,2
1789152782502,1
1789152782549,2
1789152782583,1
1789152782663,0
1789152782922,1
1789152782922,0
1789152782972,1
1789152783002,0
1789152783023,1
1789152783073,0
1789152783229,1
1789152783229,0
1789152784808,1
1789152784808,0
1789152785012,1
1789152785012,0
1789152785165,1
1789152785165,0
1789152785573,1
1789152785573,0
1789152786797,0
1789152786797,0
1789152786849,1
1789152786864,0
1789152786908,1
1789152786919,0
1789152787211,1
1789152787211,0
1789152787518,1
1789152787518,0
1789152787727,1
1789152787727,0
1789152787981,1
1789152787981,0
1789152788031,1
1789152788039,0
1789152788745,0
1789152788746,0
1789152788795,1
1789152788803,0
1789152788846,1
1789152788858,0
1789152789508,0
1789152789508,0
1789152789561,1
1789152789570,0
1789152789610,1
1789152789630,0
1789152789869,1
1789152789869,0
1789152790124,1
1789152790124,0
1789152790430,1
1789152790430,0
1789152790838,1
1789152790838,0
1789152834605,1
1789152834605,0
1789152834658,1
1789152834861,2
1789152834913,3
1789152834961,4
1789152835073,3
1789152835525,2
1789152835693,3
1789152835846,2
1789152836052,1
1789152836245,0
1789152837107,1
1789152837107,0
1789152837640,1
1789152837640,0
1789152837693,1
1789152837844,0
1789152837900,1
1789152837995,0
1789152838313,1
1789152838313,0
1789152838415,1
1789152838435,0
1789152838464,1
1789152838517,2
1789152838568,3
1789152838571,2
1789152838716,1
1789152838720,2
1789152838772,3
1789152838822,4
1789152838856,3
1789152838923,4
1789152838968,3
1789152838976,4
1789152839028,5
1789152839081,4
1789152839197,3
1789152839299,2
1789152839338,3
1789152839474,2
1789152839596,3
1789152839660,2
1789152839860,1
1789152840027,0
1789152840066,1
1789152840239,2
1789152840243,1
1789152840426,0
1789152840575,1
1789152840580,0
1789152840881,0
1789152840881,1
1789152840932,1
1789152840978,0
1789152840982,1
1789152841125,0
1789152842157,1
1789152842157,0
1789152842513,1
1789152842513,0
1789152843188,1
1789152843188,0
1789152843241,1
1789152843283,0
1789152844117,1
1789152844117,0
1789152844524,1
1789152844524,0
1789152844727,1
1789152844727,0
1789152845698,1
1789152845698,0
1789152845901,0
1789152845913,0
1789152845952,1
1789152846012,2
1789152846059,3
1789152846104,2
1789152846216,3
1789152846233,2
1789152846266,3
1789152846318,4
1789152846331,3
1789152846367,4
1789152846416,3
1789152846521,2
1789152846645,1
1789152846754,0
1789152847093,1
1789152847093,0
1789152847195,1
1789152847207,0
1789152847247,1
1789152847297,2
1789152847315,1
1789152847349,2
1789152847387,1
1789152847461,0
1789152848537,1
1789152848538,0
1789152848588,1
1789152848625,0
1789152848893,0
1789152848893,0
1789152848945,1
1789152848969,0
1789152849097,1
1789152849097,0
1789152849452,1
1789152849452,0
1789152849604,1
1789152849604,0
1789152849859,1
1789152849859,0
1789152849910,1
1789152849924,0
1789152850011,0
1789152850011,1
1789152850113,1
1789152850113,0
1789152850165,1
1789152850220,2
1789152850242,1
1789152850272,2
1789152850379,1
1789152850428,2
1789152850512,1
1789152850613,0
1789152850631,1
1789152850683,2
1789152850723,1
1789152850734,2
1789152850784,3
1789152850814,2
1789152850835,3
1789152850884,4
1789152850885,3
1789152850954,2
1789152850986,3
1789152851034,2
1789152851108,1
1789152851187,0
1789152851748,0
1789152851748,0
1789152852365,0
1789152852365,0
1789152852925,1
1789152852925,0
1789152854306,1
1789152854306,0
1789152854359,1
1789152854408,2
1789152854489,1
1789152854513,2
1789152854576,3
1789152854627,4
1789152854767,3
1789152854909,4
1789152855019,3
1789152855228,2
1789152855359,3
1789152855458,2
1789152855621,3
1789152855752,2
1789152855861,3
1789152855898,2
1789152856029,1
1789152856190,0
1789152856194,1
1789152856243,2
1789152856310,3
1789152856322,2
1789152856360,3
1789152856454,2
1789152856754,1
1789152857074,0
1789152857226,1
1789152857287,0
1789152857819,0
1789152857819,0
1789152857879,1
1789152857944,2
1789152857994,3
1789152858110,4
1789152858169,5
1789152858194,4
1789152858406,3
1789152858619,2
1789152858729,3
1789152858836,2
1789152859009,1
1789152859009,2
1789152859075,3
1789152859136,4
1789152859169,3
1789152859317,2
1789152859461,1
1789152859606,0
1789152859944,1
1789152859944,0
1789152860007,1
1789152860110,2
1789152860121,1
1789152860172,2
1789152860225,3
1789152860438,2
1789152860616,3
1789152860637,2
1789152860815,1
1789152860989,0
1789152860991,1
1789152861252,0
1789152861833,1
1789152861833,0
1789152861888,1
1789152861943,2
1789152861994,3
1789152862001,2
1789152862059,3
1789152862156,2
1789152862176,3
1789152862314,2
1789152862467,1
1789152862631,0
1789152862748,1
1789152862942,0
1789152863294,1
1789152863294,0
1789152863359,1
1789152863424,2
1789152863464,1
1789152863653,0
1789152863778,1
1789152863816,0
1789152863825,1
1789152863929,2
1789152863997,1
1789152864164,0
1789152864408,1
1789152864408,0
1789152864648,1
1789152864648,0
1789152864696,1
1789152864759,2
1789152864825,3
1789152864880,2
1789152865074,1
1789152865304,0
1789152865407,1
1789152865569,0
1789152865580,1
1789152865644,2
1789152865837,1
1789152865935,2
1789152866137,1
1789152866275,2
1789152866364,1
1789152866593,0
1789152866695,1
1789152866773,0
1789152867159,1
1789152867159,0
1789152867224,1
1789152867303,0
1789152867758,1
1789152867758,0
1789152867810,1
1789152867891,0
1789152868991,1
1789152868991,0
1789152869729,1
1789152869729,0
1789152869792,1
1789152869836,0
1789152869845,1
1789152869907,2
1789152869959,1
1789152870026,2
1789152870091,1
1789152870184,0
1789152870276,1
1789152870319,0
1789152870339,1
1789152870403,2
1789152870436,1
1789152870466,2
1789152870568,1
1789152870592,2
1789152870645,3
1789152870689,2
1789152870841,1
1789152870947,0
1789152871392,1
1789152871392,0
1789152871627,1
1789152871627,0
1789152871794,1
1789152871794,0
1789152871933,1
1789152871936,0
1789152872327,1
1789152872327,0
1789152873444,0
1789152873443,0
1789152873876,1
1789152873876,0
1789152874160,1
1789152874160,0
1789152874228,1
1789152874290,2
1789152874293,1
1789152874342,2
1789152874408,3
1789152874423,2
1789152874525,3
1789152874559,2
1789152874682,1
1789152874806,0
1789152876099,1
1789152876099,0
1789152876275,1
1789152876275,0
1789152876816,1
1789152876816,0
1789152876879,1
1789152876931,0
1789152876942,1
1789152877068,2
1789152877072,1
1789152877129,2
1789152877195,3
1789152877214,2
1789152877363,1
1789152877519,0
1789152878359,0
1789152878359,0
1789152878606,1
1789152878606,0
1789152878660,1
1789152878758,0
1789152879043,1
1789152879043,0
1789152879742,1
1789152879742,0
1789152880092,1
1789152880092,0
1789152880907,0
1789152880907,0
1789152881192,1
1789152881192,0
1789152881710,1
1789152881710,0
1789152881893,0
1789152881893,0
1789152881993,1
1789152882013,0
1789152883493,1
1789152883493,0
1789152883967,1
1789152883967,0
1789152884011,1
1789152884095,0
1789152884209,1
1789152884332,0
1789152884477,1
1789152884520,0
1789152884844,1
1789152884844,0
1789152884909,1
1789152884971,2
1789152885019,1
1789152885095,2
1789152885156,3
1789152885187,2
1789152885219,3
1789152885358,2
1789152885637,1
1789152885789,0
1789152886006,0
1789152886006,0
1789152886065,1
1789152886124,2
1789152886148,1
1789152886186,2
1789152886241,3
1789152886258,2
1789152886290,3
1789152886369,4
1789152886402,3
1789152886425,4
1789152886532,3
1789152886543,4
1789152886605,5
1789152886655,4
1789152886660,5
1789152886722,6
1789152886795,5
1789152886924,6
1789152886941,5
1789152887037,4
1789152887137,3
1789152887233,2
1789152887310,3
1789152887327,2
1789152887457,1
1789152887573,0
1789152887690,1
1789152887712,0
1789152887727,1
1789152887793,2
1789152887835,1
1789152887843,2
1789152887962,3
1789152887971,2
1789152888117,1
1789152888221,0
1789152888766,1
1789152888768,0
1789152888809,1
1789152888876,2
1789152888879,1
1789152888925,2
1789152888978,3
1789152888996,2
1789152889135,1
1789152889250,0
1789152889348,1
1789152889416,0
1789152891325,1
1789152891325,0
1789152891387,1
1789152891457,2
1789152891495,1
1789152891512,2
1789152891607,1
1789152891719,0
1789152892041,1
1789152892041,0
1789152892393,1
1789152892393,0
1789152892728,1
1789152892728,0
1789152892791,1
1789152892843,2
1789152892847,1
1789152892956,0
1789152893508,1
1789152893508,0
1789152893792,1
1789152893792,0
1789152893859,1
1789152893891,0
1789152893906,1
1789152893987,0
1789152894026,1
1789152894108,2
1789152894108,1
1789152894239,0
1789152894756,1
1789152894756,0
1789152894808,1
1789152894853,0
1789152894859,1
1789152894962,0
1789152896043,1
1789152896043,0
1789152896111,1
1789152896174,2
1789152896184,1
1789152896278,0
1789152896408,0
1789152896408,0
1789152896808,1
1789152896808,0
1789152896911,1
1789152896955,0
1789152897109,1
1789152897109,0
1789152897524,1
1789152897524,0
1789152897705,1
1789152897758,0
1789152897764,1
1789152897825,2
1789152897875,3
1789152898010,2
1789152898060,3
1789152898205,2
1789152898287,3
1789152898343,4
1789152898378,3
1789152898405,4
1789152898509,5
1789152898539,4
1789152898560,5
1789152898713,4
1789152898912,3
1789152899053,2
1789152899094,3
1789152899198,2
1789152899326,3
1789152899343,2
1789152899392,3
1789152899442,4
1789152899502,5
1789152899510,4
1789152899643,3
1789152899751,2
1789152899841,3
1789152899879,2
1789152900067,1
1789152900222,0
1789152900308,1
1789152900357,2
1789152900420,3
1789152900468,2
1789152900476,3
1789152900542,4
1789152900604,5
1789152900667,4
1789152900709,5
1789152900775,6
1789152900830,5
1789152900903,6
1789152901016,5
1789152901180,4
1789152901214,5
1789152901266,6
1789152901342,5
1789152901476,6
1789152901574,5
1789152901778,4
1789152901793,5
1789152901843,6
1789152901993,5
1789152902209,4
1789152902344,3
1789152902478,2
1789152902656,3
1789152902656,2
1789152902699,3
1789152902759,4
1789152902789,3
1789152902821,4
1789152902917,3
1789152903039,2
1789152903135,3
1789152903204,2
1789152903347,1
1789152903470,0
1789152904325,0
1789152904325,0
1789152904376,1
1789152904438,0
1789152904445,1
1789152904491,2
1789152904539,1
1789152904661,2
1789152904666,1
1789152904779,0
1789152904826,1
1789152904885,0
1789152905059,0
1789152905059,0
1789152905276,1
1789152905276,0
1789152906143,1
1789152906143,0
1789152906388,1
1789152906388,0
1789152906514,1
1789152906527,0
1789152906574,1
1789152906624,2
1789152906654,1
1789152906686,2
1789152906801,1
1789152906809,2
1789152906939,1
1789152907067,0
1789152907457,1
1789152907457,0
1789152907559,1
1789152907603,0
1789152908591,1
1789152908591,0
1789152909025,1
1789152909025,0
1789152909291,1
1789152909291,0
1789152909343,1
1789152909405,2
1789152909451,1
1789152909619,0
1789152910125,0
1789152910125,0
1789152911807,0
1789152911809,0
1789152911861,1
1789152912196,0
1789152912255,1
1789152912440,0
1789152912504,1
1789152912556,2
1789152912606,3
1789152912705,2
1789152912813,3
1789152912864,4
1789152912889,3
1789152913059,2
1789152913235,1
1789152913345,2
1789152913395,3
1789152913438,2
1789152913644,1
1789152913857,2
1789152913884,1
1789152914034,0
1789152914319,1
1789152914319,0
1789152914371,1
1789152914423,2
1789152914503,1
1789152914628,2
1789152914659,1
1789152914820,0
1789152914831,1
1789152914973,0
1789152915800,1
1789152915800,0
1789152915903,1
1789152915920,0
1789152915953,1
1789152916005,2
1789152916034,1
1789152916057,2
1789152916108,3
1789152916124,2
1789152916241,1
1789152916328,0
1789152917557,1
1789152917557,0
1789152917862,1
1789152917862,0
1789152917915,1
1789152917942,0
1789152917964,1
1789152918016,2
1789152918023,1
1789152918100,0
1789152918372,1
1789152918372,0
1789152918424,1
1789152918476,2
1789152918498,1
1789152918600,0
1789152918732,0
1789152918732,0
1789152918783,1
1789152918834,2
1789152918835,1
1789152918884,2
1789152918911,1
1789152918935,2
1789152918987,3
1789152919023,2
1789152919038,3
1789152919284,2
1789152919473,1
1789152919646,0
1789152920494,1
1789152920494,0
1789152920828,0
1789152920828,0
1789152920880,1
1789152920930,2
1789152920984,3
1789152921030,2
1789152921281,1
1789152921447,0
1789152921724,1
1789152921724,0
1789152922187,1
1789152922187,0
1789152922236,1
1789152922287,2
1789152922333,1
1789152922467,0
1789152922641,1
1789152922670,0
1789152922743,1
1789152922818,0
1789152924022,1
1789152924022,0
1789152925053,1
1789152925053,0
1789152925461,1
1789152925461,0
1789152925511,1
1789152925554,0
1789152925918,1
1789152925918,0
1789152925970,1
1789152926026,0
1789152926531,1
1789152926531,0
1789152926941,1
1789152926941,0
1789152927042,1
1789152927042,0
1789152927097,1
1789152927146,2
1789152927160,1
1789152927251,0
1789152927670,1
1789152927670,0
1789152927723,1
1789152927761,0
1789152927774,1
1789152927823,2
1789152927833,1
1789152927914,0
1789152928335,0
1789152928335,0
1789152928591,1
1789152928591,0
1789152928857,1
1789152928857,0
1789152930335,1
1789152930335,0
1789152930387,1
1789152930489,2
1789152930490,1
1789152930609,0
1789152930793,1
1789152930793,0
1789152930896,1
1789152930896,0
1789152931558,0
1789152931558,0
1789152931610,1
1789152931660,0
1789152931662,1
1789152931714,2
1789152931781,1
1789152931907,0
1789152932424,1
1789152932424,0
1789152932475,1
1789152932515,0
1789152932896,1
1789152932896,0
1789152932946,1
1789152932976,0
1789152933508,1
1789152933508,0
1789152933559,1
1789152933576,0
1789152933610,1
1789152933647,0
1789152933661,1
1789152933714,0
1789152933763,1
1789152933786,0
1789152934325,1
1789152934325,0
1789152934377,1
1789152934412,0
1789152934479,1
1789152934501,0
1789152934529,1
1789152934580,2
1789152934589,1
1789152934635,2
1789152934657,1
1789152934725,0
1789152934991,1
1789152934991,0
1789152935042,1
1789152935069,0
1789152935093,1
1789152935156,0
1789152935350,1
1789152935350,0
1789152936317,1
1789152936317,0
1789152936368,1
1789152936489,0
1789152937295,1
1789152937295,0
1789152937783,0
1789152937783,0
1789152937860,1
1789152937999,0
1789152938158,1
1789152938166,0
1789152938333,1
1789152938342,0
1789152938709,0
1789152938709,1
1789152938758,1
1789152938837,0
1789152938891,1
1789152938941,0
1789152938942,1
1789152939038,0
1789152939841,1
1789152939841,0
1789152939974,1
1789152939986,0
1789152940026,1
1789152940105,0
1789152940341,1
1789152940341,0
1789152940394,1
1789152940457,2
1789152940491,1
1789152940511,2
1789152940575,3
1789152940624,4
1789152940639,3
1789152940791,2
1789152940914,1
1789152941026,2
1789152941069,1
1789152941091,2
1789152941142,3
1789152941175,2
1789152941270,3
1789152941308,2
1789152941321,3
1789152941374,4
1789152941440,3
1789152941631,2
1789152941675,3
1789152941726,4
1789152941767,3
1789152941883,2
1789152941995,1
1789152942114,0
1789152942192,1
1789152942219,0
1789152942242,1
1789152942310,0
1789152942889,1
1789152942889,0
1789152942941,1
1789152942993,2
1789152943009,1
1789152943042,2
1789152943116,1
1789152943144,2
1789152943234,1
1789152943387,0
1789152943407,1
1789152943458,2
1789152943507,1
1789152943511,2
1789152943604,1
1789152943708,0
1789152943869,1
1789152943869,0
1789152943920,1
1789152943971,2
1789152943989,1
1789152944023,2
1789152944077,1
1789152944124,2
1789152944172,1
1789152944261,0
1789152945051,1
1789152945051,0
1789152945667,1
1789152945667,0
1789152946332,0
1789152946332,0
1789152946382,1
1789152946433,2
1789152946455,1
1789152946484,2
1789152946568,1
1789152946654,0
1789152947660,0
1789152947660,0
1789152947712,1
1789152947761,0
1789152947970,1
1789152947970,0
1789152948993,1
1789152948993,0
1789152949199,1
1789152949199,0
1789152949421,1
1789152949421,0
1789152949652,1
1789152949652,0
1789152950124,1
1789152950124,0
1789152950825,0
1789152950825,0
1789152951692,1
1789152951692,0
1789152951742,1
1789152951799,0
1789152951975,1
1789152951975,0
1789152952025,1
1789152952088,0
1789152952089,1
1789152952141,2
1789152952195,1
1789152952208,2
1789152952305,1
1789152952397,0
1789152953442,1
1789152953442,0
1789152953525,1
1789152953538,0
1789152954074,1
1789152954074,0
1789152954490,1
1789152954490,0
1789152954658,0
1789152954658,0
1789152954875,0
1789152954875,0
1789152955107,1
1789152955107,0
1789152956308,1
1789152956308,0
1789152956357,1
1789152956435,2
1789152956442,1
1789152956499,2
1789152956588,1
1789152956623,2
1789152956673,3
1789152956692,2
1789152956830,1
1789152956960,0
1789152957058,1
1789152957058,0
1789152957125,1
1789152957175,2
1789152957208,1
1789152957317,0
1789152959092,1
1789152959092,0
1789152959158,1
1789152959194,0
1789152959207,1
1789152959297,0
1789152959890,0
1789152959890,0
1789152961281,0
1789152961281,0
1789152961345,1
1789152961361,0
1789152961409,1
1789152961456,0
1789152961726,1
1789152961726,0
1789152962297,0
1789152962297,1
1789152962358,1
1789152962390,0
1789152962661,0
1789152962661,0
1789152962867,1
1789152962867,0
1789152963825,1
1789152963825,0
1789152963875,1
1789152963942,2
1789152963949,1
1789152964045,0
1789152964406,1
1789152964406,0
1789152964458,1
1789152964495,0
1789152966657,0
1789152966657,0
1789152966924,1
1789152966924,0
1789152966991,1
1789152967025,0
1789152967042,1
1789152967128,0
1789152967276,1
1789152967276,0
1789152968541,1
1789152968541,0
1789152968590,1
1789152968641,2
1789152968650,1
1789152968707,2
1789152968747,1
1789152968846,0
1789152969323,1
1789152969323,0
1789152969389,1
1789152969426,0
1789152969510,1
1789152969531,0
1789152969957,0
1789152969957,0
1789152970425,1
1789152970425,0
1789152970491,1
1789152970529,0
1789152970658,0
1789152970658,0
1789152970707,1
1789152970754,0
1789152970757,1
1789152970806,2
1789152970847,1
1789152970857,2
1789152970923,3
1789152970947,2
1789152971055,1
1789152971091,2
1789152971168,1
1789152971173,2
1789152971274,1
1789152971366,0
1789152972023,0
1789152972023,0
1789152972757,1
1789152972757,0
1789152972875,1
1789152972875,0
1789152972944,1
1789152972990,0
1789152972991,1
1789152973041,2
1789152973079,1
1789152973178,0
1789152973206,1
1789152973275,0
1789152973821,0
1789152973821,0
1789152973924,1
1789152973974,0
1789152973990,1
1789152974040,2
1789152974069,1
1789152974091,2
1789152974183,1
1789152974258,2
1789152974328,1
1789152974457,0
1789152974686,1
1789152974686,0
1789152975024,1
1789152975024,0
1789152975075,1
1789152975125,2
1789152975127,1
1789152975190,2
1789152975229,1
1789152975353,0
1789152975424,1
1789152975473,2
1789152975479,1
1789152975632,0
1789152975825,1
1789152975825,0
1789152975875,1
1789152975936,0
1789152975940,1
1789152976053,0
1789152976108,1
1789152976171,2
1789152976188,1
1789152976223,2
1789152976290,3
1789152976310,2
1789152976556,1
1789152976663,2
1789152976712,3
1789152976760,2
1789152976763,3
1789152976946,2
1789152977025,3
1789152977163,2
1789152977387,1
1789152977575,0
1789152977792,1
1789152977792,0
1789152978100,1
1789152978100,0
1789152978151,1
1789152978238,2
1789152978254,3
1789152978312,2
1789152978446,1
1789152978476,2
1789152978527,3
1789152978583,2
1789152978732,1
1789152978834,2
1789152978885,3
1789152978904,2
1789152978935,3
1789152979037,4
1789152979052,3
1789152979206,2
1789152979369,1
1789152979512,0
1789152980568,1
1789152980568,0
1789152980620,1
1789152980671,2
1789152980765,1
1789152980875,2
1789152980926,3
1789152981007,2
1789152981201,1
1789152981350,0
1789152981745,1
1789152981745,0
1789152981802,1
1789152982022,0
1789152982997,0
1789152982997,0
1789152983049,1
1789152983100,2
1789152983151,3
1789152983327,2
1789152983599,1
1789152983707,2
1789152983913,3
1789152983922,2
1789152984171,1
1789152984366,0
1789152984409,1
1789152984447,2
1789152984573,1
1789152984733,0
1789152985831,1
1789152985831,0
1789152986192,1
1789152986192,0
1789152986286,1
1789152986390,0
1789152986798,1
1789152986798,0
1789152988235,1
1789152988235,0
1789152988287,1
1789152988344,2
1789152988407,1
1789152988556,0
1789152988753,1
1789152988770,0
1789152988817,1
1789152988976,0
1789152989301,1
1789152989301,0
1789152989330,1
1789152989455,0
1789152990779,1
1789152990779,0
1789152990828,1
1789152990927,0
1789152991343,1
1789152991343,0
1789152991599,0
1789152991599,0
1789152991650,1
1789152991691,0
1789152991805,1
1789152991805,0
1789152992058,0
1789152992058,0
1789152992313,1
1789152992313,0
1789152992515,1
1789152992515,0
1789152992820,1
1789152992820,0
1789152992871,1
1789152992922,2
1789152992943,1
1789152992973,2
1789152993076,3
1789152993081,2
1789152993236,1
1789152993361,0
1789152993485,1
1789152993529,0
1789152993640,1
1789152993703,0
1789152994064,1
1789152994064,0
1789152994169,1
1789152994189,0
1789152994218,1
1789152994317,0
1789152994988,1
1789152994988,0
1789152996956,1
1789152996956,0
1789152997008,1
1789152997068,0
1789152997112,1
1789152997167,2
1789152997204,1
1789152997301,0
1789152997674,0
1789152997674,0
1789152998030,1
1789152998030,0
1789152998182,1
1789152998200,0
1789152998780,1
1789152998780,0
1789152999074,1
1789152999074,0
1789152999822,0
1789152999822,0
1789152999993,1
1789153000006,0
1789153000058,1
1789153000107,2
1789153000157,3
1789153000184,2
1789153000356,1
1789153000508,0
1789153000556,1
1789153000608,2
1789153000633,1
1789153000674,2
1789153000738,1
1789153000844,0
1789153000891,1
1789153000992,0
1789153002690,1
1789153002690,0
1789153002926,1
1789153002926,0
1789153003091,1
1789153003091,0
1789153003557,1
1789153003557,0
1789153004955,1
1789153004955,0
1789153005008,1
1789153005057,2
1789153005064,1
1789153005152,0
1789153005406,1
1789153005406,0
1789153005740,1
1789153005740,0
1789153005989,1
1789153005989,0
1789153006272,1
1789153006272,0
1789153006335,1
1789153006407,0
1789153007165,1
1789153007165,0
1789153007222,1
1789153007285,2
1789153007335,1
1789153007510,0
1789153008041,1
1789153008041,0
1789153008105,1
1789153008168,2
1789153008230,1
1789153008362,0
1789153008495,1
1789153008501,0
1789153008810,1
1789153008810,0
1789153009156,1
1789153009156,0
1789153009679,1
1789153009679,0
1789153567844,0
1789153567844,0
1789153567864,1
1789153567950,2
1789153567975,3
1789153567993,4
1789153568336,5
1789153568511,4
1789153569023,5
1789153569159,4
1789153569265,5
1789153569333,6
1789153569415,7
1789153569486,6
1789153569589,7
1789153569673,8
1789153569695,9
1789153569716,10
1789153569789,11
1789153569800,12
1789153569836,11
1789153569873,12
1789153569893,13
1789153569937,14
1789153569958,15
1789153569979,16
1789153570108,17
1789153570110,16
1789153570268,17
1789153570335,16
1789153570461,17
1789153570525,18
1789153570557,17
1789153570674,18
1789153570746,17
1789153570820,18
1789153570841,19
1789153570862,20
1789153570939,19
1789153571129,18
1789153571354,19
1789153571357,18
1789153571530,19
1789153571590,18
1789153571805,19
1789153571817,18
1789153571827,19
1789153572053,18
1789153572217,17
1789153572220,18
1789153572397,19
1789153572432,18
1789153572478,19
1789153572646,18
1789153572824,17
1789153572921,18
1789153573005,19
1789153573005,18
1789153573026,19
1789153573049,20
1789153573070,21
1789153573133,22
1789153573191,23
1789153573191,24
1789153573197,25
1789153573234,24
1789153573434,23
1789153573537,24
1789153573579,25
1789153573601,26
1789153573622,27
1789153573633,26
1789153573646,27
1789153573835,26
1789153573987,25
1789153574144,24
1789153574159,25
1789153574179,26
1789153574306,27
1789153574324,26
1789153574329,27
1789153574415,28
1789153574487,27
1789153574562,28
1789153574625,29
1789153574635,28
1789153574729,29
1789153574753,30
1789153574792,31
1789153574825,30
1789153574835,31
1789153574875,32
1789153574896,33
1789153574916,34
1789153574981,35
1789153575000,34
1789153575066,35
1789153575087,36
1789153575106,37
1789153575127,38
1789153575148,39
1789153575170,40
1789153575228,41
1789153575236,40
1789153575531,39
1789153575711,38
1789153575729,39
1789153575877,38
1789153576077,37
1789153576129,38
1789153576278,37
1789153576478,38
1789153576509,37
1789153576749,36
1789153576924,35
1789153577118,34
1789153577370,33
1789153577412,34
1789153577428,35
1789153577460,36
1789153577523,37
1789153577544,38
1789153577579,39
1789153577621,38
1789153577707,39
1789153577846,38
1789153577956,39
1789153578088,40
1789153578187,39
1789153578264,40
1789153578448,41
1789153578459,40
1789153578482,41
1789153578514,42
1789153578546,43
1789153578726,42
1789153579055,41
1789153579097,42
1789153579327,41
1789153579426,42
1789153579448,43
1789153579487,44
1789153579534,45
1789153579612,46
1789153579663,47
1789153579843,46
1789153579921,47
1789153580113,48
1789153580146,49
1789153580153,48
1789153580180,49
1789153580399,48
1789153580647,49
1789153580702,50
1789153580755,51
1789153580770,50
1789153580836,51
1789153580873,52
1789153581003,53
1789153581167,54
1789153581268,53
1789153581459,54
1789153581484,55
1789153581501,56
1789153581520,57
1789153581537,56
1789153581542,57
1789153581586,58
1789153581796,57
1789153581802,58
1789153582028,59
1789153582046,58
1789153582049,59
1789153582070,60
1789153582197,61
1789153582216,62
1789153582239,61
1789153582259,62
1789153582430,63
1789153582470,62
1789153582523,63
1789153582534,64
1789153582555,65
1789153582605,66
1789153582839,67
1789153582842,66
1789153582905,67
1789153582935,68
1789153583040,69
1789153583148,70
1789153583201,69
1789153583308,70
1789153583483,71
1789153583501,72
1789153583578,71
1789153583714,72
1789153583734,73
1789153583826,72
1789153584079,71
1789153584166,72
1789153584330,71
1789153584481,72
1789153584502,73
1789153584522,74
1789153584544,75
1789153584562,74
1789153584587,75
1789153584672,76
1789153584697,77
1789153584715,78
1789153584736,79
1789153584778,80
1789153584798,81
1789153584803,80
1789153585062,79
1789153585110,80
1789153585192,81
1789153585256,82
1789153585272,81
1789153585299,82
1789153585448,83
1789153585475,82
1789153585672,81
1789153585844,80
1789153585872,81
1789153586022,82
1789153586037,81
1789153586130,82
1789153586152,83
1789153586173,84
1789153586228,85
1789153586228,86
1789153586257,87
1789153586282,86
1789153586489,85
1789153586739,84
1789153586871,85
1789153586935,86
1789153586950,85
1789153587116,84
1789153587158,85
1789153587179,86
1789153587199,87
1789153587242,88
1789153587263,89
1789153587284,90
1789153587287,89
1789153587536,88
1789153587733,87
1789153587747,88
1789153587832,89
1789153587854,90
1789153587897,89
1789153588000,90
1789153588083,89
1789153588234,88
1789153588270,89
1789153588396,90
1789153588407,89
1789153588588,88
1789153588680,89
1789153588748,88
1789153588786,89
1789153588946,88
1789153588977,89
1789153589041,90
1789153589085,91
1789153589205,90
1789153589496,89
1789153589681,88
1789153589707,89
1789153589877,90
1789153589891,89
1789153589921,90
1789153589987,91
1789153590107,92
1789153590135,91
1789153590255,92
1789153590277,93
1789153590309,94
1789153590338,95
1789153590361,96
1789153590375,95
1789153590382,96
1789153590629,95
1789153590701,96
1789153590725,97
1789153590744,98
1789153590765,99
1789153590786,100
1789153590806,101
1789153590827,102
1789153590840,101
1789153590848,102
1789153590892,103
1789153590916,104
1789153590937,105
1789153590954,106
1789153591019,107
1789153591068,106
1789153591167,107
1789153591295,108
1789153591332,107
1789153591341,108
1789153591362,109
1789153591383,110
1789153591426,111
1789153591563,110
1789153591703,111
1789153591725,112
1789153591747,113
1789153591766,114
1789153591787,115
1789153591808,114
1789153591915,115
1789153592070,114
1789153592234,113
1789153592378,112
1789153592586,111
1789153592702,112
1789153592722,113
1789153592740,112
1789153592743,113
1789153592765,114
1789153592894,113
1789153592958,114
1789153593082,113
1789153593098,114
1789153593224,115
1789153593246,116
1789153593246,115
1789153593268,116
1789153593394,115
1789153593524,116
1789153593625,115
1789153593655,116
1789153593677,117
1789153593697,118
1789153593739,119
1789153593760,120
1789153593863,119
1789153593993,120
1789153594015,121
1789153594035,122
1789153594066,121
1789153594293,120
1789153594487,121
1789153594501,120
1789153594509,121
1789153594529,122
1789153594615,123
1789153594760,122
1789153594767,123
1789153594806,124
1789153594875,125
1789153595023,124
1789153595043,125
1789153595106,126
1789153595127,127
1789153595149,128
1789153595172,129
1789153595234,130
1789153595244,129
1789153595320,130
1789153595339,131
1789153595363,132
1789153595405,133
1789153595431,134
1789153595477,133
1789153595650,134
1789153595751,135
1789153595773,136
1789153595789,135
1789153595794,136
1789153595815,137
1789153595964,138
1789153596243,139
1789153596259,140
1789153596281,139
1789153596296,140
1789153596313,141
1789153596345,142
1789153596380,143
1789153596444,144
1789153596463,145
1789153596529,146
1789153596637,145
1789153596714,146
1789153596809,147
1789153596896,148
1789153596944,147
1789153597044,148
1789153597077,149
1789153597162,148
1789153597364,147
1789153597545,148
1789153597577,149
1789153597604,148
1789153597613,149
1789153597629,150
1789153597796,151
1789153597822,150
1789153598065,149
1789153598334,148
1789153598446,149
1789153598477,150
1789153598526,151
1789153598545,152
1789153598587,151
1789153598629,152
1789153598729,153
1789153598821,152
1789153598891,153
1789153599012,154
1789153599101,153
1789153599359,152
1789153599495,153
1789153599566,152
1789153599630,153
1789153599712,154
1789153599730,155
1789153599762,156
1789153599795,157
1789153599797,156
1789153599863,157
1789153599996,156
1789153600192,155
1789153600250,156
1789153600295,157
1789153600464,156
1789153600778,155
1789153600894,156
1789153601151,157
1789153601152,156
1789153601298,157
1789153601331,158
1789153601364,159
1789153601498,158
1789153601791,159
1789153601840,158
1789153602153,157
1789153602395,156
1789153602619,155
1789153602740,156
1789153602761,157
1789153603003,158
1789153603006,157
1789153603227,158
1789153603244,159
1789153603278,160
1789153603313,159
1789153603415,160
1789153603448,161
1789153603541,160
1789153603769,161
1789153603787,160
1789153603793,161
1789153604071,160
1789153604094,161
1789153604312,160
1789153604365,161
1789153604395,162
1789153604430,163
1789153604565,164
1789153604565,163
1789153604696,164
1789153604778,163
1789153604987,162
1789153605222,161
1789153605312,162
1789153605362,163
1789153605395,164
1789153605406,163
1789153605427,164
1789153605462,165
1789153605494,166
1789153605585,165
1789153605904,164
1789153606253,163
1789153606412,164
1789153606574,163
1789153606610,164
1789153606648,165
1789153606679,166
1789153606712,167
1789153606970,166
1789153606993,167
1789153607014,168
1789153607046,169
1789153607196,170
1789153607214,171
1789153607224,170
1789153607246,171
1789153607280,172
1789153607312,173
1789153607347,174
1789153607378,175
1789153607441,174
1789153607721,173
1789153607998,172
1789153608199,173
1789153608331,174
1789153608341,173
1789153608350,174
1789153608370,175
1789153608391,176
1789153608647,175
1789153608730,176
1789153608908,175
1789153608916,176
1789153608938,177
1789153608960,178
1789153609110,179
1789153609152,180
1789153609198,179
1789153609529,178
1789153609772,179
1789153609890,178
1789153610203,177
1789153610206,178
1789153610415,179
1789153610445,180
1789153610641,179
1789153610684,180
1789153610700,181
1789153610904,180
1789153610948,181
1789153611115,182
1789153611154,183
1789153611180,184
1789153611185,183
1789153611211,184
1789153611460,185
1789153611487,186
1789153611501,187
1789153611508,186
1789153611523,187
1789153611755,188
1789153611811,187
1789153611875,188
1789153611982,189
1789153612070,188
1789153612319,187
1789153612532,186
1789153612621,187
1789153612641,188
1789153612684,189
1789153612803,188
1789153612863,189
1789153612863,190
1789153613071,189
1789153613157,190
1789153613178,191
1789153613198,192
1789153613220,193
1789153613313,192
1789153613520,193
1789153613541,194
1789153613553,193
1789153613716,194
1789153613737,195
1789153613817,194
1789153613974,195
1789153613996,196
1789153614018,197
1789153614040,198
1789153614052,197
1789153614082,198
1789153614279,197
1789153614317,198
1789153614337,199
1789153614413,200
1789153614439,201
1789153614455,202
1789153614476,203
1789153614537,202
1789153614626,203
1789153614648,204
1789153614668,205
1789153614760,204
1789153614774,205
1789153614984,204
1789153615218,205
1789153615242,206
1789153615242,205
1789153615475,204
1789153615622,205
1789153615746,204
1789153615851,205
1789153615872,206
1789153615937,205
1789153615979,206
1789153616043,207
1789153616148,206
1789153616194,207
1789153616216,208
1789153616258,209
1789153616289,210
1789153616438,209
1789153616665,210
1789153616702,209
1789153616708,210
1789153616730,211
1789153616844,212
1789153616864,213
1789153616883,214
1789153616908,215
1789153616929,216
1789153616948,217
1789153616959,216
1789153617099,217
1789153617121,218
1789153617167,219
1789153617185,220
1789153617207,221
1789153617213,220
1789153617248,221
1789153617355,222
1789153617376,223
1789153617408,222
1789153617546,223
1789153617566,224
1789153617605,223
1789153617818,224
1789153617824,225
1789153617845,226
1789153617851,225
1789153617900,226
1789153617944,227
1789153618043,226
1789153618048,227
1789153618068,228
1789153618089,229
1789153618240,230
1789153618260,231
1789153618265,230
1789153618282,231
1789153618303,232
1789153618346,233
1789153618516,232
1789153618729,231
1789153618751,232
1789153618941,231
1789153619008,232
1789153619187,231
1789153619318,232
1789153619340,233
1789153619361,234
1789153619383,235
1789153619415,234
1789153619635,233
1789153619886,232
1789153619893,233
1789153619914,234
1789153620021,235
1789153620093,234
1789153620325,233
1789153620473,234
1789153620555,235
1789153620597,234
1789153620640,235
1789153620724,236
1789153620816,235
1789153620897,236
1789153620997,235
1789153621153,236
1789153621274,235
1789153621497,236
1789153621513,235
1789153621517,236
1789153621600,237
1789153621621,238
1789153621644,239
1789153621664,240
1789153621688,241
1789153621763,240
1789153622036,239
1789153622187,240
1789153622209,241
1789153622282,240
1789153622424,241
1789153622513,240
1789153622569,241
1789153622633,242
1789153622751,243
1789153622765,242
1789153622836,243
1789153622971,242
1789153623165,241
1789153623322,242
1789153623343,243
1789153623364,244
1789153623385,243
1789153623385,244
1789153623427,245
1789153623450,246
1789153623599,247
1789153623603,246
1789153623620,247
1789153623641,248
1789153623832,247
1789153624113,246
1789153624368,245
1789153624371,246
1789153624393,247
1789153624415,248
1789153624600,247
1789153624671,248
1789153624838,247
1789153625038,246
1789153625196,247
1789153625216,246
1789153625217,247
1789153625239,248
1789153625363,249
1789153625443,248
1789153625559,249
1789153625579,250
1789153625647,249
1789153625688,250
1789153625753,251
1789153625813,250
1789153625993,249
1789153626114,250
1789153626134,251
1789153626145,250
1789153626154,251
1789153626325,252
1789153626336,251
1789153626370,252
1789153626536,251
1789153626704,250
1789153626846,249
1789153627010,248
1789153627178,249
1789153627187,248
1789153627286,249
1789153627306,250
1789153627327,251
1789153627342,250
1789153627411,251
1789153627523,250
1789153627676,249
1789153627830,248
1789153627886,249
1789153627907,250
1789153627940,251
1789153627962,252
1789153628014,251
1789153628176,250
1789153628194,251
1789153628215,252
1789153628256,253
1789153628377,252
1789153628450,253
1789153628555,252
1789153628620,253
1789153628641,254
1789153628705,255
1789153628711,254
1789153628726,255
1789153628748,256
1789153628769,257
1789153628790,258
1789153628812,259
1789153628892,260
1789153628897,261
1789153628900,260
1789153629059,259
1789153629218,258
1789153629227,259
1789153629420,258
1789153629542,259
1789153629585,260
1789153629592,259
1789153629608,260
1789153629629,261
1789153629649,262
1789153629713,263
1789153629777,262
1789153629979,263
1789153629990,264
1789153630004,263
1789153630011,264
1789153630062,265
1789153630082,266
1789153630148,267
1789153630169,266
1789153630297,267
1789153630344,266
1789153630427,267
1789153630449,268
1789153630469,269
1789153630512,270
1789153630531,269
1789153630594,270
1789153630616,271
1789153630700,270
1789153630743,271
1789153630765,272
1789153630787,273
1789153630850,274
1789153630870,275
1789153630871,274
1789153630891,275
1789153630912,276
1789153631059,277
1789153631061,276
1789153631082,277
1789153631130,278
1789153631238,279
1789153631244,278
1789153631447,277
1789153631560,278
1789153631685,279
1789153631707,280
1789153631707,279
1789153631759,280
1789153631783,281
1789153631869,282
1789153631887,281
1789153631891,282
1789153632019,283
1789153632041,284
1789153632050,283
1789153632061,284
1789153632103,285
1789153632246,284
1789153632417,283
1789153632655,282
1789153632765,283
1789153632786,284
1789153632809,285
1789153632893,286
1789153632903,285
1789153632949,286
1789153633080,285
1789153633253,284
1789153633287,285
1789153633307,286
1789153633454,285
1789153633617,284
1789153633779,283
1789153633815,284
1789153633836,285
1789153633856,286
1789153633877,287
1789153633968,286
1789153634108,287
1789153634134,286
1789153634193,287
1789153634306,286
1789153634383,287
1789153634405,288
1789153634518,287
1789153634705,286
1789153634893,285
1789153634999,286
1789153635079,285
1789153635152,286
1789153635219,287
1789153635281,286
1789153635431,287
1789153635450,286
1789153635636,285
1789153635827,284
1789153635985,283
1789153636051,284
1789153636073,285
1789153636093,286
1789153636129,285
1789153636266,286
1789153636288,287
1789153636318,286
1789153636479,287
1789153636501,288
1789153636511,287
1789153636698,286
1789153636886,285
1789153637048,284
1789153637103,285
1789153637124,286
1789153637217,285
1789153637348,286
1789153637375,285
1789153637452,286
1789153637474,287
1789153637499,286
1789153637538,287
1789153637633,286
1789153637645,287
1789153637750,288
1789153637799,287
1789153637845,288
1789153637949,287
1789153637973,288
1789153637994,289
1789153638015,290
1789153638038,291
1789153638078,292
1789153638084,291
1789153638259,290
1789153638282,291
1789153638345,292
1789153638409,291
1789153638517,292
1789153638560,293
1789153638579,292
1789153638581,293
1789153638839,292
1789153638926,293
1789153639021,292
1789153639188,291
1789153639384,290
1789153639551,289
1789153639712,288
1789153639752,289
1789153639774,290
1789153639830,291
1789153639851,292
1789153639935,291
1789153640061,292
1789153640092,291
1789153640209,292
1789153640228,291
1789153640273,292
1789153640433,291
1789153640479,292
1789153640585,293
1789153640599,292
1789153640752,291
1789153640838,292
1789153640913,293
1789153640935,294
1789153640937,293
1789153640955,294
1789153640976,295
1789153641110,294
1789153641126,295
1789153641148,296
1789153641171,297
1789153641255,298
1789153641318,297
1789153641541,296
1789153641729,295
1789153641892,294
1789153641935,295
1789153642037,296
1789153642077,295
1789153642101,296
1789153642237,295
1789153642269,296
1789153642391,295
1789153642594,294
1789153642739,293
1789153642794,294
1789153642815,295
1789153642836,296
1789153642883,295
1789153642962,296
1789153643076,295
1789153643112,296
1789153643195,297
1789153643246,296
1789153643302,297
1789153643323,298
1789153643412,297
1789153643581,296
1789153643629,297
1789153643650,298
1789153643670,299
1789153643727,298
1789153643871,297
1789153643947,298
1789153643967,299
1789153643996,300
1789153644028,299
1789153644103,300
1789153644159,299
1789153644210,300
1789153644290,299
1789153644335,300
1789153644454,299
1789153644533,300
1789153644593,299
1789153644739,298
1789153644907,297
1789153645052,296
1789153645201,295
1789153645371,294
1789153645536,293
1789153645686,292
1789153645851,291
1789153645982,290
1789153646116,289
1789153646346,288
1789153646566,287
1789153646822,286
1789153647016,285
1789153647174,284
1789153647348,283
1789153647534,282
1789153647678,281
1789153647834,280
1789153648021,279
1789153648166,278
1789153648306,277
1789153648498,276
1789153648694,275
1789153648901,274
1789153649095,273
1789153649251,272
1789153649410,271
1789153649619,270
1789153649789,269
1789153649980,268
1789153650171,267
1789153650317,266
1789153650500,265
1789153650690,264
1789153650831,263
1789153650974,262
1789153651140,261
1789153651339,260
1789153651525,259
1789153651720,258
1789153651878,257
1789153652019,256
1789153652198,255
1789153652348,254
1789153652502,253
1789153652672,252
1789153652833,251
1789153653015,250
1789153653221,249
1789153653424,248
1789153653621,247
1789153653833,246
1789153654023,245
1789153654186,244
1789153654367,243
1789153654518,242
1789153654660,241
1789153654830,240
1789153654980,239
1789153655122,238
1789153655294,237
1789153655452,236
1789153655596,235
1789153655775,234
1789153655907,233
1789153656056,232
1789153656252,231
1789153656436,230
1789153656619,229
1789153656801,228
1789153656957,227
1789153657104,226
1789153657282,225
1789153657434,224
1789153657618,223
1789153657789,222
1789153657953,221
1789153658151,220
1789153658314,219
1789153658476,218
1789153658688,217
1789153658859,216
1789153659036,215
1789153659197,214
1789153659341,213
1789153659474,212
1789153659650,211
1789153659804,210
1789153659964,209
1789153660131,208
1789153660290,207
1789153660433,206
1789153660600,205
1789153660742,204
1789153660871,203
1789153661041,202
1789153661181,201
1789153661341,200
1789153661553,199
1789153661738,198
1789153661878,197
1789153662047,196
1789153662190,195
1789153662333,194
1789153662505,193
1789153662659,192
1789153662833,191
1789153663105,190
1789153663282,189
1789153663469,188
1789153663658,187
1789153663850,186
1789153664024,185
1789153664192,184
1789153664345,183
1789153664491,182
1789153664673,181
1789153664829,180
1789153664996,179
1789153665222,178
1789153665372,177
1789153665517,176
1789153665704,175
1789153665838,174
1789153665974,173
1789153666140,172
1789153666311,171
1789153666470,170
1789153666678,169
1789153666844,168
1789153666994,167
1789153667156,166
1789153667320,165
1789153667499,164
1789153667697,163
1789153667843,162
1789153667982,161
1789153668144,160
1789153668299,159
1789153668457,158
1789153668628,157
1789153668774,156
1789153668925,155
1789153669116,154
1789153669313,153
1789153669496,152
1789153669663,151
1789153669799,150
1789153669939,149
1789153670086,148
1789153670221,147
1789153670346,146
1789153670501,145
1789153670634,144
1789153670766,143
1789153670937,142
1789153671079,141
1789153671219,140
1789153671420,139
1789153671589,138
1789153671747,137
1789153671910,136
1789153672053,135
1789153672183,134
1789153672347,133
1789153672487,132
1789153672627,131
1789153672796,130
1789153672933,129
1789153673067,128
1789153673219,127
1789153673360,126
1789153673498,125
1789153673663,124
1789153673806,123
1789153673950,122
1789153674155,121
1789153674312,120
1789153674454,119
1789153674629,118
1789153674764,117
1789153674891,116
1789153675048,115
1789153675191,114
1789153675330,113
1789153675497,112
1789153675636,111
1789153675763,110
1789153675930,109
1789153676067,108
1789153676202,107
1789153676357,106
1789153676557,105
1789153676727,104
1789153676871,103
1789153677033,102
1789153677161,101
1789153677296,100
1789153677469,99
1789153677620,98
1789153677754,97
1789153677919,96
1789153678056,95
1789153678184,94
1789153678342,93
1789153678475,92
1789153678613,91
1789153678778,90
1789153678904,89
1789153679051,88
1789153679217,87
1789153679363,86
1789153679501,85
1789153679653,84
1789153679797,83
1789153679939,82
1789153680132,81
1789153680299,80
1789153680444,79
1789153680621,78
1789153680755,77
1789153680894,76
1789153681060,75
1789153681186,74
1789153681334,73
1789153681547,72
1789153681748,71
1789153681888,70
1789153682040,69
1789153682172,68
1789153682311,67
1789153682471,66
1789153682603,65
1789153682737,64
1789153682895,63
1789153683001,62
1789153683111,61
1789153683247,60
1789153683359,59
1789153683472,58
1789153683595,57
1789153683731,56
1789153683845,55
1789153683959,54
1789153684075,53
1789153684234,52
1789153684371,51
1789153684513,50
1789153684621,49
1789153684764,48
1789153684885,47
1789153685014,46
1789153685117,45
1789153685234,44
1789153685339,43
1789153685437,42
1789153685535,41
1789153685631,40
1789153685752,39
1789153685848,38
1789153685942,37
1789153686037,36
1789153686134,35
1789153686244,34
1789153686370,33
1789153686499,32
1789153686623,31
1789153686726,30
1789153686850,29
1789153686944,28
1789153687043,27
1789153687140,26
1789153687236,25
1789153687346,24
1789153687446,23
1789153687541,22
1789153687638,21
1789153687733,20
1789153687850,19
1789153687949,18
1789153688045,17
1789153688142,16
1789153688237,15
1789153688346,14
1789153688445,13
1789153688546,12
1789153688639,11
1789153688739,10
1789153688861,9
1789153688963,8
1789153689062,7
1789153689163,6
1789153689263,5
1789153689383,4
1789153689481,3
1789153689583,2
1789153689680,1
1789153689774,0
1789656104586,1
1789656104598,0
1789656105009,1
1789656105009,0
1789656105279,1
1789656105279,0
1789656105515,1
1789656105515,0
1789656105729,1
1789656105729,0
1789656105953,1
1789656105953,0
1789656106210,1
1789656106210,0
1789656106453,1
1789656106453,0
1789656106676,1
1789656106676,0
1789656106878,1
1789656106878,0
1789656107089,1
1789656107089,0
1789656107293,1
1789656107293,0
1789656107522,1
1789656107522,0
1789656107717,1
1789656107717,0
1789656107923,1
1789656107923,0
1789656108152,1
1789656108152,0
1789656108365,1
1789656108365,0
1789656108577,1
1789656108578,0
1789656108793,1
1789656108793,0
1789656109006,1
1789656109006,0
1789656109219,1
1789656109219,0
1789656109433,1
1789656109433,0
1789656109652,1
1789656109652,0
1789656109856,1
1789656109856,0
1789656110067,1
1789656110067,0
1789656110279,1
1789656110279,0
1789656110490,1
1789656110490,0
1789656110722,1
1789656110722,0
1789656110915,1
1789656110915,0
1789656111180,1
1789656111180,0
1789656111376,1
1789656111376,0
1789656111587,1
1789656111587,0
1789656111847,1
1789656111854,0
1789656112096,1
1789656112096,0
1789656112305,1
1789656112306,0
1789656112515,1
1789656112515,0
1789656112735,1
1789656112735,0
1789656112944,1
1789656112944,0
1789656113162,1
1789656113162,0
1789656113371,1
1789656113372,0
1789656113589,1
1789656113589,0
1789656113800,1
1789656113800,0
1789656114003,1
1789656114003,0
1789656114221,1
1789656114221,0
1789656114433,1
1789656114433,0
1789656114641,1
1789656114641,0
1789656114853,1
1789656114853,0
1789656115073,1
1789656115073,0
1789656115284,1
1789656115284,0
1789656115487,1
1789656115487,0
1789656115721,1
1789656115721,0
1789656115964,1
1789656115964,0
1789656116171,1
1789656116171,0
1789656116386,1
1789656116386,0
1789656116592,1
1789656116592,0
1789656116795,1
1789656116795,0
1789656117068,1
1789656117068,0
1789656117374,1
1789656117375,0
1789656117623,1
1789656117623,0
1789656117919,1
1789656117919,0
1789656118224,1
1789656118224,0
1789656118519,1
1789656118519,0
1789656118823,1
1789656118823,0
1789656119118,1
1789656119121,0
1789656119426,1
1789656119426,0
1789656119697,1
1789656119697,0
1789656119982,1
1789656119982,0
1789656120275,1
1789656120275,0
1789656120575,1
1789656120575,0
1789656120856,1
1789656120856,0
1789656121140,1
1789656121140,0
1789656121486,1
1789656121486,0
1789656121759,1
1789656121759,0
1789656122027,1
1789656122027,0
1789656122298,1
1789656122298,0
1789656122556,1
1789656122556,0
1789656122828,1
1789656122828,0
1789656123099,1
1789656123099,0
1789656123426,1
1789656123426,0
1789656123675,1
1789656123676,0
1789656123949,1
1789656123949,0
1789656124208,1
1789656124208,0
1789656124475,1
1789656124476,0
1789656124732,1
1789656124732,0
1789656124986,1
1789656124986,0
1789656125311,1
1789656125312,0
1789656125582,1
1789656125582,0
1789656125860,1
1789656125860,0
1789656126148,1
1789656126148,0
1789656126412,1
1789656126412,0
1789656126682,1
1789656126682,0
1789656126934,1
1789656126935,0
1789656127209,1
1789656127209,0
1789656127478,1
1789656127478,0
1789656127734,1
1789656127734,0
1789656127999,1
1789656127999,0
1789656128310,1
1789656128310,0
1789656128572,1
1789656128572,0
1789656128856,1
1789656128856,0
1789656129189,1
1789656129189,0
1789656129483,1
1789656129483,0
1789656129741,1
1789656129741,0
1789656129959,1
1789656129959,0
1789656130191,1
1789656130191,0
1789656130409,1
1789656130409,0
1789656130625,1
1789656130625,0
1789656130824,1
1789656130824,0
1789656131038,1
1789656131038,0
1789656131256,1
1789656131256,0
1789656131468,1
1789656131468,0
1789656131676,1
1789656131676,0
1789656131896,1
1789656131896,0
1789656132114,1
1789656132114,0
1789656132324,1
1789656132324,0
1789656132554,1
1789656132554,0
1789656132774,1
1789656132774,0
1789656133013,1
1789656133013,0
1789656133307,1
1789656133307,0
1789656133555,1
1789656133555,0
1789656133834,1
1789656133834,0
1789656134052,1
1789656134052,0
1789656134276,1
1789656134276,0
1789656134483,1
1789656134483,0
1789656134736,1
1789656134736,0
1789656134935,1
1789656134935,0
1789656135151,1
1789656135151,0
1789656135370,1
1789656135370,0
1789656135581,1
1789656135581,0
1789656135788,1
1789656135788,0
1789656135986,1
1789656135986,0
1789656136193,1
1789656136193,0
1789656136406,1
1789656136406,0
1789656136627,1
1789656136627,0
1789656136845,1
1789656136845,0
1789656137047,1
1789656137048,0
1789656137252,1
1789656137252,0
1789656137474,1
1789656137474,0
1789656137692,1
1789656137692,0
1789656137905,1
1789656137905,0
1789656138144,1
1789656138144,0
1789656138366,1
1789656138366,0
1789656138568,1
1789656138568,0
1789656138767,1
1789656138767,0
1789656138984,1
1789656138984,0
1789656139187,1
1789656139187,0
1789656139417,1
1789656139417,0
1789656139623,1
1789656139623,0
1789656139829,1
1789656139829,0
1789656140039,1
1789656140039,0
1789656140270,1
1789656140270,0
1789656140481,1
1789656140481,0
1789656140707,1
1789656140707,0
1789656140949,1
1789656140949,0
1789656141217,1
1789656141217,0
1789656141428,1
1789656141428,0
1789656141653,1
1789656141653,0
1789656141854,1
1789656141854,0
1789656142055,1
1789656142055,0
1789656142269,1
1789656142269,0
1789656142484,1
1789656142484,0
1789656142700,1
1789656142700,0
1789656142922,1
1789656142922,0
1789656143138,1
1789656143138,0
1789656143366,1
1789656143366,0
1789656143571,1
1789656143571,0
1789656143778,1
1789656143778,0
1789656143979,1
1789656143979,0
1789656144182,1
1789656144182,0
1789656144390,1
1789656144390,0
1789656144604,1
1789656144604,0
1789656144817,1
1789656144817,0
1789656145015,1
1789656145015,0
1789656145226,1
1789656145226,0
1789656145433,1
1789656145433,0
1789656145653,1
1789656145653,0
1789656145866,1
1789656145866,0
1789656146073,1
1789656146073,0
1789656146278,1
1789656146278,0
1789656146494,1
1789656146494,0
1789656146696,1
1789656146696,0
1789656146899,1
1789656146899,0
1789656147106,1
1789656147106,0
1789656147324,1
1789656147324,0
1789656147532,1
1789656147532,0
1789656147735,1
1789656147735,0
1789656147944,1
1789656147944,0
1789656148155,1
1789656148155,0
1789656148390,1
1789656148390,0
1789656148604,1
1789656148604,0
1789656148815,1
1789656148815,0
1789656149030,1
1789656149030,0
1789656149252,1
1789656149253,0
1789656149462,1
1789656149463,0
1789656149671,1
1789656149671,0
1789656149885,1
1789656149885,0
1789656150152,1
1789656150152,0
1789656150356,1
1789656150356,0
1789656150562,1
1789656150562,0
1789656150875,1
1789656150875,0
1789656151092,1
1789656151092,0
1789656151294,1
1789656151294,0
1789656151499,1
1789656151499,0
1789656151709,1
1789656151709,0
1789656151931,1
1789656151931,0
1789656152137,1
1789656152137,0
1789656152341,1
1789656152341,0
1789656152545,1
1789656152545,0
1789656152766,1
1789656152766,0
1789656152970,1
1789656152970,0
1789656153177,1
1789656153177,0
1789656153404,1
1789656153404,0
1789656153613,1
1789656153613,0
1789656153823,1
1789656153823,0
1789656154032,1
1789656154032,0
1789656154239,1
1789656154239,0
1789656154475,1
1789656154475,0
1789656154682,1
1789656154682,0
1789656154896,1
1789656154896,0
1789656155104,1
1789656155104,0
1789656155310,1
1789656155310,0
1789656155540,1
1789656155540,0
1789656155785,1
1789656155785,0
1789656156007,1
1789656156007,0
1789656156217,1
1789656156217,0
1789656156442,1
1789656156442,0
1789656156648,1
1789656156648,0
1789656156854,1
1789656156854,0
1789656157066,1
1789656157066,0
1789656157274,1
1789656157274,0
1789656157483,1
1789656157483,0
1789656157685,1
1789656157685,0
1789656157897,1
1789656157897,0
1789656158092,1
1789656158092,0
1789656158317,1
1789656158317,0
1789656158522,1
1789656158522,0
1789656158729,1
1789656158729,0
1789656158939,1
1789656158939,0
1789656159154,1
1789656159154,0
1789656159365,1
1789656159365,0
1789656159582,1
1789656159582,0
1789656159791,1
1789656159791,0
1789656160009,1
1789656160009,0
1789656160224,1
1789656160224,0
1789656160431,1
1789656160431,0
1789656160634,1
1789656160634,0
1789656160883,1
1789656160883,0
1789656161086,1
1789656161086,0
1789656161294,1
1789656161294,0
1789656161506,1
1789656161506,0
1789656161711,1
1789656161711,0
1789656161926,1
1789656161926,0
1789656162139,1
1789656162139,0
1789656162356,1
1789656162356,0
1789656162571,1
1789656162571,0
1789656162790,1
1789656162790,0
1789656163004,1
1789656163005,0
1789656163217,1
1789656163217,0
1789656163446,1
1789656163446,0
1789656163683,1
1789656163683,0
1789656163883,1
1789656163883,0
1789656164081,1
1789656164081,0
1789656164293,1
1789656164293,0
1789656164501,1
1789656164501,0
1789656164709,1
1789656164709,0
1789656164909,1
1789656164909,0
1789656165112,1
1789656165112,0
1789656165319,1
1789656165319,0
1789656165532,1
1789656165532,0
1789656165741,1
1789656165741,0
1789656165967,1
1789656165967,0
1789656166168,1
1789656166168,0
1789656166370,1
1789656166370,0
1789656166570,1
1789656166570,0
1789656166775,1
1789656166775,0
1789656166987,1
1789656166987,0
1789656167202,1
1789656167202,0
1789656167410,1
1789656167410,0
1789656167642,1
1789656167642,0
1789656167840,1
1789656167840,0
1789656168046,1
1789656168046,0
1789656168261,1
1789656168261,0
1789656168470,1
1789656168470,0
1789656168696,1
1789656168696,0
1789656168908,1
1789656168908,0
1789656169119,1
1789656169119,0
1789656169328,1
1789656169328,0
1789656169522,1
1789656169522,0
1789656169754,1
1789656169754,0
1789656169958,1
1789656169958,0
1789656170166,1
1789656170166,0
1789656170384,1
1789656170384,0
1789656170585,1
1789656170585,0
1789656170821,1
1789656170821,0
1789656171018,1
1789656171018,0
1789656171226,1
1789656171226,0
1789656171438,1
1789656171438,0
1789656171645,1
1789656171645,0
1789656171850,1
1789656171850,0
1789656172064,1
1789656172064,0
1789656172271,1
1789656172271,0
1789656172479,1
1789656172480,0
1789656172690,1
1789656172691,0
1789656172902,1
1789656172902,0
1789656173110,1
1789656173110,0
1789656173334,1
1789656173334,0
1789656173529,1
1789656173529,0
1789656173734,1
1789656173734,0
1789656173939,1
1789656173939,0
1789656174171,1
1789656174171,0
1789656174376,1
1789656174376,0
1789656174580,1
1789656174580,0
1789656174785,1
1789656174785,0
1789656174993,1
1789656174993,0
1789656175199,1
1789656175199,0
1789656175409,1
1789656175409,0
1789656175619,1
1789656175619,0
1789656175838,1
1789656175838,0
1789656176043,1
1789656176043,0
1789656176249,1
1789656176249,0
1789656176454,1
1789656176454,0
1789656176663,1
1789656176663,0
1789656176886,1
1789656176886,0
1789656177094,1
1789656177094,0
1789656177304,1
1789656177304,0
1789656177502,1
1789656177502,0
1789656177714,1
1789656177714,0
1789656177922,1
1789656177922,0
1789656178127,1
1789656178127,0
1789656178344,1
1789656178344,0
1789656178550,1
1789656178550,0
1789656178755,1
1789656178755,0
1789656178961,1
1789656178961,0
1789656179168,1
1789656179168,0
1789656179374,1
1789656179374,0
1789656179592,1
1789656179592,0
1789656179800,1
1789656179800,0
1789656180004,1
1789656180004,0
1789656180228,1
1789656180228,0
1789656180450,1
1789656180450,0
1789656180653,1
1789656180653,0
1789656180873,1
1789656180873,0
1789656181084,1
1789656181084,0
1789656181299,1
1789656181299,0
1789656181515,1
1789656181515,0
1789656181720,1
1789656181720,0
1789656181910,1
1789656181910,0
1789656182133,1
1789656182133,0
1789656182335,1
1789656182335,0
1789656182543,1
1789656182543,0
1789656182742,1
1789656182742,0
1789656182966,1
1789656182966,0
1789656183173,1
1789656183173,0
1789656183384,1
1789656183384,0
1789656183586,1
1789656183586,0
1789656183801,1
1789656183801,0
1789656184014,1
1789656184014,0
1789656184221,1
1789656184221,0
1789656184425,1
1789656184425,0
1789656184634,1
1789656184634,0
1789656184852,1
1789656184852,0
1789656185058,1
1789656185058,0
1789656185268,1
1789656185268,0
1789656185474,1
1789656185474,0
1789656185681,1
1789656185681,0
1789656185903,1
1789656185903,0
1789656186111,1
1789656186111,0
1789656186325,1
1789656186325,0
1789656186537,1
1789656186537,0
1789656186739,1
1789656186739,0
1789656186947,1
1789656186947,0
1789656187159,1
1789656187159,0
1789656187387,1
1789656187387,0
1789656187593,1
1789656187594,0
1789656187804,1
1789656187804,0
1789656188012,1
1789656188012,0
1789656188217,1
1789656188217,0
1789656188443,1
1789656188443,0
1789656188651,1
1789656188651,0
1789656188863,1
1789656188863,0
1789656189064,1
1789656189064,0
1789656189279,1
1789656189279,0
1789656189491,1
1789656189491,0
1789656189699,1
1789656189699,0
1789656189906,1
1789656189906,0
1789656190121,1
1789656190122,0
1789656190327,1
1789656190327,0
1789656190537,1
1789656190537,0
1789656190741,1
1789656190741,0
1789656190973,1
1789656190973,0
1789656191182,1
1789656191182,0
1789656191394,1
1789656191394,0
1789656191605,1
1789656191605,0
1789656191832,1
1789656191832,0
1789656192043,1
1789656192043,0
1789656192254,1
1789656192254,0
1789656192460,1
1789656192460,0
1789656192660,1
1789656192660,0
1789656192868,1
1789656192868,0
1789656193071,1
1789656193071,0
1789656193294,1
1789656193294,0
1789656193502,1
1789656193502,0
1789656193710,1
1789656193710,0
1789656193918,1
1789656193918,0
1789656194124,1
1789656194124,0
1789656194335,1
1789656194335,0
1789656194561,1
1789656194561,0
1789656194769,1
1789656194769,0
1789656194973,1
1789656194973,0
1789656195177,1
1789656195177,0
1789656195383,1
1789656195383,0
1789656195590,1
1789656195590,0
1789656195803,1
1789656195803,0
1789656196007,1
1789656196007,0
1789656196225,1
1789656196225,0
1789656196431,1
1789656196431,0
1789656196644,1
1789656196644,0
1789656196849,1
1789656196849,0
1789656197052,1
1789656197052,0
1789656197269,1
1789656197269,0
1789656197476,1
1789656197476,0
1789656197686,1
1789656197686,0
1789656197889,1
1789656197889,0
1789656198101,1
1789656198101,0
1789656198322,1
1789656198322,0
1789656198519,1
1789656198519,0
1789656198727,1
1789656198727,0
1789656198948,1
1789656198948,0
1789656199149,1
1789656199149,0
1789656199350,1
1789656199350,0
1789656199556,1
1789656199556,0
1789656199767,1
1789656199767,0
1789656199971,1
1789656199971,0
1789656200178,1
1789656200178,0
1789656200382,1
1789656200382,0
1789656200610,1
1789656200610,0
1789656200829,1
1789656200829,0
1789656201030,1
1789656201030,0
1789656201235,1
1789656201235,0
1789656201441,1
1789656201441,0
1789656201655,1
1789656201655,0
1789656201859,1
1789656201859,0
1789656202067,1
1789656202067,0
1789656202276,1
1789656202276,0
1789656202494,1
1789656202494,0
1789656202704,1
1789656202704,0
1789656202910,1
1789656202910,0
1789656203116,1
1789656203116,0
1789656203344,1
1789656203344,0
1789656203540,1
1789656203540,0
1789656203746,1
1789656203746,0
1789656203955,1
1789656203955,0
1789656204182,1
1789656204182,0
1789656204389,1
1789656204389,0
1789656204592,1
1789656204592,0
1789656204805,1
1789656204805,0
1789656205026,1
1789656205026,0
1789656205230,1
1789656205230,0
1789656205436,1
1789656205436,0
1789656205645,1
1789656205645,0
1789656205866,1
1789656205866,0
1789656206061,1
1789656206061,0
1789656206273,1
1789656206273,0
1789656206474,1
1789656206474,0
1789656206693,1
1789656206693,0
1789656206928,1
1789656206928,0
1789656207157,1
1789656207157,0
1789656207376,1
1789656207376,0
1789656207584,1
1789656207584,0
1789656207801,1
1789656207801,0
1789656208004,1
1789656208004,0
1789656208212,1
1789656208212,0
1789656208427,1
1789656208427,0
1789656208647,1
1789656208647,0
1789656208853,1
1789656208853,0
1789656209053,1
1789656209053,0
1789656209256,1
1789656209256,0
1789656209486,1
1789656209486,0
1789656209693,1
1789656209693,0
1789656209896,1
1789656209896,0
1789656210094,1
1789656210094,0
1789656210304,1
1789656210304,0
1789656210511,1
1789656210511,0
1789656210723,1
1789656210723,0
1789656210940,1
1789656210940,0
1789656211145,1
1789656211145,0
1789656211366,1
1789656211366,0
1789656211572,1
1789656211572,0
1789656211782,1
1789656211782,0
1789656211987,1
1789656211987,0
1789656212207,1
1789656212207,0
1789656212417,1
1789656212417,0
1789656212624,1
1789656212624,0
1789656212829,1
1789656212829,0
1789656213050,1
1789656213050,0
1789656213249,1
1789656213249,0
1789656213465,1
1789656213465,0
1789656213663,1
1789656213663,0
1789656213878,1
1789656213878,0
1789656214095,1
1789656214095,0
1789656214301,1
1789656214301,0
1789656214511,1
1789656214511,0
1789656214715,1
1789656214715,0
1789656214920,1
1789656214920,0
1789656215126,1
1789656215126,0
1789656215334,1
1789656215334,0
1789656215546,1
1789656215546,0
1789656215762,1
1789656215762,0
1789656215971,1
1789656215971,0
1789656216174,1
1789656216174,0
1789656216382,1
1789656216382,0
1789656216594,1
1789656216594,0
1789656216799,1
1789656216799,0
1789656217027,1
1789656217027,0
1789656217236,1
1789656217236,0
1789656217455,1
1789656217455,0
1789656217655,1
1789656217655,0
1789656217860,1
1789656217860,0
1789656218071,1
1789656218071,0
1789656218295,1
1789656218295,0
1789656218529,1
1789656218529,0
1789656218731,1
1789656218731,0
1789656218935,1
1789656218935,0
1789656219147,1
1789656219147,0
1789656219356,1
1789656219356,0
1789656219559,1
1789656219559,0
1789656219763,1
1789656219763,0
1789656219974,1
1789656219974,0
1789656220216,1
1789656220216,0
1789656220418,1
1789656220418,0
1789656220631,1
1789656220631,0
1789656220848,1
1789656220848,0
1789656221067,1
1789656221067,0
1789656221291,1
1789656221291,0
1789656221498,1
1789656221498,0
1789656221696,1
1789656221696,0
1789656221911,1
1789656221911,0
1789656222120,1
1789656222120,0
1789656222335,1
1789656222335,0
1789656222542,1
1789656222542,0
1789656222766,1
1789656222766,0
1789656222974,1
1789656222974,0
1789656223184,1
1789656223184,0
1789656223408,1
1789656223408,0
1789656223616,1
1789656223616,0
1789656223826,1
1789656223826,0
1789656224029,1
1789656224029,0
1789656224238,1
1789656224238,0
1789656224448,1
1789656224448,0
1789656224657,1
1789656224657,0
1789656224862,1
1789656224862,0
1789656225069,1
1789656225069,0
1789656225272,1
1789656225272,0
1789656225492,1
1789656225492,0
1789656225696,1
1789656225696,0
1789656225917,1
1789656225917,0
1789656226111,1
1789656226111,0
1789656226330,1
1789656226330,0
1789656226534,1
1789656226534,0
1789656226738,1
1789656226738,0
1789656226939,1
1789656226939,0
1789656227174,1
1789656227174,0
1789656227368,1
1789656227368,0
1789656227576,1
1789656227576,0
1789656227783,1
1789656227783,0
1789656227982,1
1789656227982,0
1789656228189,1
1789656228189,0
1789656228410,1
1789656228410,0
1789656228605,1
1789656228605,0
1789656228809,1
1789656228809,0
1789656229025,1
1789656229025,0
1789656229234,1
1789656229234,0
1789656229444,1
1789656229444,0
1789656229652,1
1789656229652,0
1789656229863,1
1789656229863,0
1789656230067,1
1789656230067,0
1789656230275,1
1789656230275,0
1789656230494,1
1789656230494,0
1789656230719,1
1789656230719,0
1789656230933,1
1789656230933,0
1789656231124,1
1789656231124,0
1789656231330,1
1789656231330,0
1789656231553,1
1789656231553,0
1789656231762,1
1789656231762,0
1789656231969,1
1789656231969,0
1789656232177,1
1789656232177,0
1789656232388,1
1789656232388,0
1789656232590,1
1789656232590,0
1789656232794,1
1789656232794,0
1789656232998,1
1789656232998,0
1789656233201,1
1789656233201,0
1789656233432,1
1789656233432,0
1789656233622,0
1789656233622,0
1789656233827,1
1789656233827,0
1789656234030,1
1789656234030,0
1789656234248,1
1789656234248,0
1789656234453,1
1789656234453,0
1789656234659,1
1789656234659,0
1789656234868,1
1789656234868,0
1789656235090,1
1789656235090,0
1789656235298,1
1789656235298,0
1789656235499,1
1789656235499,0
1789656235733,1
1789656235733,0
1789656235968,1
1789656235968,0
1789656236164,1
1789656236164,0
1789656236365,1
1789656236365,0
1789656236570,1
1789656236570,0
1789656236776,1
1789656236776,0
1789656236978,1
1789656236978,0
1789656237187,1
1789656237187,0
1789656237415,1
1789656237415,0
1789656237606,1
1789656237606,0
1789656237805,1
1789656237805,0
1789656238008,1
1789656238008,0
1789656238198,1
1789656238198,0
1789656238409,1
1789656238409,0
1789656238610,1
1789656238610,0
1789656238802,1
1789656238802,0
1789656239012,1
1789656239012,0
1789656239220,1
1789656239220,0
1789656239429,1
1789656239429,0
1789656239641,1
1789656239641,0
1789656239852,1
1789656239852,0
1789656240052,1
1789656240052,0
1789656240263,1
1789656240263,0
1789656240489,1
1789656240489,0
1789656240699,1
1789656240699,0
1789656240916,1
1789656240916,0
1789656241119,1
1789656241119,0
1789656241335,1
1789656241335,0
1789656241534,1
1789656241534,0
1789656241745,1
1789656241745,0
1789656241949,1
1789656241949,0
1789656242161,1
1789656242161,0
1789656242376,1
1789656242376,0
1789656242589,1
1789656242589,0
1789656242804,1
1789656242804,0
1789656243008,1
1789656243008,0
1789656243211,1
1789656243211,0
1789656243427,1
1789656243427,0
1789656243622,1
1789656243622,0
1789656243841,1
1789656243841,0
1789656244043,1
1789656244043,0
1789656244247,1
1789656244247,0
1789656244457,1
1789656244457,0
1789656244677,1
1789656244677,0
1789656244882,1
1789656244882,0
1789656245086,1
1789656245086,0
1789656245291,1
1789656245291,0
1789656245501,1
1789656245501,0
1789656245711,1
1789656245711,0
1789656245927,1
1789656245927,0
1789656246123,1
1789656246123,0
1789656246327,1
1789656246327,0
1789656246540,1
1789656246540,0
1789656246750,1
1789656246750,0
1789656246951,1
1789656246951,0
1789656247159,1
1789656247159,0
1789656247382,1
1789656247382,0
1789656247615,1
1789656247615,0
1789656247826,1
1789656247826,0
1789656248033,1
1789656248033,0
1789656248254,1
1789656248254,0
1789656248469,1
1789656248469,0
1789656248664,1
1789656248664,0
1789656248868,1
1789656248868,0
1789656249082,1
1789656249082,0
1789656249291,1
1789656249291,0
1789656249498,1
1789656249498,0
1789656249705,1
1789656249705,0
1789656249909,1
1789656249909,0
1789656250115,1
1789656250115,0
1789656250324,1
1789656250324,0
1789656250537,1
1789656250537,0
1789656250746,1
1789656250746,0
1789656250973,1
1789656250973,0
1789656251166,1
1789656251166,0
1789656251369,1
1789656251369,0
1789656251573,1
1789656251573,0
1789656251795,1
1789656251795,0
1789656251991,1
1789656251991,0
1789656252205,1
1789656252205,0
1789656252408,1
1789656252408,0
1789656252640,1
1789656252640,0
1789656252851,1
1789656252851,0
1789656253059,1
1789656253059,0
1789656253260,1
1789656253260,0
1789656253489,1
1789656253489,0
1789656253703,1
1789656253703,0
1789656253911,1
1789656253911,0
1789656254123,1
1789656254123,0
1789656254329,1
1789656254329,0
1789656254540,1
1789656254540,0
1789656254747,1
1789656254747,0
1789656254958,1
1789656254958,0
1789656255165,1
1789656255165,0
1789656255377,1
1789656255377,0
1789656255591,1
1789656255591,0
1789656255795,1
1789656255795,0
1789656256009,1
1789656256009,0
1789656256210,1
1789656256210,0
1789656256422,1
1789656256422,0
1789656256632,1
1789656256632,0
1789656256842,1
1789656256842,0
1789656257051,1
1789656257051,0
1789656257253,1
1789656257253,0
1789656257462,1
1789656257462,0
1789656257675,1
1789656257675,0
1789656257894,1
1789656257894,0
1789656258100,1
1789656258100,0
1789656258305,1
1789656258305,0
1789656258522,1
1789656258522,0
1789656258729,1
1789656258729,0
1789656258938,1
1789656258938,0
1789656259141,1
1789656259141,0
1789656259356,1
1789656259356,0
1789656259565,1
1789656259565,0
1789656259778,1
1789656259778,0
1789656259982,1
1789656259982,0
1789656260187,1
1789656260187,0
1789656260392,1
1789656260392,0
1789656260608,1
1789656260608,0
1789656260815,1
1789656260815,0
1789656261036,1
1789656261036,0
1789656261239,1
1789656261239,0
1789656261458,1
1789656261458,0
1789656261670,1
1789656261670,0
1789656261875,1
1789656261875,0
1789656262083,1
1789656262083,0
1789656262312,1
1789656262312,0
1789656262521,1
1789656262521,0
1789656262720,1
1789656262720,0
1789656262920,1
1789656262920,0
1789656263120,1
1789656263120,0
1789656263330,1
1789656263330,0
1789656263544,1
1789656263544,0
1789656263751,1
1789656263751,0
1789656263948,1
1789656263948,0
1789656264165,1
1789656264165,0
1789656264367,1
1789656264367,0
1789656264578,1
1789656264578,0
1789656264783,1
1789656264783,0
1789656265000,1
1789656265000,0
1789656265209,1
1789656265209,0
1789656265420,1
1789656265420,0
1789656265628,1
1789656265628,0
1789656265843,1
1789656265843,0
1789656266061,1
1789656266061,0
1789656266264,1
1789656266264,0
1789656266469,1
1789656266469,0
1789656266680,1
1789656266680,0
1789656266884,1
1789656266884,0
1789656267090,1
1789656267090,0
1789656267293,1
1789656267293,0
1789656267504,1
1789656267504,0
1789656267720,0
1789656267720,0
1789656267947,1
1789656267947,0
1789656268153,1
1789656268153,0
1789656268363,1
1789656268363,0
1789656268590,1
1789656268590,0
1789656268794,1
1789656268794,0
1789656268998,1
1789656268998,0
1789656269206,1
1789656269206,0
1789656269416,1
1789656269416,0
1789656269628,1
1789656269628,0
1789656269833,1
1789656269833,0
1789656270042,1
1789656270042,0
1789656270261,1
1789656270261,0
1789656270471,1
1789656270471,0
1789656270682,1
1789656270682,0
1789656270887,1
1789656270887,0
1789656271104,1
1789656271104,0
1789656271312,1
1789656271312,0
1789656271526,1
1789656271526,0
1789656271738,1
1789656271739,0
1789656271949,1
1789656271949,0
1789656272157,1
1789656272157,0
1789656272358,0
1789656272358,0
1789656272567,1
1789656272567,0
1789656272758,1
1789656272758,0
1789656272974,1
1789656272974,0
1789656273185,1
1789656273185,0
1789656273379,1
1789656273379,0
1789656273612,1
1789656273612,0
1789656273828,1
1789656273828,0
1789656274037,1
1789656274037,0
1789656274244,1
1789656274245,0
1789656274453,1
1789656274453,0
1789656274664,1
1789656274664,0
1789656274876,1
1789656274876,0
1789656275080,1
1789656275080,0
1789656275285,1
1789656275285,0
1789656275518,1
1789656275518,0
1789656275728,1
1789656275728,0
1789656275935,1
1789656275935,0
1789656276156,1
1789656276156,0
1789656276359,1
1789656276359,0
1789656276563,1
1789656276563,0
1789656276777,1
1789656276777,0
1789656276986,1
1789656276986,0
1789656277193,1
1789656277193,0
1789656277406,1
1789656277406,0
1789656277650,1
1789656277650,0
1789656277872,1
1789656277872,0
1789656278100,1
1789656278100,0
1789656278296,1
1789656278296,0
1789656278513,1
1789656278513,0
1789656278713,1
1789656278713,0
1789656278915,1
1789656278915,0
1789656279138,1
1789656279138,0
1789656279347,1
1789656279347,0
1789656279550,1
1789656279550,0
1789656279755,1
1789656279755,0
1789656279963,1
1789656279963,0
1789656280172,1
1789656280172,0
1789656280384,1
1789656280384,0
1789656280592,1
1789656280592,0
1789656280796,1
1789656280796,0
1789656281019,1
1789656281019,0
1789656281215,1
1789656281215,0
1789656281421,1
1789656281421,0
1789656281632,1
1789656281632,0
1789656281848,1
1789656281848,0
1789656282054,1
1789656282054,0
1789656282260,1
1789656282260,0
1789656282465,1
1789656282465,0
1789656282683,1
1789656282683,0
1789656282888,1
1789656282888,0
1789656283110,1
1789656283110,0
1789656283318,1
1789656283318,0
1789656283541,1
1789656283541,0
1789656283739,1
1789656283739,0
1789656283955,1
1789656283955,0
1789656284163,1
1789656284163,0
1789656284393,1
1789656284393,0
1789656284616,1
1789656284616,0
1789656284822,1
1789656284822,0
1789656285032,1
1789656285032,0
1789656285247,1
1789656285247,0
1789656285454,1
1789656285454,0
1789656285668,1
1789656285668,0
1789656285877,1
1789656285877,0
1789656286093,1
1789656286093,0
1789656286306,1
1789656286306,0
1789656286511,1
1789656286511,0
1789656286714,1
1789656286714,0
1789656286917,1
1789656286917,0
1789656287137,1
1789656287137,0
1789656287329,1
1789656287329,0
1789656287536,1
1789656287536,0
1789656287739,1
1789656287739,0
1789656287965,1
1789656287965,0
1789656288170,1
1789656288170,0
1789656288390,1
1789656288390,0
1789656288632,1
1789656288632,0
1789656288860,1
1789656288860,0
1789656289060,1
1789656289060,0
1789656289271,1
1789656289271,0
1789656289485,1
1789656289485,0
1789656289686,1
1789656289686,0
1789656289896,1
1789656289896,0
1789656290093,1
1789656290093,0
1789656290304,1
1789656290304,0
1789656290516,1
1789656290516,0
1789656290733,1
1789656290733,0
1789656290937,1
1789656290937,0
1789656291162,1
1789656291162,0
1789656291369,1
1789656291369,0
1789656291594,1
1789656291594,0
1789656291801,1
1789656291801,0
1789656292010,1
1789656292011,0
1789656292217,1
1789656292217,0
1789656292446,1
1789656292446,0
1789656292657,1
1789656292657,0
1789656292870,1
1789656292870,0
1789656293081,1
1789656293081,0
1789656293302,1
1789656293302,0
1789656293528,1
1789656293528,0
1789656293722,1
1789656293722,0
1789656293920,1
1789656293920,0
1789656294131,1
1789656294131,0
1789656294342,1
1789656294342,0
1789656294548,1
1789656294548,0
1789656294751,1
1789656294751,0
1789656294955,1
1789656294955,0
1789656295172,1
1789656295172,0
1789656295381,1
1789656295381,0
1789656295583,1
1789656295583,0
1789656295789,1
1789656295789,0
1789656296011,1
1789656296011,0
1789656296217,1
1789656296217,0
1789656296425,1
1789656296425,0
1789656296631,1
1789656296631,0
1789656296843,1
1789656296843,0
1789656297047,1
1789656297047,0
1789656297254,1
1789656297254,0
1789656297463,1
1789656297463,0
1789656297688,1
1789656297688,0
1789656297896,1
1789656297896,0
1789656298093,1
1789656298093,0
1789656298302,1
1789656298302,0
1789656298545,1
1789656298545,0
1789656298761,1
1789656298761,0
1789656298965,1
1789656298965,0
1789656299169,1
1789656299169,0
1789656299378,1
1789656299378,0
1789656299581,1
1789656299581,0
1789656299785,1
1789656299785,0
1789656299995,1
1789656299995,0
1789656300215,1
1789656300215,0
1789656300465,1
1789656300465,0
1789656300669,1
1789656300669,0
1789656300875,1
1789656300875,0
1789656301094,1
1789656301094,0
1789656301309,1
1789656301309,0
1789656301518,1
1789656301518,0
1789656301726,1
1789656301726,0
1789656301937,1
1789656301937,0
1789656302160,1
1789656302160,0
1789656302374,1
1789656302374,0
1789656302582,1
1789656302582,0
1789656302789,1
1789656302789,0
1789656302995,1
1789656302995,0
1789656303208,1
1789656303208,0
1789656303414,1
1789656303414,0
1789656303642,1
1789656303642,0
1789656303847,1
1789656303847,0
1789656304065,1
1789656304065,0
1789656304276,1
1789656304276,0
1789656304491,1
1789656304491,0
1789656304695,1
1789656304695,0
1789656304912,1
1789656304912,0
1789656305118,1
1789656305118,0
1789656305322,1
1789656305322,0
1789656305528,1
1789656305528,0
1789656305751,1
1789656305751,0
1789656305946,1
1789656305946,0
1789656306181,1
1789656306181,0
1789656306387,1
1789656306387,0
1789656306591,1
1789656306591,0
1789656306804,1
1789656306804,0
1789656307005,1
1789656307005,0
1789656307215,1
1789656307215,0
1789656307463,1
1789656307468,0
1789656307712,1
1789656307712,0
1789656307918,1
1789656307918,0
1789656308133,1
1789656308133,0
1789656308342,1
1789656308342,0
1789656308546,1
1789656308546,0
1789656308764,1
1789656308764,0
1789656308965,1
1789656308965,0
1789656309166,1
1789656309166,0
1789656309380,1
1789656309380,0
1789656309591,1
1789656309591,0
1789656309796,1
1789656309796,0
1789656310006,1
1789656310006,0
1789656310216,1
1789656310216,0
1789656310432,1
1789656310432,0
1789656310657,1
1789656310657,0
1789656310869,1
1789656310869,0
1789656311083,1
1789656311083,0
1789656311279,1
1789656311279,0
1789656311482,1
1789656311482,0
1789656311689,0
1789656311689,0
1789656311894,1
1789656311894,0
1789656312114,1
1789656312114,0
1789656312313,1
1789656312313,0
1789656312522,1
1789656312522,0
1789656312735,1
1789656312735,0
1789656312949,1
1789656312949,0
1789656313154,1
1789656313154,0
1789656313364,1
1789656313364,0
1789656313583,1
1789656313583,0
1789656313789,1
1789656313789,0
1789656313991,1
1789656313991,0
1789656314197,1
1789656314197,0
1789656314408,1
1789656314408,0
1789656314637,1
1789656314637,0
1789656314844,1
1789656314844,0
1789656315051,1
1789656315051,0
1789656315258,1
1789656315258,0
1789656315482,1
1789656315482,0
1789656315687,1
1789656315687,0
1789656315886,1
1789656315886,0
1789656316100,1
1789656316100,0
1789656316293,1
1789656316293,0
1789656316505,1
1789656316505,0
1789656316715,1
1789656316715,0
1789656316919,1
1789656316919,0
1789656317126,1
1789656317126,0
1789656317330,1
1789656317330,0
1789656317538,1
1789656317538,0
1789656317739,1
1789656317740,0
1789656317940,1
1789656317940,0
1789656318149,1
1789656318149,0
1789656318364,1
1789656318364,0
1789656318635,1
1789656318635,0
1789656318880,1
1789656318880,0
1789656319184,1
1789656319184,0
1789656319534,1
1789656319534,0
1789656319849,1
1789656319849,0
1789656320131,1
1789656320131,0
1789656320426,1
1789656320426,0
1789656320692,1
1789656320692,0
1789656320958,1
1789656320958,0
1789656321294,1
1789656321294,0
1789656321550,1
1789656321550,0
1789656321814,1
1789656321814,0
1789656322046,1
1789656322046,0
1789656322275,1
1789656322275,0
1789656322541,1
1789656322541,0
1789656322739,1
1789656322739,0
1789656323033,1
1789656323033,0
1789656323351,1
1789656323351,0
1789656323668,1
1789656323668,0
1789656323973,1
1789656323973,0
1789656324257,1
1789656324257,0
1789656324527,1
1789656324527,0
1789656324801,1
1789656324801,0
1789656325086,1
1789656325086,0
1789656325370,1
1789656325370,0
1789656325758,1
1789656325758,0
1789656326076,1
1789656326076,0
1789656326426,1
1789656326426,0
1789656326723,1
1789656326723,0
1789656326961,1
1789656326961,0
1789656327203,1
1789656327203,0
1789656327473,1
1789656327473,0
1789656327742,1
1789656327742,0
1789656328003,1
1789656328003,0
1789656328293,1
1789656328293,0
1789656328575,1
1789656328575,0
1789656328860,1
1789656328860,0
1789656329140,1
1789656329140,0
1789656329425,1
1789656329425,0
1789656329714,1
1789656329714,0
1789656329999,1
1789656329999,0
1789656330280,1
1789656330280,0
1789656330546,1
1789656330546,0
1789656330814,1
1789656330814,0
1789656331099,1
1789656331099,0
1789656331411,1
1789656331411,0
1789656331672,1
1789656331672,0
1789656331977,1
1789656331977,0
1789656332268,1
1789656332268,0
1789656332554,1
1789656332554,0
1789656332830,1
1789656332830,0
1789656333082,1
1789656333082,0
1789656333348,1
1789656333348,0
1789656333645,1
1789656333645,0
1789656333932,1
1789656333932,0
1789656334189,1
1789656334189,0
1789656334458,1
1789656334458,0
1789656334717,1
1789656334717,0
1789656334972,1
1789656334972,0
1789656335253,1
1789656335253,0
1789656335522,1
1789656335522,0
1789656335805,1
1789656335805,0
1789656336102,1
1789656336102,0
1789656336391,1
1789656336391,0
1789656336667,1
1789656336667,0
1789656336956,1
1789656336956,0
1789656337240,1
1789656337240,0
1789656337511,1
1789656337511,0
1789656337800,1
1789656337800,0
1789656338082,1
1789656338082,0
1789656338353,1
1789656338353,0
1789656338638,1
1789656338638,0
1789656338925,1
1789656338925,0
1789656339185,1
1789656339185,0
1789656339462,1
1789656339462,0
1789656339743,1
1789656339743,0
1789656340014,1
1789656340014,0
1789656340285,1
1789656340285,0
1789656340579,1
1789656340579,0
1789656340866,1
1789656340866,0
1789656341153,1
1789656341153,0
1789656341454,1
1789656341454,0
1789656341746,1
1789656341746,0
1789656342035,1
1789656342035,0
1789656342300,1
1789656342300,0
1789656448388,1
1789656448388,0
1789656449572,1
1789656449572,0
1789656450493,1
1789656450493,0
1789656451296,1
1789656451296,0
1789656451950,1
1789656451950,0
1789656452469,1
1789656452469,0
1789656453010,1
1789656453010,0
1789656454026,1
1789656454026,0
1789656454670,0
1789656454670,0
1789656455350,1
1789656455350,0
1789656455748,1
1789656455748,0
1789656456151,1
1789656456151,0
1789656456560,1
1789656456560,0
1789656456929,1
1789656456929,0
1789656457328,1
1789656457328,0
1789656457745,1
1789656457745,0
1789656458156,1
1789656458156,0
1789656458562,1
1789656458562,0
1789656458976,1
1789656458976,0
1789656459347,1
1789656459347,0
1789656459730,1
1789656459730,0
1789656460061,1
1789656460061,0
1789656460387,1
1789656460387,0
1789656460729,1
1789656460729,0
1789656461094,1
1789656461094,0
1789656461484,1
1789656461484,0
1789656461865,1
1789656461865,0
1789656462237,1
1789656462237,0
1789656462602,1
1789656462602,0
1789656462914,1
1789656462914,0
1789656463237,1
1789656463237,0
1789656463730,1
1789656463730,0
1789656464229,1
1789656464229,0
1789656464561,1
1789656464561,0
1789656464889,1
1789656464889,0
1789656465182,1
1789656465182,0
1789656465534,1
1789656465534,0
1789656465807,1
1789656465807,0
1789656466080,1
1789656466080,0
1789656466402,1
1789656466402,0
1789656466730,1
1789656466730,0
1789656467016,1
1789656467016,0
1789656467263,1
1789656467263,0
1789656467644,1
1789656467644,0
1789656467872,1
1789656467872,0
1789656468093,1
1789656468093,0
1789656468364,1
1789656468364,0
1789656468904,1
1789656468904,0
1789656469238,1
1789656469238,0
1789656469555,1
1789656469555,0
1789656469865,1
1789656469865,0
1789656470154,1
1789656470154,0
1789656470449,1
1789656470449,0
1789656470751,1
1789656470751,0
1789656471027,1
1789656471027,0
1789656471460,1
1789656471460,0
1789656471931,1
1789656471931,0
1789656472315,1
1789656472315,0
1789656472635,1
1789656472635,0
1789656472930,1
1789656472930,0
1789656473236,1
1789656473236,0
1789656473493,1
1789656473493,0
1789656473789,1
1789656473789,0
1789656474066,1
1789656474066,0
1789656474368,1
1789656474369,0
1789656474662,1
1789656474662,0
1789656474966,1
1789656474966,0
1789656475237,1
1789656475237,0
1789656475536,1
1789656475537,0
1789656475832,1
1789656475832,0
1789656476103,1
1789656476103,0
1789656476416,1
1789656476416,0
1789656476702,1
1789656476702,0
1789656477003,1
1789656477003,0
1789656477287,1
1789656477287,0
1789656477587,1
1789656477587,0
1789656477866,1
1789656477866,0
1789656478174,1
1789656478174,0
1789656478437,1
1789656478437,0
1789656478748,1
1789656478748,0
1789656479035,1
1789656479035,0
1789656479337,1
1789656479337,0
1789656479653,1
1789656479653,0
1789656479951,1
1789656479951,0
1789656480272,1
1789656480272,0
1789656480586,1
1789656480586,0
1789656480869,1
1789656480869,0
1789656481190,1
1789656481190,0
1789656481501,1
1789656481501,0
1789656481812,1
1789656481812,0
1789656482136,1
1789656482136,0
1789656482452,1
1789656482452,0
1789656482774,1
1789656482774,0
1789656483049,1
1789656483049,0
1789656483370,1
1789656483370,0
1789656483668,1
1789656483668,0
1789656483973,1
1789656483973,0
1789656484251,1
1789656484251,0
1789656484566,1
1789656484566,0
1789656484844,1
1789656484844,0
1789656485135,0
1789656485135,0
1789656485435,1
1789656485435,0
1789656485747,1
1789656485747,0
1789656486019,1
1789656486019,0
1789656486319,0
1789656486320,0
1789656486611,1
1789656486611,0
1789656486913,1
1789656486913,0
1789656487202,1
1789656487202,0
1789656487483,1
1789656487483,0
1789656487770,1
1789656487770,0
1789656488055,1
1789656488055,0
1789656488359,1
1789656488359,0
1789656488704,1
1789656488704,0
1789656488986,1
1789656488986,0
1789656489286,1
1789656489286,0
1789656489576,1
1789656489576,0
1789656489856,1
1789656489856,0
1789656490127,1
1789656490127,0
1789656490424,1
1789656490424,0
1789656490730,1
1789656490730,0
1789656491011,1
1789656491011,0
1789656491292,1
1789656491292,0
1789656491567,1
1789656491567,0
1789656491885,1
1789656491885,0
1789656492182,1
1789656492182,0
1789656492469,1
1789656492469,0
1789656492767,1
1789656492767,0
1789656493110,1
1789656493110,0
1789656493386,1
1789656493386,0
1789656493678,1
1789656493678,0
1789656493950,1
1789656493950,0
1789656494236,1
1789656494236,0
1789656494506,1
1789656494506,0
1789656494778,1
1789656494780,0
1789656495036,1
1789656495036,0
1789656495285,1
1789656495285,0
1789656495549,1
1789656495549,0
1789656495901,1
1789656495901,0
1789656496166,1
1789656496166,0
1789656496423,1
1789656496423,0
1789656496689,1
1789656496689,0
1789656496931,1
1789656496931,0
1789656497189,1
1789656497189,0
1789656497443,1
1789656497443,0
1789656497699,1
1789656497699,0
1789656497955,1
1789656497955,0
1789656498203,1
1789656498203,0
1789656498614,1
1789656498614,0
1789656498914,1
1789656498914,0
1789656499183,1
1789656499183,0
1789656499458,1
1789656499458,0
1789656499732,1
1789656499732,0
1789656500030,1
1789656500030,0
1789656500331,1
1789656500331,0
1789656500616,1
1789656500616,0
1789656500901,1
1789656500901,0
1789656501179,1
1789656501179,0
1789656501518,1
1789656501518,0
1789656501799,1
1789656501799,0
1789656502093,1
1789656502093,0
1789656502373,1
1789656502373,0
1789656502617,1
1789656502617,0
1789656502897,1
1789656502897,0
1789656503161,1
1789656503161,0
1789656503469,1
1789656503469,0
1789656503752,1
1789656503752,0
1789656504004,1
1789656504004,0
1789656504294,1
1789656504294,0
1789656504547,1
1789656504547,0
1789656504799,1
1789656504799,0
1789656505055,1
1789656505055,0
1789656505332,1
1789656505333,0
1789656505612,1
1789656505612,0
1789656505864,1
1789656505864,0
1789656506134,1
1789656506134,0
1789656506392,1
1789656506392,0
1789656506648,1
1789656506648,0
1789656506917,1
1789656506917,0
1789656507177,1
1789656507177,0
1789656507450,1
1789656507450,0
1789656507715,1
1789656507715,0
1789656507984,1
1789656507984,0
1789656508264,1
1789656508264,0
1789656508649,1
1789656508649,0
1789656508897,1
1789656508897,0
1789656509161,1
1789656509161,0
1789656509438,1
1789656509438,0
1789656509720,1
1789656509720,0
1789656509981,1
1789656509981,0
1789656510231,1
1789656510231,0
1789656510489,1
1789656510489,0
1789656510752,1
1789656510752,0
1789656511029,1
1789656511029,0
1789656511295,1
1789656511295,0
1789656511552,1
1789656511552,0
1789656511818,1
1789656511818,0
1789656512076,1
1789656512076,0
1789656512346,1
1789656512346,0
1789656512602,1
1789656512602,0
1789656512865,1
1789656512865,0
1789656513131,1
1789656513131,0
1789656513421,1
1789656513421,0
1789656513710,1
1789656513710,0
1789656513987,1
1789656513987,0
1789656514259,1
1789656514259,0
1789656514530,1
1789656514530,0
1789656514800,1
1789656514800,0
1789656515148,1
1789656515148,0
1789656515402,1
1789656515402,0
1789656515655,1
1789656515655,0
1789656515918,1
1789656515918,0
1789656516172,1
1789656516172,0
1789656516454,1
1789656516455,0
1789656516710,1
1789656516710,0
1789656516998,1
1789656516998,0
1789656517293,1
1789656517293,0
1789656517568,1
1789656517568,0
1789656517837,1
1789656517838,0
1789656518086,1
1789656518086,0
1789656518344,1
1789656518344,0
1789656518659,1
1789656518659,0
1789656518932,1
1789656518932,0
1789656519267,1
1789656519268,0
1789656519530,1
1789656519530,0
1789656519787,1
1789656519787,0
1789656520053,1
1789656520058,0
1789656520347,1
1789656520347,0
1789656520640,1
1789656520640,0
1789656520911,1
1789656520911,0
1789656521174,1
1789656521174,0
1789656521440,1
1789656521440,0
1789656521748,1
1789656521748,0
1789656521963,1
1789656521963,0
1789656522173,1
1789656522173,0
1789656522387,1
1789656522387,0
1789656522597,1
1789656522603,0
1789656522812,1
1789656522812,0
1789656523034,1
1789656523034,0
1789656523258,1
1789656523258,0
1789656523509,1
1789656523509,0
1789656523706,1
1789656523706,0
1789656523916,1
1789656523916,0
1789656524144,1
1789656524144,0
1789656524362,1
1789656524362,0
1789656524581,1
1789656524581,0
1789656524805,1
1789656524805,0
1789656525012,1
1789656525012,0
1789656525245,1
1789656525245,0
1789656525457,1
1789656525457,0
1789656525669,1
1789656525669,0
1789656525871,1
1789656525871,0
1789656526074,1
1789656526074,0
1789656526292,1
1789656526292,0
1789656526504,1
1789656526504,0
1789656526715,1
1789656526715,0
1789656526920,0
1789656526920,0
1789656527130,1
1789656527130,0
1789656527359,1
1789656527359,0
1789656527653,1
1789656527653,0
1789656527861,1
1789656527861,0
1789656528088,1
1789656528088,0
1789656528303,1
1789656528303,0
1789656528617,1
1789656528617,0
1789656528850,1
1789656528850,0
1789656529278,1
1789656529278,0
1789656529757,1
1789656529759,0
1789656530206,1
1789656530206,0
1789656530445,1
1789656530445,0
1789656530676,1
1789656530676,0
1789656530893,1
1789656530893,0
1789656531145,1
1789656531145,0
1789656531375,1
1789656531375,0
1789656531659,1
1789656531659,0
1789656531928,1
1789656531928,0
1789656532206,1
1789656532206,0
1789656532463,1
1789656532463,0
1789656532681,1
1789656532681,0
1789656532910,1
1789656532910,0
1789656533110,1
1789656533110,0
1789656533317,1
1789656533317,0
1789656533591,1
1789656533591,0
1789656533839,1
1789656533839,0
1789656534070,1
1789656534070,0
1789656534280,1
1789656534280,0
1789656534475,1
1789656534475,0
1789656534688,1
1789656534688,0
1789656534889,1
1789656534889,0
1789656535112,1
1789656535112,0
1789656535318,1
1789656535318,0
1789656535523,1
1789656535523,0
1789656535739,1
1789656535739,0
1789656535959,1
1789656535959,0
1789656536176,1
1789656536176,0
1789656536379,1
1789656536379,0
1789656536591,1
1789656536591,0
1789656536803,1
1789656536803,0
1789656537017,1
1789656537017,0
1789656537236,1
1789656537236,0
1789656537464,1
1789656537464,0
1789656537671,1
1789656537671,0
1789656537880,1
1789656537880,0
1789656538080,1
1789656538127,0
1789656538386,1
1789656538387,0
1789656538616,1
1789656538616,0
1789656538816,1
1789656538816,0
1789656539037,1
1789656539037,0
1789656539244,1
1789656539244,0
1789656539457,1
1789656539457,0
1789656539666,1
1789656539666,0
1789656539871,1
1789656539871,0
1789656540083,1
1789656540083,0
1789656540295,1
1789656540295,0
1789656540521,1
1789656540521,0
1789656540730,1
1789656540730,0
1789656540937,1
1789656540937,0
1789656541166,1
1789656541166,0
1789656541374,1
1789656541374,0
1789656541600,1
1789656541600,0
1789656541827,1
1789656541827,0
1789656542194,1
1789656542194,0
1789656542487,1
1789656542487,0
1789656542743,1
1789656542743,0
1789656543027,1
1789656543027,0
1789656543307,1
1789656543307,0
1789656543525,1
1789656543525,0
1789656543744,1
1789656543744,0
1789656543951,1
1789656543951,0
1789656544175,1
1789656544175,0
1789656544396,1
1789656544396,0
1789656544627,1
1789656544627,0
1789656544847,1
1789656544847,0
1789656545073,1
1789656545073,0
1789656545300,1
1789656545300,0
1789656545528,1
1789656545528,0
1789656545756,1
1789656545756,0
1789656545981,1
1789656545981,0
1789656546195,1
1789656546195,0
1789656546424,1
1789656546424,0
1789656546638,1
1789656546638,0
1789656546855,1
1789656546855,0
1789656547061,1
1789656547061,0
1789656547279,1
1789656547279,0
1789656547498,1
1789656547498,0
1789656547697,1
1789656547697,0
1789656547895,1
1789656547895,0
1789656548093,1
1789656548093,0
1789656548311,1
1789656548311,0
1789656548531,1
1789656548531,0
1789656548742,1
1789656548742,0
1789656548945,1
1789656548945,0
1789656549161,1
1789656549164,0
1789656549382,1
1789656549382,0
1789656549596,1
1789656549596,0
1789656549791,1
1789656549791,0
1789656549986,1
1789656549986,0
1789656550238,1
1789656550238,0
1789656550482,1
1789656550482,0
1789656550842,1
1789656550842,0
1789656551045,1
1789656551045,0
1789656551261,1
1789656551261,0
1789656551468,1
1789656551468,0
1789656551680,1
1789656551680,0
1789656551899,1
1789656551899,0
1789656552111,1
1789656552111,0
1789656552319,1
1789656552319,0
1789656552532,1
1789656552532,0
1789656552760,1
1789656552760,0
1789656552987,0
1789656552987,0
1789656553188,1
1789656553188,0
1789656553404,1
1789656553404,0
1789656553624,1
1789656553624,0
1789656553834,1
1789656553835,0
1789656554067,1
1789656554067,0
1789656554271,1
1789656554271,0
1789656554481,1
1789656554481,0
1789656554695,1
1789656554695,0
1789656554902,1
1789656554902,0
1789656555125,1
1789656555125,0
1789656555380,1
1789656555380,0
1789656555618,1
1789656555618,0
1789656555837,1
1789656555837,0
1789656556041,1
1789656556041,0
1789656556257,1
1789656556257,0
1789656556470,1
1789656556470,0
1789656556678,0
1789656556678,0
1789656556886,1
1789656556886,0
1789656557104,1
1789656557104,0
1789656557329,1
1789656557329,0
1789656557554,1
1789656557554,0
1789656557759,1
1789656557759,0
1789656557960,1
1789656557960,0
1789656558167,1
1789656558167,0
1789656558594,1
1789656558594,0
1789656558786,1
1789656558786,0
1789656558991,1
1789656558991,0
1789656559206,1
1789656559207,0
1789656559420,1
1789656559420,0
1789656559639,1
1789656559639,0
1789656559859,1
1789656559859,0
1789656560077,1
1789656560077,0
1789656560314,1
1789656560314,0
1789656560561,1
1789656560561,0
1789656560782,1
1789656560782,0
1789656561017,1
1789656561017,0
1789656561226,1
1789656561226,0
1789656561441,1
1789656561441,0
1789656561656,0
1789656561656,0
1789656561883,1
1789656561883,0
1789656562189,1
1789656562189,0
1789656562426,1
1789656562426,0
1789656562641,1
1789656562641,0
1789656562858,1
1789656562858,0
1789656563106,1
1789656563106,0
1789656563314,1
1789656563314,0
1789656563520,1
1789656563520,0
1789656563739,1
1789656563739,0
1789656563940,1
1789656563940,0
1789656564177,1
1789656564177,0
1789656564393,1
1789656564393,0
1789656564607,1
1789656564607,0
1789656564813,1
1789656564813,0
1789656565019,1
1789656565019,0
1789656565241,1
1789656565241,0
1789656565468,1
1789656565468,0
1789656565673,1
1789656565673,0
1789656565884,1
1789656565884,0
1789656566096,1
1789656566096,0
1789656566327,1
1789656566327,0
1789656566567,1
1789656566567,0
1789656566834,1
1789656566834,0
1789656567112,1
1789656567112,0
1789656567342,1
1789656567342,0
1789656567673,1
1789656567673,0
1789656568045,1
1789656568045,0
1789656568351,1
1789656568351,0
1789656568613,1
1789656568613,0
1789656568822,1
1789656568822,0
1789656569047,1
1789656569047,0
1789656569255,1
1789656569255,0
1789656569464,1
1789656569464,0
1789656569663,1
1789656569663,0
1789656569868,1
1789656569868,0
1789656570094,1
1789656570094,0
1789656570310,1
1789656570310,0
1789656570538,1
1789656570538,0
1789656570741,1
1789656570741,0
1789656570944,1
1789656570944,0
1789656571170,1
1789656571170,0
1789656571440,1
1789656571440,0
1789656571653,1
1789656571653,0
1789656571895,1
1789656571897,0
1789656572190,1
1789656572190,0
1789656572416,1
1789656572417,0
1789656572623,1
1789656572623,0
1789656572828,1
1789656572828,0
1789656573038,1
1789656573038,0
1789656573249,1
1789656573249,0
1789656573477,1
1789656573477,0
1789656573684,1
1789656573684,0
1789656573906,1
1789656573906,0
1789656574129,1
1789656574129,0
1789656574334,1
1789656574334,0
1789656574540,1
1789656574540,0
1789656574741,1
1789656574741,0
1789656574943,1
1789656574943,0
1789656575147,1
1789656575147,0
1789656575367,1
1789656575367,0
1789656575583,1
1789656575583,0
1789656575785,1
1789656575785,0
1789656575992,1
1789656575992,0
1789656576202,1
1789656576202,0
1789656576408,1
1789656576408,0
1789656576624,1
1789656576624,0
1789656576829,1
1789656576829,0
1789656577039,1
1789656577039,0
1789656577249,1
1789656577249,0
1789656577457,1
1789656577457,0
1789656577676,1
1789656577676,0
1789656577880,1
1789656577880,0
1789656578085,1
1789656578085,0
1789656578294,1
1789656578294,0
1789656578504,1
1789656578504,0
1789656578727,1
1789656578727,0
1789656578935,1
1789656578935,0
1789656579140,1
1789656579144,0
1789656579351,1
1789656579351,0
1789656579560,1
1789656579560,0
1789656579780,1
1789656579780,0
1789656579988,1
1789656579988,0
1789656580189,1
1789656580189,0
1789656580443,1
1789656580443,0
1789656580664,1
1789656580664,0
1789656580882,1
1789656580882,0
1789656581102,1
1789656581102,0
1789656581296,1
1789656581296,0
1789656581512,1
1789656581512,0
1789656581724,1
1789656581724,0
1789656581945,1
1789656581945,0
1789656582154,1
1789656582154,0
1789656582362,1
1789656582362,0
1789656582572,1
1789656582572,0
1789656582784,1
1789656582784,0
1789656583009,1
1789656583009,0
1789656583228,1
1789656583228,0
1789656583445,1
1789656583445,0
1789656583637,1
1789656583637,0
1789656583840,1
1789656583840,0
1789656584070,1
1789656584070,0
1789656584269,1
1789656584269,0
1789656584489,1
1789656584489,0
1789656584698,1
1789656584698,0
1789656584910,1
1789656584910,0
1789656585124,1
1789656585124,0
1789656585343,1
1789656585343,0
1789656585636,1
1789656585636,0
1789656585840,1
1789656585840,0
1789656586057,1
1789656586057,0
1789656586278,1
1789656586278,0
1789656586489,1
1789656586489,0
1789656586693,1
1789656586693,0
1789656586903,1
1789656586903,0
1789656587110,1
1789656587110,0
1789656587335,1
1789656587336,0
1789656587539,1
1789656587539,0
1789656587753,1
1789656587753,0
1789656587957,1
1789656587957,0
1789656588161,1
1789656588161,0
1789656588379,1
1789656588379,0
1789656588575,1
1789656588575,0
1789656588788,1
1789656588788,0
1789656588993,1
1789656588993,0
1789656589208,0
1789656589208,0
1789656589436,1
1789656589436,0
1789656589644,1
1789656589644,0
1789656589846,1
1789656589846,0
1789656590060,1
1789656590060,0
1789656590275,1
1789656590276,0
1789656590532,1
1789656590532,0
1789656590734,1
1789656590734,0
1789656590957,1
1789656590957,0
1789656591157,1
1789656591157,0
1789656591371,1
1789656591371,0
1789656591596,1
1789656591596,0
1789656591799,1
1789656591799,0
1789656592009,1
1789656592009,0
1789656592224,1
1789656592224,0
1789656592432,1
1789656592432,0
1789656592653,1
1789656592653,0
1789656592861,1
1789656592861,0
1789656593074,0
1789656593074,0
1789656593290,1
1789656593290,0
1789656593501,1
1789656593501,0
1789656593716,1
1789656593716,0
1789656593925,1
1789656593925,0
1789656594136,1
1789656594136,0
1789656594348,1
1789656594348,0
1789656594560,1
1789656594560,0
1789656594777,1
1789656594777,0
1789656594980,1
1789656594980,0
1789656595182,1
1789656595182,0
1789656595460,1
1789656595460,0
1789656595687,1
1789656595687,0
1789656595905,1
1789656595905,0
1789656596115,1
1789656596115,0
1789656596325,1
1789656596325,0
1789656596533,1
1789656596533,0
1789656596750,1
1789656596750,0
1789656596974,1
1789656596974,0
1789656597189,1
1789656597189,0
1789656597391,1
1789656597391,0
1789656597583,1
1789656597583,0
1789656597799,1
1789656597799,0
1789656598022,1
1789656598022,0
1789656598233,1
1789656598233,0
1789656598443,1
1789656598443,0
1789656598640,1
1789656598640,0
1789656598847,1
1789656598847,0
1789656599068,1
1789656599068,0
1789656599269,1
1789656599269,0
1789656599482,1
1789656599482,0
1789656599692,1
1789656599692,0
1789656599889,1
1789656599889,0
1789656600116,1
1789656600116,0
1789656600315,1
1789656600315,0
1789656600621,1
1789656600621,0
1789656600826,1
1789656600826,0
1789656601040,1
1789656601040,0
1789656601257,1
1789656601257,0
1789656601454,1
1789656601454,0
1789656601656,1
1789656601656,0
1789656601860,1
1789656601860,0
1789656602078,1
1789656602078,0
1789656602304,1
1789656602304,0
1789656602510,1
1789656602510,0
1789656602721,1
1789656602721,0
1789656602934,1
1789656602934,0
1789656603143,1
1789656603143,0
1789656603357,1
1789656603357,0
1789656603578,1
1789656603578,0
1789656603792,1
1789656603792,0
1789656604023,1
1789656604023,0
1789656604236,1
1789656604236,0
1789656604460,1
1789656604460,0
1789656604652,1
1789656604652,0
1789656604858,1
1789656604858,0
1789656605070,1
1789656605070,0
1789656605279,1
1789656605279,0
1789656605514,1
1789656605515,0
1789656605723,1
1789656605723,0
1789656605926,1
1789656605926,0
1789656606144,1
1789656606144,0
1789656606352,0
1789656606352,0
1789656606569,1
1789656606569,0
1789656606780,1
1789656606780,0
1789656606978,1
1789656606978,0
1789656607195,1
1789656607195,0
1789656607398,1
1789656607398,0
1789656607623,1
1789656607623,0
1789656607828,1
1789656607828,0
1789656608036,1
1789656608036,0
1789656608234,1
1789656608234,0
1789656608440,1
1789656608440,0
1789656608681,1
1789656608681,0
1789656608883,1
1789656608883,0
1789656609082,1
1789656609082,0
1789656609300,1
1789656609300,0
1789656609498,1
1789656609498,0
1789656609704,1
1789656609704,0
1789656609915,1
1789656609915,0
1789656610125,1
1789656610125,0
1789656610328,1
1789656610328,0
1789656610570,1
1789656610570,0
1789656610803,1
1789656610803,0
1789656611014,1
1789656611014,0
1789656611229,1
1789656611229,0
1789656611439,1
1789656611439,0
1789656611640,1
1789656611640,0
1789656611851,1
1789656611851,0
1789656612070,1
1789656612070,0
1789656612270,1
1789656612270,0
1789656612476,1
1789656612476,0
1789656612682,1
1789656612682,0
1789656612886,1
1789656612886,0
1789656613105,1
1789656613105,0
1789656613303,1
1789656613303,0
1789656613506,1
1789656613506,0
1789656613717,1
1789656613717,0
1789656613935,1
1789656613935,0
1789656614142,0
1789656614142,0
1789656614349,1
1789656614349,0
1789656614551,1
1789656614551,0
1789656614758,1
1789656614758,0
1789656614968,1
1789656614968,0
1789656615174,1
1789656615174,0
1789656615373,1
1789656615373,0
1789656615605,1
1789656615605,0
1789656615818,1
1789656615818,0
1789656616032,1
1789656616032,0
1789656616242,1
1789656616242,0
1789656616458,1
1789656616458,0
1789656616673,1
1789656616673,0
1789656616879,1
1789656616879,0
1789656617100,1
1789656617100,0
1789656617314,1
1789656617314,0
1789656617533,1
1789656617533,0
1789656617739,1
1789656617739,0
1789656617950,1
1789656617951,0
1789656618166,1
1789656618166,0
1789656618368,1
1789656618368,0
1789656618580,1
1789656618580,0
1789656618795,1
1789656618795,0
1789656619002,1
1789656619002,0
1789656619224,1
1789656619224,0
1789656619435,1
1789656619435,0
1789656619642,1
1789656619642,0
1789656619848,1
1789656619848,0
1789656620054,1
1789656620054,0
1789656620273,1
1789656620273,0
1789656620519,1
1789656620519,0
1789656620739,1
1789656620739,0
1789656620954,1
1789656620954,0
1789656621159,1
1789656621159,0
1789656621376,1
1789656621376,0
1789656621586,1
1789656621586,0
1789656621794,1
1789656621794,0
1789656622007,1
1789656622007,0
1789656622227,1
1789656622227,0
1789656622455,1
1789656622455,0
1789656622664,1
1789656622664,0
1789656622870,1
1789656622870,0
1789656623070,1
1789656623070,0
1789656623297,1
1789656623297,0
1789656623528,1
1789656623528,0
1789656623731,1
1789656623731,0
1789656623931,1
1789656623931,0
1789656624133,1
1789656624133,0
1789656624351,1
1789656624351,0
1789656624576,1
1789656624576,0
1789656624779,1
1789656624779,0
1789656624989,1
1789656624989,0
1789656625193,1
1789656625193,0
1789656625419,1
1789656625419,0
1789656625730,1
1789656625730,0
1789656625931,1
1789656625931,0
1789656626147,1
1789656626147,0
1789656626366,1
1789656626366,0
1789656626583,1
1789656626583,0
1789656626805,1
1789656626805,0
1789656627013,1
1789656627013,0
1789656627221,1
1789656627221,0
1789656627428,1
1789656627428,0
1789656627632,1
1789656627632,0
1789656627850,1
1789656627851,0
1789656628060,1
1789656628060,0
1789656628271,1
1789656628271,0
1789656628479,1
1789656628479,0
1789656628681,1
1789656628681,0
1789656628903,1
1789656628903,0
1789656629115,1
1789656629115,0
1789656629329,1
1789656629329,0
1789656629532,1
1789656629532,0
1789656629748,1
1789656629748,0
1789656629970,1
1789656629970,0
1789656630171,1
1789656630171,0
1789656630384,1
1789656630384,0
1789656630659,1
1789656630659,0
1789656630866,1
1789656630866,0
1789656631086,1
1789656631086,0
1789656631292,1
1789656631292,0
1789656631517,1
1789656631517,0
1789656631729,1
1789656631729,0
1789656631935,1
1789656631935,0
1789656632143,1
1789656632143,0
1789656632343,1
1789656632343,0
1789656632558,1
1789656632558,0
1789656632773,1
1789656632773,0
1789656632983,1
1789656632984,0
1789656633201,1
1789656633201,0
1789656633415,1
1789656633415,0
1789656633642,1
1789656633642,0
1789656633849,1
1789656633849,0
1789656634054,1
1789656634054,0
1789656634269,1
1789656634269,0
1789656634472,1
1789656634472,0
1789656634680,1
1789656634680,0
1789656634885,1
1789656634885,0
1789656635107,1
1789656635107,0
1789656635329,1
1789656635329,0
1789656635614,1
1789656635614,0
1789656635809,1
1789656635809,0
1789656636019,1
1789656636019,0
1789656636231,1
1789656636231,0
1789656636445,1
1789656636445,0
1789656636649,1
1789656636649,0
1789656636853,1
1789656636853,0
1789656637065,1
1789656637065,0
1789656637280,1
1789656637280,0
1789656637496,1
1789656637496,0
1789656637709,1
1789656637709,0
1789656637925,1
1789656637925,0
1789656638128,1
1789656638128,0
1789656638340,1
1789656638340,0
1789656638564,1
1789656638564,0
1789656638775,1
1789656638775,0
1789656638973,1
1789656638973,0
1789656639181,1
1789656639181,0
1789656639380,1
1789656639380,0
1789656639599,1
1789656639599,0
1789656639810,1
1789656639810,0
1789656640025,1
1789656640025,0
1789656640238,1
1789656640238,0
1789656640473,1
1789656640474,0
1789656640730,1
1789656640730,0
1789656640938,1
1789656640938,0
1789656641142,1
1789656641142,0
1789656641355,1
1789656641355,0
1789656641572,1
1789656641572,0
1789656641787,1
1789656641787,0
1789656641989,1
1789656641989,0
1789656642197,1
1789656642197,0
1789656642418,1
1789656642418,0
1789656642625,1
1789656642625,0
1789656642844,1
1789656642844,0
1789656643047,1
1789656643047,0
1789656643253,1
1789656643253,0
1789656643471,1
1789656643471,0
1789656643687,1
1789656643687,0
1789656643900,1
1789656643900,0
1789656644104,1
1789656644104,0
1789656644312,1
1789656644312,0
1789656644514,1
1789656644514,0
1789656644720,1
1789656644720,0
1789656644939,1
1789656644939,0
1789656645142,1
1789656645142,0
1789656645353,1
1789656645353,0
1789656645619,1
1789656645619,0
1789656645819,1
1789656645819,0
1789656646034,1
1789656646034,0
1789656646253,1
1789656646253,0
1789656646458,1
1789656646458,0
1789656646671,1
1789656646671,0
1789656646883,1
1789656646883,0
1789656647105,1
1789656647105,0
1789656647308,1
1789656647308,0
1789656647516,1
1789656647516,0
1789656647730,1
1789656647730,0
1789656647943,1
1789656647943,0
1789656648156,1
1789656648156,0
1789656648364,1
1789656648364,0
1789656648578,1
1789656648578,0
1789656648787,1
1789656648787,0
1789656648987,1
1789656648987,0
1789656649215,1
1789656649215,0
1789656649416,1
1789656649416,0
1789656649620,1
1789656649620,0
1789656649820,1
1789656649820,0
1789656650026,1
1789656650026,0
1789656650249,1
1789656650249,0
1789656650478,1
1789656650478,0
1789656650746,1
1789656650746,0
1789656650955,1
1789656650955,0
1789656651158,1
1789656651158,0
1789656651380,1
1789656651380,0
1789656651581,1
1789656651581,0
1789656651789,1
1789656651789,0
1789656652003,1
1789656652003,0
1789656652211,1
1789656652211,0
1789656652423,1
1789656652423,0
1789656652629,1
1789656652629,0
1789656652834,1
1789656652834,0
1789656653038,1
1789656653038,0
1789656653248,1
1789656653248,0
1789656653476,1
1789656653476,0
1789656653689,1
1789656653689,0
1789656653901,1
1789656653901,0
1789656654104,1
1789656654104,0
1789656654312,1
1789656654312,0
1789656654531,1
1789656654531,0
1789656654732,1
1789656654732,0
1789656654932,1
1789656654932,0
1789656655134,1
1789656655134,0
1789656655339,1
1789656655339,0
1789656655590,1
1789656655590,0
1789656655808,1
1789656655808,0
1789656656010,1
1789656656010,0
1789656656228,1
1789656656228,0
1789656656441,1
1789656656441,0
1789656656668,1
1789656656668,0
1789656656880,1
1789656656880,0
1789656657087,1
1789656657087,0
1789656657300,1
1789656657301,0
1789656657505,1
1789656657505,0
1789656657725,1
1789656657725,0
1789656657928,1
1789656657928,0
1789656658146,1
1789656658146,0
1789656658350,1
1789656658350,0
1789656658565,1
1789656658565,0
1789656658787,1
1789656658787,0
1789656658989,1
1789656658989,0
1789656659191,1
1789656659191,0
1789656659393,1
1789656659393,0
1789656659624,1
1789656659624,0
1789656659830,1
1789656659830,0
1789656660031,1
1789656660031,0
1789656660239,1
1789656660239,0
1789656660473,1
1789656660473,0
1789656660738,1
1789656660738,0
1789656660958,1
1789656660958,0
1789656661180,1
1789656661180,0
1789656661387,1
1789656661387,0
1789656661595,1
1789656661595,0
1789656661807,1
1789656661807,0
1789656662015,0
1789656662015,0
1789656662224,1
1789656662224,0
1789656662441,1
1789656662441,0
1789656662640,1
1789656662640,0
1789656662846,1
1789656662846,0
1789656663056,1
1789656663056,0
1789656663260,1
1789656663260,0
1789656663461,1
1789656663461,0
1789656663664,1
1789656663664,0
1789656663866,1
1789656663866,0
1789656664091,1
1789656664091,0
1789656664299,1
1789656664299,0
1789656664502,1
1789656664502,0
1789656664702,1
1789656664702,0
1789656664906,1
1789656664906,0
1789656665122,1
1789656665122,0
1789656665332,1
1789656665332,0
1789656665583,1
1789656665583,0
1789656665817,1
1789656665817,0
1789656666035,1
1789656666035,0
1789656666244,1
1789656666244,0
1789656666454,1
1789656666454,0
1789656666656,1
1789656666656,0
1789656666862,1
1789656666862,0
1789656667075,1
1789656667075,0
1789656667291,1
1789656667291,0
1789656667498,1
1789656667498,0
1789656667700,1
1789656667700,0
1789656667907,1
1789656667907,0
1789656668129,1
1789656668129,0
1789656668351,1
1789656668351,0
1789656668568,1
1789656668568,0
1789656668779,1
1789656668779,0
1789656668988,1
1789656668988,0
1789656669193,1
1789656669193,0
1789656669422,1
1789656669422,0
1789656669652,1
1789656669652,0
1789656669868,1
1789656669868,0
1789656670094,1
1789656670094,0
1789656670313,1
1789656670313,0
1789656670585,1
1789656670585,0
1789656670845,1
1789656670845,0
1789656671061,1
1789656671061,0
1789656671282,1
1789656671282,0
1789656671505,1
1789656671505,0
1789656671731,1
1789656671731,0
1789656671926,1
1789656671926,0
1789656672122,1
1789656672122,0
1789656672329,1
1789656672329,0
1789656672542,1
1789656672542,0
1789656672766,1
1789656672766,0
1789656672983,1
1789656672983,0
1789656673204,1
1789656673204,0
1789656673421,1
1789656673421,0
1789656673640,1
1789656673640,0
1789656673885,1
1789656673886,0
1789656674097,1
1789656674097,0
1789656674316,1
1789656674316,0
1789656674536,1
1789656674536,0
1789656674737,1
1789656674737,0
1789656674957,1
1789656674957,0
1789656675182,1
1789656675182,0
1789656675402,1
1789656675402,0
1789656675695,1
1789656675695,0
1789656675910,1
1789656675910,0
1789656676118,1
1789656676118,0
1789656676336,1
1789656676336,0
1789656676554,1
1789656676554,0
1789656676746,1
1789656676746,0
1789656676966,1
1789656676966,0
1789656677197,1
1789656677197,0
1789656677409,1
1789656677409,0
1789656677631,1
1789656677631,0
1789656677848,1
1789656677848,0
1789656678073,1
1789656678073,0
1789656678278,1
1789656678278,0
1789656678491,1
1789656678491,0
1789656678715,1
1789656678715,0
1789656678936,1
1789656678936,0
1789656679153,1
1789656679153,0
1789656679382,1
1789656679382,0
1789656679596,1
1789656679596,0
1789656679811,1
1789656679811,0
1789656680027,1
1789656680027,0
1789656680232,1
1789656680233,0
1789656680468,1
1789656680468,0
1789656680747,1
1789656680747,0
1789656680960,1
1789656680960,0
1789656681163,1
1789656681163,0
1789656681365,1
1789656681365,0
1789656681585,1
1789656681585,0
1789656681793,1
1789656681793,0
1789656681994,1
1789656681994,0
1789656682204,1
1789656682204,0
1789656682409,1
1789656682409,0
1789656682632,0
1789656682633,0
1789656682837,1
1789656682837,0
1789656683043,1
1789656683043,0
1789656683255,1
1789656683255,0
1789656683467,1
1789656683467,0
1789656683686,1
1789656683686,0
1789656683893,1
1789656683893,0
1789656684100,1
1789656684100,0
1789656684317,1
1789656684317,0
1789656684525,1
1789656684525,0
1789656684747,1
1789656684747,0
1789656684954,1
1789656684954,0
1789656685161,1
1789656685161,0
1789656685377,1
1789656685377,0
1789656685626,1
1789656685626,0
1789656685846,1
1789656685846,0
1789656686079,1
1789656686080,0
1789656686283,1
1789656686283,0
1789656686496,1
1789656686496,0
1789656686697,1
1789656686697,0
1789656686926,1
1789656686926,0
1789656687112,1
1789656687112,0
1789656687301,1
1789656687301,0
1789656687492,1
1789656687492,0
1789656687712,1
1789656687712,0
1789656687916,1
1789656687916,0
1789656688109,1
1789656688109,0
1789656688297,1
1789656688297,0
1789656688498,1
1789656688498,0
1789656688701,0
1789656688701,0
1789656688908,1
1789656688908,0
1789656689115,1
1789656689115,0
1789656689313,1
1789656689313,0
1789656689521,1
1789656689521,0
1789656689709,1
1789656689709,0
1789656689914,1
1789656689914,0
1789656690107,1
1789656690107,0
1789656690304,1
1789656690304,0
1789656690501,1
1789656690501,0
1789656690721,1
1789656690721,0
1789656690928,0
1789656690928,0
1789656691120,1
1789656691120,0
1789656691314,1
1789656691314,0
1789656691520,1
1789656691520,0
1789656691728,1
1789656691728,0
1789656691948,1
1789656691948,0
1789656692152,1
1789656692152,0
1789656692364,1
1789656692364,0
1789656692568,1
1789656692568,0
1789656692763,1
1789656692763,0
1789656692970,1
1789656692970,0
1789656693168,1
1789656693168,0
1789656693371,1
1789656693371,0
1789656693564,1
1789656693564,0
1789656693764,1
1789656693764,0
1789656693979,1
1789656693979,0
1789656694168,1
1789656694168,0
1789656694375,1
1789656694375,0
1789656694583,1
1789656694583,0
1789656694787,1
1789656694787,0
1789656694992,1
1789656694992,0
1789656695197,1
1789656695197,0
1789656695399,1
1789656695399,0
1789656695593,1
1789656695593,0
1789656695784,1
1789656695784,0
1789656695995,1
1789656695995,0
1789656696197,1
1789656696197,0
1789656696388,1
1789656696388,0
1789656696610,1
1789656696610,0
1789656696802,1
1789656696802,0
1789656697013,1
1789656697013,0
1789656697218,1
1789656697218,0
1789656697428,1
1789656697428,0
1789656697642,1
1789656697642,0
1789656697844,1
1789656697844,0
1789656698054,1
1789656698054,0
1789656698241,1
1789656698241,0
1789656698444,1
1789656698444,0
1789656698651,1
1789656698651,0
1789656698851,1
1789656698851,0
1789656699050,1
1789656699050,0
1789656699233,1
1789656699233,0
1789656699439,1
1789656699439,0
1789656699626,1
1789656699626,0
1789656699849,1
1789656699849,0
1789656700094,1
1789656700094,0
1789656700299,1
1789656700299,0
1789656700512,1
1789656700512,0
1789656700761,1
1789656700761,0
1789656700957,1
1789656700957,0
1789656701151,1
1789656701151,0
1789656701369,1
1789656701369,0
1789656701568,1
1789656701568,0
1789656701771,1
1789656701771,0
1789656701976,1
1789656701976,0
1789656702182,1
1789656702182,0
1789656702378,1
1789656702378,0
1789656702586,1
1789656702586,0
1789656702788,1
1789656702788,0
1789656703000,1
1789656703000,0
1789656703212,1
1789656703212,0
1789656703404,1
1789656703404,0
1789656703587,1
1789656703587,0
1789656703784,1
1789656703784,0
1789656703972,1
1789656703972,0
1789656704174,1
1789656704174,0
1789656704383,1
1789656704383,0
1789656704580,1
1789656704580,0
1789656704791,1
1789656704791,0
1789656704991,1
1789656704991,0
1789656705193,1
1789656705193,0
1789656705397,1
1789656705397,0
1789656705582,1
1789656705582,0
1789656705782,1
1789656705782,0
1789656705983,1
1789656705983,0
1789656706186,1
1789656706186,0
1789656706377,1
1789656706377,0
1789656706591,1
1789656706591,0
1789656706788,1
1789656706788,0
1789656706991,1
1789656706991,0
1789656707204,1
1789656707204,0
1789656707411,1
1789656707411,0
1789656707613,1
1789656707613,0
1789656707809,1
1789656707809,0
1789656708016,1
1789656708016,0
1789656708225,1
1789656708225,0
1789656708423,1
1789656708423,0
1789656708630,1
1789656708630,0
1789656708825,1
1789656708825,0
1789656709028,1
1789656709028,0
1789656709229,1
1789656709229,0
1789656709420,1
1789656709420,0
1789656709621,1
1789656709621,0
1789656709821,1
1789656709821,0
1789656710014,1
1789656710014,0
1789656710224,1
1789656710224,0
1789656710430,1
1789656710430,0
1789656710622,1
1789656710622,0
1789656710822,1
1789656710822,0
1789656711020,1
1789656711020,0
1789656711236,1
1789656711236,0
1789656711449,1
1789656711449,0
1789656711647,1
1789656711647,0
1789656711853,1
1789656711853,0
1789656712048,1
1789656712049,0
1789656712262,1
1789656712262,0
1789656712466,1
1789656712466,0
1789656712661,1
1789656712661,0
1789656712859,1
1789656712859,0
1789656713058,1
1789656713058,0
1789656713275,1
1789656713275,0
1789656713478,1
1789656713478,0
1789656713681,1
1789656713681,0
1789656713881,1
1789656713881,0
1789656714090,1
1789656714090,0
1789656714293,1
1789656714293,0
1789656714496,1
1789656714496,0
1789656714710,1
1789656714710,0
1789656714908,1
1789656714908,0
1789656715111,1
1789656715111,0
1789656715313,1
1789656715313,0
1789656715510,1
1789656715510,0
1789656715725,1
1789656715725,0
1789656715924,1
1789656715924,0
1789656716132,1
1789656716132,0
1789656716349,1
1789656716349,0
1789656716547,1
1789656716547,0
1789656716758,0
1789656716758,0
1789656716962,1
1789656716962,0
1789656717156,1
1789656717156,0
1789656717366,1
1789656717366,0
1789656717579,1
1789656717579,0
1789656717775,1
1789656717775,0
1789656717971,1
1789656717971,0
1789656718174,1
1789656718174,0
1789656718390,1
1789656718390,0
1789656718591,1
1789656718591,0
1789656718800,1
1789656718800,0
1789656719003,1
1789656719003,0
1789656719218,1
1789656719218,0
1789656719432,1
1789656719432,0
1789656719624,1
1789656719624,0
1789656719822,1
1789656719822,0
1789656720021,1
1789656720021,0
1789656720209,1
1789656720210,0
1789656720421,1
1789656720421,0
1789656720605,1
1789656720605,0
1789656720801,1
1789656720801,0
1789656721001,1
1789656721001,0
1789656721218,1
1789656721218,0
1789656721417,1
1789656721417,0
1789656721604,1
1789656721604,0
1789656721793,1
1789656721793,0
1789656722008,1
1789656722008,0
1789656722208,1
1789656722208,0
1789656722413,1
1789656722413,0
1789656722614,1
1789656722614,0
1789656722815,1
1789656722815,0
1789656723030,1
1789656723030,0
1789656723241,1
1789656723241,0
1789656723443,1
1789656723443,0
1789656723659,1
1789656723659,0
1789656723854,1
1789656723854,0
1789656724054,1
1789656724054,0
1789656724266,1
1789656724266,0
1789656724464,1
1789656724464,0
1789656724664,1
1789656724664,0
1789656724865,1
1789656724865,0
1789656725062,1
1789656725062,0
1789656725272,1
1789656725272,0
1789656725479,1
1789656725479,0
1789656725667,1
1789656725667,0
1789656725874,1
1789656725874,0
1789656726082,1
1789656726082,0
1789656726283,1
1789656726283,0
1789656726488,1
1789656726488,0
1789656726692,1
1789656726692,0
1789656726881,1
1789656726881,0
1789656727089,1
1789656727089,0
1789656727286,1
1789656727286,0
1789656727491,1
1789656727491,0
1789656727689,1
1789656727689,0
1789656727890,1
1789656727890,0
1789656728098,1
1789656728098,0
1789656728299,1
1789656728299,0
1789656728503,1
1789656728503,0
1789656728703,1
1789656728703,0
1789656728889,1
1789656728889,0
1789656729104,1
1789656729104,0
1789656729304,1
1789656729304,0
1789656729510,1
1789656729510,0
1789656729721,1
1789656729721,0
1789656729910,1
1789656729910,0
1789656730099,1
1789656730099,0
1789656730309,1
1789656730309,0
1789656730521,1
1789656730521,0
1789656730733,1
1789656730733,0
1789656730935,1
1789656730935,0
1789656731140,1
1789656731140,0
1789656731338,1
1789656731338,0
1789656731539,1
1789656731539,0
1789656731746,1
1789656731746,0
1789656731951,1
1789656731951,0
1789656732140,1
1789656732140,0
1789656732333,1
1789656732333,0
1789656732535,1
1789656732535,0
1789656732738,1
1789656732738,0
1789656732940,1
1789656732940,0
1789656733129,1
1789656733129,0
1789656733334,1
1789656733334,0
1789656733537,1
1789656733537,0
1789656733724,1
1789656733724,0
1789656733914,1
1789656733914,0
1789656734120,1
1789656734120,0
1789656734318,1
1789656734318,0
1789656734526,1
1789656734526,0
1789656734731,1
1789656734731,0
1789656734930,1
1789656734930,0
1789656735144,1
1789656735144,0
1789656735344,1
1789656735344,0
1789656735564,1
1789656735565,0
1789656735788,1
1789656735788,0
1789656735996,1
1789656735996,0
1789656736197,1
1789656736197,0
1789656736395,1
1789656736395,0
1789656736602,1
1789656736602,0
1789656736807,1
1789656736807,0
1789656737007,1
1789656737007,0
1789656737202,1
1789656737202,0
1789656737398,1
1789656737398,0
1789656737603,1
1789656737603,0
1789656737811,1
1789656737811,0
1789656738010,1
1789656738010,0
1789656738212,1
1789656738212,0
1789656738418,1
1789656738418,0
1789656738629,1
1789656738629,0
1789656738826,1
1789656738826,0
1789656739038,1
1789656739038,0
1789656739238,1
1789656739238,0
1789656739430,1
1789656739430,0
1789656739640,1
1789656739640,0
1789656739834,1
1789656739834,0
1789656740031,1
1789656740031,0
1789656740243,1
1789656740243,0
1789656740433,1
1789656740433,0
1789656740638,1
1789656740638,0
1789656740847,1
1789656740847,0
1789656741050,1
1789656741050,0
1789656741257,1
1789656741257,0
1789656741478,1
1789656741478,0
1789656741686,1
1789656741686,0
1789656741880,1
1789656741880,0
1789656742076,1
1789656742076,0
1789656742285,1
1789656742285,0
1789656742493,1
1789656742493,0
1789656742710,1
1789656742710,0
1789656742916,1
1789656742916,0
1789656743114,1
1789656743114,0
1789656743310,1
1789656743310,0
1789656743502,1
1789656743502,0
1789656743708,1
1789656743708,0
1789656743904,1
1789656743904,0
1789656744084,1
1789656744084,0
1789656744288,1
1789656744288,0
1789656744488,1
1789656744488,0
1789656744694,1
1789656744694,0
1789656744903,1
1789656744903,0
1789656745098,1
1789656745098,0
1789656745312,1
1789656745312,0
1789656745523,0
1789656745523,0
1789656745718,1
1789656745718,0
1789656745915,1
1789656745915,0
1789656746107,1
1789656746107,0
1789656746323,1
1789656746323,0
1789656746517,1
1789656746517,0
1789656746720,1
1789656746720,0
1789656746906,1
1789656746906,0
1789656747112,1
1789656747112,0
1789656747305,1
1789656747305,0
1789656747518,1
1789656747518,0
1789656747720,1
1789656747720,0
1789656747918,1
1789656747918,0
1789656748123,1
1789656748123,0
1789656748318,1
1789656748318,0
1789656748521,1
1789656748521,0
1789656748729,1
1789656748729,0
1789656748917,1
1789656748917,0
1789656749115,1
1789656749115,0
1789656749321,1
1789656749321,0
1789656749510,1
1789656749510,0
1789656749697,1
1789656749697,0
1789656749876,1
1789656749876,0
1789656750063,1
1789656750063,0
1789656750250,1
1789656750250,0
1789656750437,1
1789656750437,0
1789656750643,1
1789656750643,0
1789656750931,1
1789656750931,0
1789656751145,1
1789656751145,0
1789656751355,1
1789656751355,0
1789656751574,1
1789656751574,0
1789656751853,1
1789656751853,0
1789656752094,1
1789656752094,0
1789656752356,1
1789656752356,0
1789656752598,1
1789656752598,0
1789656752859,1
1789656752859,0
1789656753108,1
1789656753108,0
1789656753335,1
1789656753335,0
1789656753554,1
1789656753554,0
1789656753784,1
1789656753784,0
1789656754027,1
1789656754027,0
1789656754298,1
1789656754298,0
1789656754530,1
1789656754530,0
1789656754788,1
1789656754788,0
1789656755016,1
1789656755016,0
1789656755289,1
1789656755289,0
1789656755588,1
1789656755588,0
1789656755914,1
1789656755914,0
1789656756275,1
1789656756275,0
1789656756514,1
1789656756514,0
1789656756742,1
1789656756742,0
1789656757029,1
1789656757029,0
1789656757295,1
1789656757295,0
1789656757556,1
1789656757556,0
1789656757794,1
1789656757794,0
1789656758055,1
1789656758055,0
1789656758315,1
1789656758315,0
1789656758551,1
1789656758551,0
1789656758796,1
1789656758796,0
1789656759061,1
1789656759061,0
1789656759333,1
1789656759333,0
1789656759590,1
1789656759590,0
1789656759844,1
1789656759844,0
1789656760079,1
1789656760079,0
1789656760315,1
1789656760315,0
1789656760548,1
1789656760548,0
1789656760828,1
1789656760828,0
1789656761095,1
1789656761095,0
1789656761289,1
1789656761289,0
1789656761473,1
1789656761473,0
1789656761651,1
1789656761651,0
1789656761844,1
1789656761844,0
1789656762049,1
1789656762049,0
1789656762272,1
1789656762272,0
1789656762486,1
1789656762486,0
1789656762698,1
1789656762698,0
1789656762915,1
1789656762915,0
1789656763119,1
1789656763119,0
1789656763329,1
1789656763329,0
1789656763538,1
1789656763538,0
1789656763741,1
1789656763741,0
1789656763951,1
1789656763951,0
1789656764139,1
1789656764139,0
1789656764329,1
1789656764329,0
1789656764523,1
1789656764523,0
1789656764721,1
1789656764721,0
1789656764918,1
1789656764918,0
1789656765107,1
1789656765107,0
1789656765300,1
1789656765300,0
1789656765492,1
1789656765492,0
1789656765700,1
1789656765700,0
1789656765957,1
1789656765957,0
1789656766154,1
1789656766154,0
1789656766337,1
1789656766337,0
1789656766526,1
1789656766526,0
1789656766725,1
1789656766725,0
1789656766915,1
1789656766915,0
1789656767110,1
1789656767110,0
1789656767297,1
1789656767297,0
1789656767475,1
1789656767475,0
1789656767659,1
1789656767659,0
1789656767869,1
1789656767869,0
1789656768069,1
1789656768069,0
1789656768262,1
1789656768262,0
1789656768460,1
1789656768460,0
1789656768647,1
1789656768647,0
1789656768856,1
1789656768856,0
1789656769061,1
1789656769061,0
1789656769241,1
1789656769241,0
1789656769436,1
1789656769436,0
1789656769638,1
1789656769638,0
1789656769830,1
1789656769830,0
1789656770031,1
1789656770031,0
1789656770224,1
1789656770224,0
1789656770402,1
1789656770402,0
1789656770604,1
1789656770604,0
1789656770805,1
1789656770805,0
1789656771025,1
1789656771025,0
1789656771221,1
1789656771221,0
1789656771417,1
1789656771417,0
1789656771623,1
1789656771623,0
1789656771824,1
1789656771824,0
1789656772013,1
1789656772013,0
1789656772199,1
1789656772199,0
1789656772392,1
1789656772392,0
1789656772594,1
1789656772594,0
1789656772796,1
1789656772796,0
1789656772996,1
1789656772996,0
1789656773197,1
1789656773197,0
1789656773389,1
1789656773389,0
1789656773589,1
1789656773589,0
1789656773795,1
1789656773795,0
1789656773984,1
1789656773984,0
1789656774180,1
1789656774180,0
1789656774374,1
1789656774374,0
1789656774586,1
1789656774586,0
1789656774780,1
1789656774780,0
1789656774963,1
1789656774963,0
1789656775154,1
1789656775154,0
1789656775351,1
1789656775351,0
1789656775540,1
1789656775540,0
1789656775742,1
1789656775742,0
1789656776012,1
1789656776012,0
1789656776223,1
1789656776223,0
1789656776512,1
1789656776512,0
1789656776757,1
1789656776757,0
1789656776971,1
1789656776971,0
1789656777170,1
1789656777170,0
1789656777360,1
1789656777360,0
1789656777544,1
1789656777544,0
1789656777730,1
1789656777730,0
1789656777927,1
1789656777927,0
1789656778121,1
1789656778121,0
1789656778350,1
1789656778350,0
1789656778550,1
1789656778550,0
1789656813762,1
1789656813770,0
1789656814206,1
1789656814206,0
1789656814449,1
1789656814449,0
1789656814664,1
1789656814664,0
1789656814876,1
1789656814876,0
1789656815096,1
1789656815096,0
1789656815311,1
1789656815311,0
1789656815532,1
1789656815532,0
1789656815754,1
1789656815754,0
1789656815970,1
1789656815970,0
1789656816164,1
1789656816164,0
1789656816372,1
1789656816372,0
1789656816579,1
1789656816579,0
1789656816779,1
1789656816779,0
1789656816984,1
1789656816984,0
1789656817201,1
1789656817201,0
1789656817404,1
1789656817404,0
1789656817617,1
1789656817617,0
1789656817825,1
1789656817825,0
1789656818035,1
1789656818035,0
1789656818246,1
1789656818247,0
1789656818448,1
1789656818448,0
1789656818665,0
1789656818665,0
1789656818866,1
1789656818866,0
1789656819062,1
1789656819062,0
1789656819261,1
1789656819261,0
1789656819473,1
1789656819473,0
1789656819671,1
1789656819671,0
1789656819868,1
1789656819869,0
1789656820085,1
1789656820085,0
1789656820296,1
1789656820297,0
1789656820499,1
1789656820499,0
1789656820697,1
1789656820697,0
1789656820924,1
1789656820924,0
1789656821123,1
1789656821123,0
1789656821324,1
1789656821324,0
1789656821537,0
1789656821537,0
1789656821745,1
1789656821745,0
1789656821943,1
1789656821943,0
1789656822152,1
1789656822152,0
1789656822364,1
1789656822364,0
1789656822567,1
1789656822567,0
1789656822769,1
1789656822769,0
1789656822977,1
1789656822977,0
1789656823179,1
1789656823180,0
1789656823381,1
1789656823381,0
1789656823580,1
1789656823580,0
1789656823798,1
1789656823798,0
1789656823995,1
1789656823995,0
1789656824208,1
1789656824208,0
1789656824422,1
1789656824422,0
1789656824630,1
1789656824631,0
1789656824848,1
1789656824848,0
1789656825061,1
1789656825061,0
1789656825283,1
1789656825283,0
1789656825481,1
1789656825481,0
1789656825680,1
1789656825680,0
1789656825895,1
1789656825896,0
1789656826092,1
1789656826092,0
1789656826300,1
1789656826300,0
1789656826504,1
1789656826504,0
1789656826712,1
1789656826712,0
1789656826918,1
1789656826918,0
1789656827120,1
1789656827120,0
1789656827335,1
1789656827335,0
1789656827543,1
1789656827543,0
1789656827749,1
1789656827749,0
1789656827952,1
1789656827952,0
1789656828146,1
1789656828146,0
1789656828348,1
1789656828348,0
1789656828553,1
1789656828553,0
1789656828765,1
1789656828765,0
1789656828969,1
1789656828969,0
1789656829166,1
1789656829166,0
1789656829383,1
1789656829383,0
1789656829595,1
1789656829595,0
1789656829795,1
1789656829795,0
1789656829993,1
1789656829993,0
1789656830206,1
1789656830206,0
1789656830419,1
1789656830419,0
1789656830622,1
1789656830622,0
1789656830816,1
1789656830816,0
1789656831019,1
1789656831019,0
1789656831232,1
1789656831232,0
1789656831435,1
1789656831435,0
1789656831647,1
1789656831647,0
1789656831855,1
1789656831855,0
1789656832066,1
1789656832066,0
1789656832280,1
1789656832280,0
1789656832484,1
1789656832484,0
1789656832681,1
1789656832681,0
1789656832885,1
1789656832885,0
1789656833100,1
1789656833100,0
1789656833305,1
1789656833305,0
1789656833508,1
1789656833508,0
1789656833708,1
1789656833708,0
1789656833918,1
1789656833919,0
1789656834116,1
1789656834116,0
1789656834315,1
1789656834315,0
1789656834527,1
1789656834527,0
1789656834736,1
1789656834736,0
1789656834936,1
1789656834936,0
1789656835140,1
1789656835140,0
1789656835351,1
1789656835351,0
1789656835553,1
1789656835553,0
1789656835760,1
1789656835760,0
1789656835974,1
1789656835974,0
1789656836175,1
1789656836175,0
1789656836389,1
1789656836389,0
1789656836598,1
1789656836598,0
1789656836806,1
1789656836806,0
1789656837002,1
1789656837002,0
1789656837206,1
1789656837206,0
1789656837421,1
1789656837421,0
1789656837625,1
1789656837625,0
1789656837825,1
1789656837825,0
1789656838024,1
1789656838025,0
1789656838236,1
1789656838236,0
1789656838447,1
1789656838447,0
1789656838653,1
1789656838653,0
1789656838868,1
1789656838868,0
1789656839081,1
1789656839081,0
1789656839282,1
1789656839282,0
1789656839488,1
1789656839488,0
1789656839688,1
1789656839688,0
1789656839898,1
1789656839898,0
1789656840106,1
1789656840106,0
1789656840320,1
1789656840320,0
1789656840524,1
1789656840525,0
1789656840729,1
1789656840729,0
1789656840944,1
1789656840944,0
1789656841147,1
1789656841147,0
1789656841357,1
1789656841357,0
1789656841556,1
1789656841556,0
1789656841759,1
1789656841759,0
1789656841960,1
1789656841960,0
1789656842166,1
1789656842166,0
1789656842370,1
1789656842370,0
1789656842571,1
1789656842571,0
1789656842767,1
1789656842767,0
1789656842975,1
1789656842975,0
1789656843191,1
1789656843191,0
1789656843395,1
1789656843396,0
1789656843594,1
1789656843594,0
1789656843790,1
1789656843790,0
1789656843999,1
1789656843999,0
1789656844202,1
1789656844202,0
1789656844403,1
1789656844403,0
1789656844616,1
1789656844616,0
1789656844815,1
1789656844815,0
1789656845017,1
1789656845017,0
1789656845223,1
1789656845223,0
1789656845442,1
1789656845442,0
1789656845645,1
1789656845645,0
1789656845848,1
1789656845848,0
1789656846055,1
1789656846055,0
1789656846255,1
1789656846255,0
1789656846461,1
1789656846461,0
1789656846670,1
1789656846670,0
1789656846868,1
1789656846868,0
1789656847071,1
1789656847071,0
1789656847279,1
1789656847279,0
1789656847507,1
1789656847507,0
1789656847708,1
1789656847708,0
1789656847921,1
1789656847921,0
1789656848122,1
1789656848122,0
1789656848339,1
1789656848339,0
1789656848538,1
1789656848538,0
1789656848741,1
1789656848741,0
1789656848951,1
1789656848951,0
1789656849149,1
1789656849149,0
1789656849354,1
1789656849354,0
1789656849551,1
1789656849551,0
1789656849764,1
1789656849764,0
1789656849963,1
1789656849963,0
1789656850160,1
1789656850160,0
1789656850370,1
1789656850370,0
1789656850579,1
1789656850579,0
1789656850787,1
1789656850787,0
1789656851000,1
1789656851000,0
1789656851214,1
1789656851214,0
1789656851416,1
1789656851416,0
1789656851618,1
1789656851618,0
1789656851820,1
1789656851820,0
1789656852023,1
1789656852023,0
1789656852229,1
1789656852229,0
1789656852433,1
1789656852433,0
1789656852627,1
1789656852627,0
1789656852825,1
1789656852825,0
1789656853037,1
1789656853037,0
1789656853257,1
1789656853257,0
1789656853471,1
1789656853472,0
1789656853670,1
1789656853671,0
1789656853870,0
1789656853871,0
1789656854079,1
1789656854079,0
1789656854288,1
1789656854288,0
1789656854496,1
1789656854496,0
1789656854700,1
1789656854701,0
1789656854905,1
1789656854905,0
1789656855112,1
1789656855112,0
1789656855329,1
1789656855329,0
1789656855538,1
1789656855538,0
1789656855736,1
1789656855736,0
1789656855950,1
1789656855950,0
1789656856160,1
1789656856160,0
1789656856364,1
1789656856364,0
1789656856571,1
1789656856571,0
1789656856772,1
1789656856772,0
1789656856983,1
1789656856983,0
1789656857196,1
1789656857196,0
1789656857398,1
1789656857398,0
1789656857604,1
1789656857604,0
1789656857803,1
1789656857803,0
1789656858008,1
1789656858008,0
1789656858213,1
1789656858213,0
1789656858427,1
1789656858427,0
1789656858633,1
1789656858633,0
1789656858847,1
1789656858847,0
1789656859057,1
1789656859057,0
1789656859262,1
1789656859263,0
1789656859470,1
1789656859470,0
1789656859667,1
1789656859667,0
1789656859870,1
1789656859870,0
1789656860069,1
1789656860069,0
1789656860269,1
1789656860269,0
1789656860487,1
1789656860487,0
1789656860694,1
1789656860694,0
1789656860897,1
1789656860897,0
1789656861096,1
1789656861096,0
1789656861308,1
1789656861308,0
1789656861518,1
1789656861518,0
1789656861721,1
1789656861721,0
1789656861942,1
1789656861942,0
1789656862139,1
1789656862139,0
1789656862328,1
1789656862328,0
1789656862537,1
1789656862537,0
1789656862748,1
1789656862748,0
1789656862956,1
1789656862956,0
1789656863155,1
1789656863155,0
1789656863366,1
1789656863366,0
1789656863570,1
1789656863570,0
1789656863769,1
1789656863769,0
1789656863968,1
1789656863968,0
1789656864171,1
1789656864171,0
1789656864366,1
1789656864366,0
1789656864557,1
1789656864557,0
1789656864772,1
1789656864772,0
1789656864971,1
1789656864971,0
1789656865169,1
1789656865169,0
1789656865385,1
1789656865385,0
1789656865596,1
1789656865596,0
1789656865809,1
1789656865809,0
1789656866016,1
1789656866016,0
1789656866223,1
1789656866223,0
1789656866423,1
1789656866423,0
1789656866614,1
1789656866614,0
1789656866809,1
1789656866809,0
1789656867002,1
1789656867002,0
1789656867211,1
1789656867211,0
1789656867421,1
1789656867421,0
1789656867627,1
1789656867627,0
1789656867823,1
1789656867823,0
1789656868020,1
1789656868020,0
1789656868222,1
1789656868222,0
1789656868410,1
1789656868410,0
1789656868600,1
1789656868600,0
1789656868794,1
1789656868794,0
1789656869009,1
1789656869009,0
1789656869207,1
1789656869207,0
1789656869411,1
1789656869412,0
1789656869618,1
1789656869618,0
1789656869827,1
1789656869827,0
1789656870037,1
1789656870038,0
1789656870242,1
1789656870242,0
1789656870447,1
1789656870447,0
1789656870653,1
1789656870653,0
1789656870851,1
1789656870851,0
1789656871047,1
1789656871047,0
1789656871249,1
1789656871249,0
1789656871449,1
1789656871449,0
1789656871648,1
1789656871648,0
1789656871861,1
1789656871861,0
1789656872054,1
1789656872054,0
1789656872261,1
1789656872262,0
1789656872464,1
1789656872464,0
1789656872676,1
1789656872676,0
1789656872875,1
1789656872875,0
1789656873081,1
1789656873081,0
1789656873291,1
1789656873291,0
1789656873496,1
1789656873496,0
1789656873703,1
1789656873703,0
1789656873907,1
1789656873907,0
1789656874120,1
1789656874120,0
1789656874319,1
1789656874319,0
1789656874519,1
1789656874519,0
1789656874730,1
1789656874730,0
1789656874925,1
1789656874925,0
1789656875135,1
1789656875135,0
1789656875341,1
1789656875341,0
1789656875554,1
1789656875554,0
1789656875757,1
1789656875757,0
1789656875971,1
1789656875971,0
1789656876175,1
1789656876175,0
1789656876381,1
1789656876381,0
1789656876601,1
1789656876601,0
1789656876808,1
1789656876808,0
1789656877009,1
1789656877009,0
1789656877198,1
1789656877198,0
1789656877389,1
1789656877389,0
1789656877608,1
1789656877608,0
1789656877803,1
1789656877803,0
1789656878004,1
1789656878004,0
1789656878202,1
1789656878202,0
1789656878409,1
1789656878409,0
1789656878617,1
1789656878617,0
1789656878823,1
1789656878823,0
1789656879019,1
1789656879019,0
1789656879213,1
1789656879213,0
1789656879405,1
1789656879405,0
1789656879605,1
1789656879605,0
1789656879808,1
1789656879808,0
1789656880020,1
1789656880020,0
1789656880218,1
1789656880218,0
1789656880413,1
1789656880413,0
1789656880618,1
1789656880618,0
1789656880830,1
1789656880830,0
1789656881037,1
1789656881037,0
1789656881251,1
1789656881251,0
1789656881453,1
1789656881453,0
1789656881660,1
1789656881660,0
1789656881868,1
1789656881868,0
1789656882074,1
1789656882074,0
1789656882276,1
1789656882276,0
1789656882469,1
1789656882469,0
1789656882668,1
1789656882668,0
1789656882866,1
1789656882866,0
1789656883074,1
1789656883074,0
1789656883279,1
1789656883279,0
1789656883489,1
1789656883489,0
1789656883689,1
1789656883689,0
1789656883898,1
1789656883898,0
1789656884107,1
1789656884107,0
1789656884312,1
1789656884312,0
1789656884522,1
1789656884522,0
1789656884737,1
1789656884737,0
1789656884942,1
1789656884942,0
1789656885155,1
1789656885155,0
1789656885353,1
1789656885353,0
1789656885560,1
1789656885560,0
1789656885767,1
1789656885767,0
1789656885984,1
1789656885984,0
1789656886200,1
1789656886200,0
1789656886406,1
1789656886406,0
1789656886601,1
1789656886601,0
1789656886807,1
1789656886807,0
1789656887014,1
1789656887014,0
1789656887212,1
1789656887212,0
1789656887414,1
1789656887414,0
1789656887617,1
1789656887617,0
1789656887825,1
1789656887825,0
1789656888028,1
1789656888028,0
1789656888239,1
1789656888239,0
1789656888444,1
1789656888444,0
1789656888662,1
1789656888662,0
1789656888871,1
1789656888871,0
1789656889090,1
1789656889090,0
1789656889302,1
1789656889302,0
1789656889506,1
1789656889506,0
1789656889704,1
1789656889704,0
1789656889917,1
1789656889917,0
1789656890121,1
1789656890121,0
1789656890332,1
1789656890332,0
1789656890545,1
1789656890545,0
1789656890762,1
1789656890762,0
1789656890984,1
1789656890984,0
1789656891184,1
1789656891184,0
1789656891395,1
1789656891395,0
1789656891593,1
1789656891593,0
1789656891804,1
1789656891804,0
1789656892007,1
1789656892007,0
1789656892214,1
1789656892214,0
1789656892412,1
1789656892412,0
1789656892613,1
1789656892613,0
1789656892822,1
1789656892822,0
1789656893028,1
1789656893028,0
1789656893225,1
1789656893225,0
1789656893445,1
1789656893446,0
1789656893655,1
1789656893655,0
1789656893860,1
1789656893860,0
1789656894063,1
1789656894063,0
1789656894273,1
1789656894273,0
1789656894463,1
1789656894463,0
1789656894659,1
1789656894659,0
1789656894870,1
1789656894870,0
1789656895077,1
1789656895078,0
1789656895288,1
1789656895288,0
1789656895490,1
1789656895490,0
1789656895699,1
1789656895699,0
1789656895886,1
1789656895886,0
1789656896082,1
1789656896082,0
1789656896283,1
1789656896283,0
1789656896494,1
1789656896495,0
1789656896701,1
1789656896701,0
1789656896905,1
1789656896905,0
1789656897120,1
1789656897120,0
1789656897328,1
1789656897328,0
1789656897525,1
1789656897525,0
1789656897733,1
1789656897733,0
1789656897942,1
1789656897942,0
1789656898158,1
1789656898158,0
1789656898359,1
1789656898359,0
1789656898552,1
1789656898552,0
1789656898751,1
1789656898751,0
1789656898956,1
1789656898956,0
1789656899167,1
1789656899167,0
1789656899366,1
1789656899366,0
1789656899574,1
1789656899574,0
1789656899787,1
1789656899787,0
1789656899986,1
1789656899986,0
1789656900185,1
1789656900185,0
1789656900393,1
1789656900393,0
1789656900614,1
1789656900614,0
1789656900820,1
1789656900820,0
1789656901079,1
1789656901079,0
1789656901277,1
1789656901277,0
1789656901479,1
1789656901479,0
1789656901694,1
1789656901694,0
1789656901904,1
1789656901904,0
1789656902118,1
1789656902119,0
1789656902319,1
1789656902319,0
1789656902520,1
1789656902520,0
1789656902719,1
1789656902720,0
1789656902932,1
1789656902932,0
1789656903133,1
1789656903133,0
1789656903333,1
1789656903333,0
1789656903542,0
1789656903542,0
1789656903744,1
1789656903744,0
1789656903948,1
1789656903948,0
1789656904164,1
1789656904164,0
1789656904364,1
1789656904364,0
1789656904555,1
1789656904555,0
1789656904753,1
1789656904753,0
1789656904959,1
1789656904959,0
1789656905157,1
1789656905157,0
1789656905368,1
1789656905368,0
1789656905572,1
1789656905572,0
1789656905782,1
1789656905782,0
1789656905986,1
1789656905986,0
1789656906190,1
1789656906190,0
1789656906396,1
1789656906396,0
1789656906600,1
1789656906600,0
1789656906812,1
1789656906812,0
1789656907014,1
1789656907014,0
1789656907222,1
1789656907222,0
1789656907435,1
1789656907435,0
1789656907648,1
1789656907648,0
1789656907853,1
1789656907853,0
1789656908061,1
1789656908061,0
1789656908254,1
1789656908254,0
1789656908461,1
1789656908461,0
1789656908661,1
1789656908661,0
1789656908848,1
1789656908848,0
1789656909053,1
1789656909053,0
1789656909269,1
1789656909269,0
1789656909469,1
1789656909469,0
1789656909670,1
1789656909670,0
1789656909871,1
1789656909871,0
1789656910079,1
1789656910079,0
1789656910287,1
1789656910287,0
1789656910485,1
1789656910485,0
1789656910695,1
1789656910695,0
1789656910888,1
1789656910888,0
1789656911135,1
1789656911135,0
1789656911337,1
1789656911337,0
1789656911541,1
1789656911541,0
1789656911739,1
1789656911739,0
1789656911946,1
1789656911947,0
1789656912154,1
1789656912154,0
1789656912353,1
1789656912353,0
1789656912564,1
1789656912564,0
1789656912778,1
1789656912778,0
1789656912972,1
1789656912972,0
1789656913172,1
1789656913172,0
1789656913372,1
1789656913372,0
1789656913586,1
1789656913586,0
1789656913785,1
1789656913785,0
1789656913983,1
1789656913984,0
1789656914183,1
1789656914183,0
1789656914396,1
1789656914396,0
1789656914594,1
1789656914595,0
1789656914795,1
1789656914795,0
1789656915007,1
1789656915007,0
1789656915213,1
1789656915213,0
1789656915406,1
1789656915406,0
1789656915603,1
1789656915603,0
1789656915816,1
1789656915816,0
1789656916028,1
1789656916028,0
1789656916237,1
1789656916237,0
1789656916451,1
1789656916451,0
1789656916658,1
1789656916658,0
1789656916871,1
1789656916871,0
1789656917079,1
1789656917079,0
1789656917283,1
1789656917283,0
1789656917483,1
1789656917483,0
1789656917686,1
1789656917686,0
1789656917900,1
1789656917900,0
1789656918098,1
1789656918098,0
1789656918297,1
1789656918297,0
1789656918501,1
1789656918501,0
1789656918710,1
1789656918710,0
1789656918924,1
1789656918924,0
1789656919122,1
1789656919122,0
1789656919341,1
1789656919341,0
1789656919546,1
1789656919546,0
1789656919743,1
1789656919743,0
1789656919943,1
1789656919943,0
1789656920159,1
1789656920159,0
1789656920370,1
1789656920370,0
1789656920565,1
1789656920565,0
1789656920781,1
1789656920781,0
1789656920978,1
1789656920978,0
1789656921175,1
1789656921175,0
1789656921375,1
1789656921375,0
1789656921574,1
1789656921574,0
1789656921772,1
1789656921772,0
1789656921970,1
1789656921970,0
1789656922189,1
1789656922189,0
1789656922389,1
1789656922389,0
1789656922597,1
1789656922597,0
1789656922793,1
1789656922793,0
1789656922984,1
1789656922984,0
1789656923180,1
1789656923180,0
1789656923383,1
1789656923383,0
1789656923589,1
1789656923589,0
1789656923783,1
1789656923783,0
1789656923988,1
1789656923988,0
1789656924202,1
1789656924202,0
1789656924410,1
1789656924410,0
1789656924613,1
1789656924613,0
1789656924810,1
1789656924810,0
1789656925009,1
1789656925009,0
1789656925213,1
1789656925213,0
1789656925412,1
1789656925412,0
1789656925609,1
1789656925609,0
1789656925817,1
1789656925817,0
1789656926009,1
1789656926009,0
1789656926206,1
1789656926206,0
1789656926415,1
1789656926415,0
1789656926618,1
1789656926618,0
1789656926822,1
1789656926822,0
1789656927020,1
1789656927020,0
1789656927231,1
1789656927231,0
1789656927437,1
1789656927437,0
1789656927640,1
1789656927640,0
1789656927848,1
1789656927848,0
1789656928042,1
1789656928042,0
1789656928236,1
1789656928236,0
1789656928448,1
1789656928448,0
1789656928655,1
1789656928655,0
1789656928861,1
1789656928861,0
1789656929066,1
1789656929066,0
1789656929283,1
1789656929283,0
1789656929489,1
1789656929489,0
1789656929697,1
1789656929697,0
1789656929892,1
1789656929892,0
1789656930090,1
1789656930090,0
1789656930283,1
1789656930283,0
1789656930485,1
1789656930485,0
1789656930696,1
1789656930696,0
1789656930902,1
1789656930902,0
1789656931109,1
1789656931109,0
1789656931313,1
1789656931313,0
1789656931523,1
1789656931523,0
1789656931713,1
1789656931713,0
1789656931913,1
1789656931913,0
1789656932119,1
1789656932119,0
1789656932318,1
1789656932318,0
1789656932517,1
1789656932517,0
1789656932721,1
1789656932721,0
1789656932935,1
1789656932935,0
1789656933143,1
1789656933143,0
1789656933337,1
1789656933337,0
1789656933542,1
1789656933542,0
1789656933737,1
1789656933737,0
1789656933954,1
1789656933954,0
1789656934150,1
1789656934150,0
1789656934353,1
1789656934353,0
1789656934554,1
1789656934554,0
1789656934754,1
1789656934754,0
1789656934965,1
1789656934965,0
1789656935159,1
1789656935159,0
1789656935356,1
1789656935356,0
1789656935559,1
1789656935559,0
1789656935756,1
1789656935756,0
1789656935944,1
1789656935944,0
1789656936137,1
1789656936137,0
1789656936354,1
1789656936354,0
1789656936548,1
1789656936548,0
1789656936744,1
1789656936744,0
1789656936939,1
1789656936939,0
1789656937137,1
1789656937137,0
1789656937339,1
1789656937339,0
1789656937545,1
1789656937545,0
1789656937753,1
1789656937753,0
1789656937960,1
1789656937960,0
1789656938155,1
1789656938155,0
1789656938355,1
1789656938355,0
1789656938544,1
1789656938544,0
1789656938744,1
1789656938744,0
1789656938938,1
1789656938938,0
1789656939150,1
1789656939150,0
1789656939358,1
1789656939358,0
1789656939566,1
1789656939566,0
1789656939765,1
1789656939765,0
1789656939967,1
1789656939967,0
1789656940164,1
1789656940164,0
1789656940368,1
1789656940368,0
1789656940580,1
1789656940580,0
1789656940788,1
1789656940788,0
1789656940974,1
1789656940974,0
1789656941169,1
1789656941169,0
1789656941382,1
1789656941382,0
1789656941584,1
1789656941584,0
1789656941786,1
1789656941786,0
1789656941994,1
1789656941994,0
1789656942191,1
1789656942191,0
1789656942388,1
1789656942388,0
1789656942593,1
1789656942593,0
1789656942803,1
1789656942803,0
1789656943000,1
1789656943000,0
1789656943196,1
1789656943196,0
1789656943409,1
1789656943409,0
1789656943613,1
1789656943613,0
1789656943815,1
1789656943815,0
1789656944017,1
1789656944017,0
1789656944235,1
1789656944235,0
1789656944441,1
1789656944441,0
1789656944635,1
1789656944635,0
1789656944851,1
1789656944851,0
1789656945054,1
1789656945054,0
1789656945258,1
1789656945258,0
1789656945468,1
1789656945468,0
1789656945672,1
1789656945672,0
1789656945870,1
1789656945870,0
1789656946084,1
1789656946084,0
1789656946291,1
1789656946291,0
1789656946491,1
1789656946491,0
1789656946692,1
1789656946692,0
1789656946896,1
1789656946896,0
1789656947101,1
1789656947101,0
1789656947308,1
1789656947308,0
1789656947505,1
1789656947505,0
1789656947716,1
1789656947716,0
1789656947918,1
1789656947918,0
1789656948116,1
1789656948116,0
1789656948318,1
1789656948318,0
1789656948535,1
1789656948535,0
1789656948733,1
1789656948733,0
1789656948937,1
1789656948937,0
1789656949150,1
1789656949150,0
1789656949356,1
1789656949356,0
1789656949559,1
1789656949559,0
1789656949759,1
1789656949760,0
1789656949969,1
1789656949969,0
1789656950164,1
1789656950164,0
1789656950361,1
1789656950361,0
1789656950566,1
1789656950566,0
1789656950775,1
1789656950775,0
1789656950971,1
1789656950971,0
1789656951172,1
1789656951172,0
1789656951381,1
1789656951381,0
1789656951580,1
1789656951580,0
1789656951778,1
1789656951778,0
1789656951986,1
1789656951986,0
1789656952190,1
1789656952190,0
1789656952399,1
1789656952399,0
1789656952603,1
1789656952603,0
1789656952805,1
1789656952805,0
1789656953008,1
1789656953008,0
1789656953208,1
1789656953208,0
1789656953420,1
1789656953420,0
1789656953625,1
1789656953625,0
1789656953827,1
1789656953827,0
1789656954027,1
1789656954027,0
1789656954229,1
1789656954229,0
1789656954429,1
1789656954429,0
1789656954636,1
1789656954636,0
1789656954842,1
1789656954842,0
1789656955039,1
1789656955039,0
1789656955237,1
1789656955237,0
1789656955441,1
1789656955441,0
1789656955640,1
1789656955640,0
1789656955843,1
1789656955843,0
1789656956031,1
1789656956031,0
1789656956233,1
1789656956233,0
1789656956429,1
1789656956429,0
1789656956630,1
1789656956630,0
1789656956839,1
1789656956839,0
1789656957049,1
1789656957049,0
1789656957245,1
1789656957245,0
1789656957439,1
1789656957439,0
1789656957654,1
1789656957654,0
1789656957857,1
1789656957857,0
1789656958065,1
1789656958065,0
1789656958265,1
1789656958265,0
1789656958463,1
1789656958463,0
1789656958661,1
1789656958661,0
1789656958858,1
1789656958858,0
1789656959068,1
1789656959068,0
1789656959266,1
1789656959266,0
1789656959468,1
1789656959468,0
1789656959680,1
1789656959680,0
1789656959879,1
1789656959879,0
1789656960080,1
1789656960080,0
1789656960280,1
1789656960280,0
1789656960496,1
1789656960496,0
1789656960709,1
1789656960709,0
1789656960910,1
1789656960910,0
1789656961143,1
1789656961143,0
1789656961343,1
1789656961343,0
1789656961542,0
1789656961543,0
1789656961745,1
1789656961745,0
1789656961957,1
1789656961957,0
1789656962149,1
1789656962149,0
1789656962350,1
1789656962350,0
1789656962553,1
1789656962553,0
1789656962761,1
1789656962761,0
1789656962962,1
1789656962962,0
1789656963159,1
1789656963160,0
1789656963372,1
1789656963372,0
1789656963574,1
1789656963574,0
1789656963789,1
1789656963789,0
1789656963994,1
1789656963994,0
1789656964201,1
1789656964201,0
1789656964412,1
1789656964412,0
1789656964609,1
1789656964609,0
1789656964816,1
1789656964816,0
1789656965025,1
1789656965025,0
1789656965232,1
1789656965232,0
1789656965435,1
1789656965435,0
1789656965634,1
1789656965634,0
1789656965838,1
1789656965838,0
1789656966034,1
1789656966034,0
1789656966249,1
1789656966249,0
1789656966446,1
1789656966446,0
1789656966643,1
1789656966643,0
1789656966839,1
1789656966839,0
1789656967044,1
1789656967044,0
1789656967241,1
1789656967241,0
1789656967438,1
1789656967438,0
1789656967643,1
1789656967643,0
1789656967838,1
1789656967838,0
1789656968034,1
1789656968034,0
1789656968244,1
1789656968244,0
1789656968443,1
1789656968443,0
1789656968639,1
1789656968639,0
1789656968841,1
1789656968841,0
1789656969063,1
1789656969063,0
1789656969261,1
1789656969261,0
1789656969460,1
1789656969460,0
1789656969672,1
1789656969672,0
1789656969888,1
1789656969888,0
1789656970098,1
1789656970098,0
1789656970303,1
1789656970303,0
1789656970509,1
1789656970510,0
1789656970707,1
1789656970707,0
1789656970919,1
1789656970919,0
1789656971128,1
1789656971128,0
1789656971329,1
1789656971329,0
1789656971530,1
1789656971530,0
1789656971729,1
1789656971729,0
1789656971941,1
1789656971941,0
1789656972141,1
1789656972141,0
1789656972336,1
1789656972336,0
1789656972540,1
1789656972540,0
1789656972737,1
1789656972737,0
1789656972948,1
1789656972948,0
1789656973152,1
1789656973152,0
1789656973368,1
1789656973368,0
1789656973551,1
1789656973551,0
1789656973766,1
1789656973766,0
1789656973969,1
1789656973969,0
1789656974171,1
1789656974171,0
1789656974374,1
1789656974374,0
1789656974578,1
1789656974578,0
1789656974791,1
1789656974792,0
1789656974992,1
1789656974992,0
1789656975193,1
1789656975193,0
1789656975394,1
1789656975394,0
1789656975591,1
1789656975591,0
1789656975799,1
1789656975799,0
1789656976016,1
1789656976016,0
1789656976230,1
1789656976230,0
1789656976432,1
1789656976432,0
1789656976643,1
1789656976643,0
1789656976846,1
1789656976846,0
1789656977054,1
1789656977054,0
1789656977263,1
1789656977263,0
1789656977466,1
1789656977466,0
1789656977675,1
1789656977675,0
1789656977875,1
1789656977875,0
1789656978084,1
1789656978084,0
1789656978286,1
1789656978286,0
1789656978494,1
1789656978494,0
1789656978692,1
1789656978693,0
1789656978900,1
1789656978900,0
1789656979104,1
1789656979104,0
1789656979310,1
1789656979311,0
1789656979509,1
1789656979509,0
1789656979714,1
1789656979714,0
1789656979919,1
1789656979919,0
1789656980125,1
1789656980125,0
1789656980337,1
1789656980337,0
1789656980554,1
1789656980554,0
1789656980754,1
1789656980754,0
1789656980976,1
1789656980976,0
1789656981191,1
1789656981191,0
1789656981395,1
1789656981395,0
1789656981595,1
1789656981595,0
1789656981800,1
1789656981800,0
1789656982003,1
1789656982003,0
1789656982208,1
1789656982208,0
1789656982414,1
1789656982414,0
1789656982624,1
1789656982624,0
1789656982836,1
1789656982836,0
1789656983032,1
1789656983032,0
1789656983227,1
1789656983227,0
1789656983438,1
1789656983438,0
1789656983636,1
1789656983636,0
1789656983841,1
1789656983841,0
1789656984043,1
1789656984043,0
1789656984253,1
1789656984253,0
1789656984462,1
1789656984462,0
1789656984668,1
1789656984668,0
1789656984876,1
1789656984876,0
1789656985079,1
1789656985079,0
1789656985283,1
1789656985283,0
1789656985483,1
1789656985483,0
1789656985686,1
1789656985686,0
1789656985896,1
1789656985896,0
1789656986083,1
1789656986083,0
1789656986286,1
1789656986286,0
1789656986490,1
1789656986490,0
1789656986687,1
1789656986687,0
1789656986892,1
1789656986892,0
1789656987079,1
1789656987079,0
1789656987262,1
1789656987262,0
1789656987446,1
1789656987446,0
1789656987640,1
1789656987640,0
1789656987834,1
1789656987834,0
1789656988026,1
1789656988026,0
1789656988221,1
1789656988221,0
1789656988422,1
1789656988422,0
1789656988623,1
1789656988623,0
1789656988823,1
1789656988823,0
1789656989024,1
1789656989024,0
1789656989218,1
1789656989218,0
1789656989411,1
1789656989411,0
1789656989598,0
1789656989598,0
1789656989808,1
1789656989808,0
1789656990023,1
1789656990023,0
1789656990214,1
1789656990214,0
1789656990410,1
1789656990410,0
1789656990598,1
1789656990598,0
1789656990786,1
1789656990786,0
1789656991007,1
1789656991007,0
1789656991294,1
1789656991294,0
1789656991515,1
1789656991515,0
1789656991724,1
1789656991724,0
1789656991933,1
1789656991933,0
1789656992186,1
1789656992186,0
1789656992447,1
1789656992447,0
1789656992694,1
1789656992694,0
1789656992899,1
1789656992899,0
1789656993136,1
1789656993136,0
1789656993342,1
1789656993342,0
1789656993579,1
1789656993579,0
1789656993799,1
1789656993799,0
1789656994002,1
1789656994002,0
1789656994192,1
1789656994192,0
1789656994396,1
1789656994396,0
1789656994598,0
1789656994598,0
1789656994805,1
1789656994805,0
1789656995011,1
1789656995011,0
1789656995199,1
1789656995199,0
1789656995402,1
1789656995402,0
1789656995616,1
1789656995616,0
1789656995820,1
1789656995820,0
1789656996023,1
1789656996023,0
1789656996305,1
1789656996305,0
1789656996586,1
1789656996586,0
1789656996835,1
1789656996835,0
1789656997059,1
1789656997059,0
1789656997270,1
1789656997270,0
1789656997489,1
1789656997489,0
1789656997746,1
1789656997746,0
1789656997979,1
1789656997979,0
1789656998194,1
1789656998194,0
1789656998410,1
1789656998410,0
1789656998620,1
1789656998620,0
1789656998826,1
1789656998826,0
1789656999031,1
1789656999031,0
1789656999220,1
1789656999220,0
1789656999417,1
1789656999417,0
1789656999625,1
1789656999625,0
1789656999853,1
1789656999853,0
1789657000061,1
1789657000061,0
1789657000263,1
1789657000263,0
1789657000465,1
1789657000465,0
1789657000668,1
1789657000668,0
1789657000894,1
1789657000894,0
1789657001116,0
1789657001116,0
1789657001382,1
1789657001382,0
1789657001612,1
1789657001612,0
1789657001823,1
1789657001823,0
1789657002070,1
1789657002070,0
1789657002275,1
1789657002275,0
1789657002479,1
1789657002479,0
1789657002683,1
1789657002683,0
1789657002873,1
1789657002873,0
1789657003073,1
1789657003073,0
1789657003317,1
1789657003317,0
1789657003530,1
1789657003530,0
1789657003756,1
1789657003756,0
1789657003979,1
1789657003979,0
1789657004185,1
1789657004185,0
1789657004400,1
1789657004400,0
1789657004614,1
1789657004614,0
1789657004826,1
1789657004826,0
1789657005030,1
1789657005030,0
1789657005241,1
1789657005241,0
1789657005818,1
1789657005819,0
1789657006372,1
1789657006372,0
1789657006820,1
1789657006820,0
1789657007132,1
1789657007132,0
1789657007369,1
1789657007369,0
1789657007697,1
1789657007697,0
1789657007925,1
1789657007925,0
1789657008132,1
1789657008132,0
1789657008337,1
1789657008337,0
1789657008535,1
1789657008535,0
1789657008733,1
1789657008733,0
1789657008938,1
1789657008938,0
1789657009149,1
1789657009149,0
1789657009342,1
1789657009342,0
1789657009538,1
1789657009538,0
1789657009731,1
1789657009731,0
1789657009917,1
1789657009917,0
1789657010105,1
1789657010105,0
1789657010299,1
1789657010299,0
1789657010496,1
1789657010496,0
1789657010693,1
1789657010693,0
1789657010890,1
1789657010890,0
1789657011106,1
1789657011106,0
1789657011351,1
1789657011351,0
1789657011548,1
1789657011548,0
1789657011744,1
1789657011744,0
1789657011954,1
1789657011954,0
1789657012156,1
1789657012156,0
1789657012360,1
1789657012360,0
1789657012567,1
1789657012567,0
1789657012769,1
1789657012769,0
1789657012995,1
1789657012995,0
1789657013256,1
1789657013256,0
1789657013488,1
1789657013488,0
1789657013740,1
1789657013740,0
1789657014042,1
1789657014042,0
1789657014293,1
1789657014293,0
1789657014501,1
1789657014501,0
1789657014700,1
1789657014700,0
1789657014894,1
1789657014894,0
1789657015096,1
1789657015096,0
1789657015293,1
1789657015293,0
1789657015483,1
1789657015483,0
1789657015687,1
1789657015687,0
1789657015876,1
1789657015876,0
1789657016084,1
1789657016084,0
1789657016316,1
1789657016316,0
1789657016519,1
1789657016519,0
1789657016715,1
1789657016715,0
1789657016908,1
1789657016908,0
1789657017107,1
1789657017107,0
1789657017308,1
1789657017308,0
1789657017500,1
1789657017500,0
1789657017688,1
1789657017688,0
1789657017891,1
1789657017891,0
1789657018081,1
1789657018081,0
1789657018272,1
1789657018272,0
1789657018481,1
1789657018481,0
1789657018676,1
1789657018676,0
1789657018873,1
1789657018873,0
1789657019063,1
1789657019063,0
1789657019266,1
1789657019266,0
1789657019468,1
1789657019468,0
1789657019673,1
1789657019673,0
1789657019884,1
1789657019884,0
1789657020073,1
1789657020073,0
1789657020261,1
1789657020261,0
1789657020471,1
1789657020471,0
1789657020692,1
1789657020692,0
1789657020897,1
1789657020897,0
1789657021199,1
1789657021199,0
1789657021509,1
1789657021509,0
1789657021749,1
1789657021749,0
1789657021961,1
1789657021961,0
1789657022164,1
1789657022164,0
1789657022382,1
1789657022382,0
1789657022595,1
1789657022595,0
1789657022810,1
1789657022810,0
1789657023062,1
1789657023062,0
1789657023298,1
1789657023298,0
1789657023541,1
1789657023541,0
1789657023769,1
1789657023769,0
1789657024032,1
1789657024032,0
1789657024270,1
1789657024270,0
1789657024474,1
1789657024474,0
1789657024680,1
1789657024680,0
1789657024878,1
1789657024878,0
1789657025073,1
1789657025073,0
1789657025265,1
1789657025265,0
1789657025468,1
1789657025468,0
1789657025671,1
1789657025671,0
1789657025865,1
1789657025865,0
1789657026074,1
1789657026074,0
1789657026286,1
1789657026286,0
1789657026483,1
1789657026483,0
1789657026688,1
1789657026688,0
1789657026887,1
1789657026887,0
1789657027085,1
1789657027085,0
1789657027294,1
1789657027294,0
1789657027501,1
1789657027501,0
1789657027704,1
1789657027704,0
1789657027903,1
1789657027903,0
1789657028115,1
1789657028115,0
1789657028315,1
1789657028315,0
1789657028507,1
1789657028507,0
1789657028701,1
1789657028701,0
1789657028905,1
1789657028905,0
1789657029106,1
1789657029106,0
1789657029302,1
1789657029302,0
1789657029508,1
1789657029509,0
1789657029713,1
1789657029713,0
1789657029900,1
1789657029900,0
1789657030099,1
1789657030099,0
1789657030316,0
1789657030316,0
1789657030515,1
1789657030515,0
1789657030719,0
1789657030719,0
1789657030916,1
1789657030916,0
1789657031119,1
1789657031119,0
1789657031341,1
1789657031341,0
1789657031542,1
1789657031542,0
1789657031737,1
1789657031737,0
1789657031932,1
1789657031932,0
1789657032133,1
1789657032133,0
1789657032327,1
1789657032327,0
1789657032525,1
1789657032525,0
1789657032727,1
1789657032727,0
1789657032932,0
1789657032932,0
1789657033144,1
1789657033144,0
1789657033356,1
1789657033356,0
1789657033557,1
1789657033557,0
1789657033752,1
1789657033752,0
1789657033963,1
1789657033963,0
1789657034159,1
1789657034159,0
1789657034353,1
1789657034353,0
1789657034566,1
1789657034566,0
1789657034767,1
1789657034767,0
1789657034965,1
1789657034965,0
1789657035174,1
1789657035174,0
1789657035370,1
1789657035370,0
1789657035565,1
1789657035565,0
1789657035768,1
1789657035768,0
1789657035983,1
1789657035983,0
1789657036187,1
1789657036187,0
1789657036446,1
1789657036446,0
1789657036658,1
1789657036658,0
1789657036865,1
1789657036865,0
1789657037066,1
1789657037066,0
1789657037258,1
1789657037258,0
1789657037479,1
1789657037479,0
1789657037678,1
1789657037678,0
1789657037879,1
1789657037879,0
1789657038087,1
1789657038088,0
1789657038285,1
1789657038285,0
1789657038484,1
1789657038484,0
1789657038686,1
1789657038686,0
1789657038896,1
1789657038896,0
1789657039094,1
1789657039094,0
1789657039292,1
1789657039292,0
1789657039486,1
1789657039486,0
1789657039683,1
1789657039683,0
1789657039894,1
1789657039894,0
1789657040084,1
1789657040084,0
1789657040297,1
1789657040297,0
1789657040493,1
1789657040493,0
1789657040687,1
1789657040687,0
1789657040881,1
1789657040881,0
1789657041088,1
1789657041088,0
1789657041307,1
1789657041307,0
1789657041513,1
1789657041513,0
1789657041723,1
1789657041723,0
1789657041927,1
1789657041927,0
1789657042136,1
1789657042136,0
1789657042336,1
1789657042336,0
1789657042543,1
1789657042543,0
1789657042744,1
1789657042744,0
1789657042947,1
1789657042947,0
1789657043149,1
1789657043149,0
1789657043345,1
1789657043345,0
1789657043543,1
1789657043543,0
1789657043742,1
1789657043742,0
1789657043940,1
1789657043940,0
1789657044146,1
1789657044146,0
1789657044352,1
1789657044352,0
1789657044558,1
1789657044558,0
1789657044756,1
1789657044756,0
1789657044957,1
1789657044957,0
1789657045150,1
1789657045150,0
1789657045348,1
1789657045348,0
1789657045536,1
1789657045536,0
1789657045733,1
1789657045733,0
1789657045951,1
1789657045951,0
1789657046161,1
1789657046161,0
1789657046374,1
1789657046374,0
1789657046571,1
1789657046571,0
1789657046770,1
1789657046770,0
1789657046973,1
1789657046973,0
1789657047169,1
1789657047169,0
1789657047379,1
1789657047379,0
1789657047581,1
1789657047581,0
1789657047779,1
1789657047779,0
1789657047993,1
1789657047993,0
1789657048197,1
1789657048197,0
1789657048391,1
1789657048391,0
1789657048595,1
1789657048595,0
1789657048806,1
1789657048806,0
1789657049006,1
1789657049006,0
1789657049209,1
1789657049209,0
1789657049410,1
1789657049410,0
1789657049614,1
1789657049614,0
1789657049812,1
1789657049812,0
1789657050007,1
1789657050007,0
1789657050217,1
1789657050217,0
1789657050414,1
1789657050414,0
1789657050611,1
1789657050611,0
1789657050813,1
1789657050813,0
1789657051010,1
1789657051010,0
1789657051244,1
1789657051244,0
1789657051453,0
1789657051453,0
1789657051663,1
1789657051663,0
1789657051852,1
1789657051852,0
1789657052051,1
1789657052051,0
1789657052248,1
1789657052248,0
1789657052451,1
1789657052451,0
1789657052668,1
1789657052668,0
1789657052861,1
1789657052861,0
1789657053069,1
1789657053069,0
1789657053269,1
1789657053269,0
1789657053483,1
1789657053483,0
1789657053679,1
1789657053679,0
1789657053873,1
1789657053873,0
1789657054078,1
1789657054078,0
1789657054283,1
1789657054283,0
1789657054504,1
1789657054504,0
1789657054703,1
1789657054703,0
1789657054929,1
1789657054929,0
1789657055126,1
1789657055126,0
1789657055322,1
1789657055322,0
1789657055516,1
1789657055516,0
1789657055716,1
1789657055716,0
1789657055932,1
1789657055932,0
1789657056145,1
1789657056145,0
1789657056383,1
1789657056383,0
1789657056624,1
1789657056624,0
1789657056829,1
1789657056829,0
1789657057024,1
1789657057024,0
1789657057219,1
1789657057219,0
1789657057426,1
1789657057426,0
1789657057626,1
1789657057626,0
1789657057829,1
1789657057829,0
1789657058051,1
1789657058051,0
1789657058261,1
1789657058261,0
1789657058466,1
1789657058466,0
1789657058662,1
1789657058662,0
1789657058872,1
1789657058872,0
1789657059078,1
1789657059078,0
1789657059279,1
1789657059279,0
1789657059475,1
1789657059475,0
1789657059688,1
1789657059688,0
1789657059886,1
1789657059886,0
1789657060082,1
1789657060082,0
1789657060277,1
1789657060277,0
1789657060482,1
1789657060482,0
1789657060688,1
1789657060688,0
1789657060901,1
1789657060901,0
1789657061114,1
1789657061114,0
1789657061328,1
1789657061328,0
1789657061599,1
1789657061599,0
1789657061892,1
1789657061892,0
1789657062144,1
1789657062144,0
1789657062387,1
1789657062387,0
1789657062593,1
1789657062593,0
1789657062796,1
1789657062796,0
1789657062992,1
1789657062992,0
1789657063190,1
1789657063190,0
1789657063413,1
1789657063413,0
1789657063601,1
1789657063601,0
1789657063796,1
1789657063796,0
1789657063994,1
1789657063994,0
1789657064199,1
1789657064199,0
1789657064408,1
1789657064408,0
1789657064662,1
1789657064662,0
1789657064943,1
1789657064943,0
1789657065145,1
1789657065145,0
1789657065334,1
1789657065334,0
1789657065541,1
1789657065541,0
1789657065747,1
1789657065747,0
1789657065943,1
1789657065943,0
1789657066150,1
1789657066150,0
1789657066415,1
1789657066415,0
1789657066615,1
1789657066615,0
1789657066817,1
1789657066817,0
1789657067015,1
1789657067015,0
1789657067222,1
1789657067222,0
1789657067433,1
1789657067433,0
1789657067633,1
1789657067633,0
1789657067840,1
1789657067840,0
1789657068033,1
1789657068033,0
1789657068230,1
1789657068230,0
1789657068435,1
1789657068435,0
1789657068633,1
1789657068633,0
1789657068835,1
1789657068835,0
1789657069039,1
1789657069039,0
1789657069253,1
1789657069253,0
1789657069453,1
1789657069453,0
1789657069667,1
1789657069667,0
1789657069906,1
1789657069906,0
1789657070253,1
1789657070253,0
1789657070510,1
1789657070510,0
1789657070724,1
1789657070724,0
1789657070928,1
1789657070928,0
1789657071150,1
1789657071150,0
1789657071467,1
1789657071467,0
1789657071690,1
1789657071690,0
1789657071894,1
1789657071894,0
1789657072090,1
1789657072090,0
1789657072296,1
1789657072296,0
1789657072500,1
1789657072500,0
1789657072702,1
1789657072702,0
1789657072901,1
1789657072901,0
1789657073112,1
1789657073112,0
1789657073318,1
1789657073318,0
1789657073516,1
1789657073516,0
1789657073724,1
1789657073724,0
1789657073931,1
1789657073931,0
1789657074133,1
1789657074133,0
1789657074341,1
1789657074341,0
1789657074529,1
1789657074529,0
1789657074736,1
1789657074736,0
1789657074942,1
1789657074942,0
1789657075136,1
1789657075136,0
1789657075346,1
1789657075346,0
1789657075551,1
1789657075551,0
1789657075748,1
1789657075748,0
1789657075952,1
1789657075952,0
1789657076160,1
1789657076160,0
1789657076363,1
1789657076363,0
1789657076555,1
1789657076555,0
1789657076773,1
1789657076773,0
1789657076972,1
1789657076972,0
1789657077168,1
1789657077168,0
1789657077369,1
1789657077369,0
1789657077584,1
1789657077584,0
1789657077783,1
1789657077783,0
1789657077992,1
1789657077992,0
1789657078210,1
1789657078210,0
1789657078397,1
1789657078397,0
1789657078582,1
1789657078582,0
1789657078778,1
1789657078778,0
1789657078999,1
1789657078999,0
1789657079200,1
1789657079200,0
1789657079396,1
1789657079396,0
1789657079612,1
1789657079612,0
1789657079813,1
1789657079813,0
1789657080015,1
1789657080015,0
1789657080207,1
1789657080207,0
1789657080412,1
1789657080412,0
1789657080612,1
1789657080612,0
1789657080799,1
1789657080799,0
1789657080993,1
1789657080993,0
1789657081199,1
1789657081199,0
1789657081441,1
1789657081441,0
1789657081633,1
1789657081633,0
1789657081829,1
1789657081829,0
1789657082025,1
1789657082025,0
1789657082229,1
1789657082229,0
1789657082442,1
1789657082442,0
1789657082639,1
1789657082639,0
1789657082844,1
1789657082844,0
1789657083038,1
1789657083038,0
1789657083245,1
1789657083245,0
1789657083453,1
1789657083453,0
1789657083642,1
1789657083642,0
1789657083847,1
1789657083847,0
1789657084043,1
1789657084043,0
1789657084258,1
1789657084258,0
1789657084453,1
1789657084453,0
1789657084651,1
1789657084651,0
1789657084845,1
1789657084845,0
1789657085036,1
1789657085036,0
1789657085262,1
1789657085262,0
1789657085459,1
1789657085459,0
1789657085657,1
1789657085657,0
1789657085863,1
1789657085863,0
1789657086077,1
1789657086077,0
1789657086301,1
1789657086301,0
1789657086500,1
1789657086500,0
1789657086707,1
1789657086707,0
1789657086913,1
1789657086913,0
1789657087111,0
1789657087111,0
1789657087310,1
1789657087310,0
1789657087525,1
1789657087525,0
1789657087736,1
1789657087736,0
1789657087936,1
1789657087936,0
1789657088153,1
1789657088153,0
1789657088359,1
1789657088359,0
1789657088542,1
1789657088542,0
1789657088753,1
1789657088753,0
1789657088961,1
1789657088961,0
1789657089164,1
1789657089164,0
1789657089364,1
1789657089364,0
1789657089568,1
1789657089568,0
1789657089761,1
1789657089761,0
1789657089962,1
1789657089962,0
1789657090151,1
1789657090151,0
1789657090350,1
1789657090350,0
1789657090544,1
1789657090544,0
1789657090747,1
1789657090747,0
1789657090961,1
1789657090961,0
1789657091163,1
1789657091163,0
1789657091366,1
1789657091366,0
1789657091568,1
1789657091568,0
1789657091781,1
1789657091781,0
1789657091985,1
1789657091985,0
1789657092182,1
1789657092182,0
1789657092392,1
1789657092392,0
1789657092588,1
1789657092588,0
1789657092781,1
1789657092781,0
1789657092977,1
1789657092977,0
1789657093187,1
1789657093187,0
1789657093397,1
1789657093397,0
1789657093590,1
1789657093590,0
1789657093796,1
1789657093796,0
1789657093993,1
1789657093993,0
1789657094188,1
1789657094188,0
1789657094388,1
1789657094388,0
1789657094598,1
1789657094598,0
1789657094798,1
1789657094798,0
1789657094995,1
1789657094995,0
1789657095204,1
1789657095204,0
1789657095406,1
1789657095406,0
1789657095603,1
1789657095603,0
1789657095797,1
1789657095797,0
1789657095998,1
1789657095998,0
1789657096188,1
1789657096188,0
1789657096382,1
1789657096382,0
1789657096594,1
1789657096594,0
1789657096790,1
1789657096790,0
1789657096986,1
1789657096986,0
1789657097178,1
1789657097178,0
1789657097377,1
1789657097377,0
1789657097580,1
1789657097580,0
1789657097775,1
1789657097775,0
1789657097995,1
1789657097995,0
1789657098201,1
1789657098201,0
1789657098399,1
1789657098399,0
1789657098597,1
1789657098597,0
1789657098786,1
1789657098786,0
1789657098981,1
1789657098981,0
1789657099163,1
1789657099163,0
1789657099365,1
1789657099365,0
1789657099560,1
1789657099560,0
1789657099755,1
1789657099755,0
1789657099941,1
1789657099941,0
1789657100141,1
1789657100141,0
1789657100350,1
1789657100350,0
1789657100557,1
1789657100558,0
1789657100771,1
1789657100771,0
1789657100982,1
1789657100982,0
1789657101176,1
1789657101176,0
1789657101377,1
1789657101377,0
1789657101588,1
1789657101588,0
1789657101790,1
1789657101790,0
1789657101999,1
1789657101999,0
1789657102211,1
1789657102211,0
1789657102412,1
1789657102412,0
1789657102619,1
1789657102619,0
1789657102828,1
1789657102828,0
1789657103035,1
1789657103035,0
1789657103222,1
1789657103222,0
1789657103410,1
1789657103410,0
1789657103616,1
1789657103616,0
1789657103819,1
1789657103819,0
1789657104023,1
1789657104023,0
1789657104228,1
1789657104228,0
1789657104430,1
1789657104430,0
1789657104638,1
1789657104638,0
1789657104838,1
1789657104838,0
1789657105043,1
1789657105043,0
1789657105248,1
1789657105248,0
1789657105442,1
1789657105442,0
1789657105638,1
1789657105638,0
1789657105843,1
1789657105843,0
1789657106045,1
1789657106045,0
1789657106242,1
1789657106242,0
1789657106445,1
1789657106445,0
1789657106646,1
1789657106646,0
1789657106844,1
1789657106844,0
1789657107047,1
1789657107047,0
1789657107255,1
1789657107255,0
1789657107465,1
1789657107465,0
1789657107663,1
1789657107663,0
1789657107877,1
1789657107877,0
1789657108079,1
1789657108079,0
1789657108271,1
1789657108271,0
1789657108476,1
1789657108476,0
1789657108672,1
1789657108672,0
1789657108877,1
1789657108877,0
1789657109073,1
1789657109073,0
1789657109288,1
1789657109288,0
1789657109495,1
1789657109495,0
1789657109698,1
1789657109698,0
1789657109907,1
1789657109907,0
1789657110116,1
1789657110116,0
1789657110316,1
1789657110316,0
1789657110519,1
1789657110519,0
1789657110732,1
1789657110732,0
1789657110931,1
1789657110931,0
1789657111132,1
1789657111132,0
1789657111351,1
1789657111351,0
1789657111557,1
1789657111557,0
1789657111760,1
1789657111760,0
1789657111960,1
1789657111960,0
1789657112163,1
1789657112163,0
1789657112367,1
1789657112367,0
1789657112566,1
1789657112566,0
1789657112764,1
1789657112764,0
1789657112974,1
1789657112974,0
1789657113189,1
1789657113189,0
1789657113397,1
1789657113397,0
1789657113617,1
1789657113617,0
1789657113829,1
1789657113829,0
1789657114033,1
1789657114033,0
1789657114239,1
1789657114239,0
1789657114444,1
1789657114444,0
1789657114642,1
1789657114642,0
1789657114838,1
1789657114838,0
1789657115034,1
1789657115034,0
1789657115232,1
1789657115232,0
1789657115431,1
1789657115431,0
1789657115635,1
1789657115635,0
1789657115838,1
1789657115838,0
1789657116037,1
1789657116037,0
1789657116234,1
1789657116234,0
1789657116435,1
1789657116435,0
1789657116630,1
1789657116630,0
1789657116834,1
1789657116834,0
1789657117045,1
1789657117045,0
1789657117252,1
1789657117252,0
1789657117454,1
1789657117454,0
1789657117674,1
1789657117674,0
1789657117893,1
1789657117893,0
1789657118091,1
1789657118091,0
1789657118293,1
1789657118293,0
1789657118496,1
1789657118496,0
1789657118686,1
1789657118686,0
1789657118883,1
1789657118883,0
1789657119078,1
1789657119078,0
1789657119291,1
1789657119291,0
1789657119493,1
1789657119493,0
1789657119687,1
1789657119687,0
1789657119911,1
1789657119911,0
1789657120107,1
1789657120107,0
1789657120315,1
1789657120315,0
1789657120505,1
1789657120505,0
1789657120695,1
1789657120695,0
1789657120895,1
1789657120895,0
1789657121102,1
1789657121102,0
1789657121301,1
1789657121301,0
1789657121525,1
1789657121525,0
1789657121729,1
1789657121729,0
1789657121934,1
1789657121934,0
1789657122148,1
1789657122148,0
1789657122339,1
1789657122339,0
1789657122530,1
1789657122530,0
1789657122726,1
1789657122726,0
1789657122926,1
1789657122926,0
1789657123119,1
1789657123119,0
1789657123336,1
1789657123336,0
1789657123542,1
1789657123542,0
1789657123746,1
1789657123746,0
1789657123948,1
1789657123948,0
1789657124146,1
1789657124146,0
1789657124351,1
1789657124351,0
1789657124549,1
1789657124549,0
1789657124757,1
1789657124757,0
1789657124969,1
1789657124969,0
1789657125173,1
1789657125173,0
1789657125388,1
1789657125388,0
1789657125594,1
1789657125594,0
1789657125800,1
1789657125800,0
1789657125997,1
1789657125997,0
1789657126212,1
1789657126212,0
1789657126435,1
1789657126435,0
1789657126640,1
1789657126640,0
1789657126846,1
1789657126846,0
1789657127044,1
1789657127044,0
1789657127249,1
1789657127249,0
1789657127449,1
1789657127449,0
1789657127646,1
1789657127646,0
1789657127845,1
1789657127845,0
1789657128045,1
1789657128045,0
1789657128247,1
1789657128247,0
1789657128455,1
1789657128455,0
1789657128659,1
1789657128659,0
1789657128857,1
1789657128857,0
1789657129063,1
1789657129063,0
1789657129277,1
1789657129277,0
1789657129488,1
1789657129488,0
1789657129687,1
1789657129687,0
1789657129891,1
1789657129891,0
1789657130093,1
1789657130093,0
1789657130288,1
1789657130288,0
1789657130486,1
1789657130486,0
1789657130694,1
1789657130694,0
1789657130890,1
1789657130890,0
1789657131083,1
1789657131083,0
1789657131275,1
1789657131275,0
1789657131477,1
1789657131477,0
1789657131688,1
1789657131688,0
1789657131872,1
1789657131872,0
1789657132067,1
1789657132067,0
1789657132260,1
1789657132260,0
1789657132452,1
1789657132452,0
1789657132657,1
1789657132657,0
1789657132863,1
1789657132863,0
1789657133064,1
1789657133064,0
1789657133261,1
1789657133261,0
1789657133480,1
1789657133481,0
1789657133679,1
1789657133679,0
1789657133885,1
1789657133885,0
1789657134091,1
1789657134091,0
1789657134296,1
1789657134296,0
1789657134493,1
1789657134493,0
1789657134693,1
1789657134693,0
1789657134905,1
1789657134905,0
1789657135118,1
1789657135118,0
1789657135320,1
1789657135320,0
1789657135527,1
1789657135527,0
1789657135726,1
1789657135726,0
1789657135926,1
1789657135926,0
1789657136129,1
1789657136129,0
1789657136339,1
1789657136339,0
1789657136545,1
1789657136545,0
1789657136750,1
1789657136750,0
1789657136956,1
1789657136956,0
1789657137169,1
1789657137169,0
1789657137369,1
1789657137369,0
1789657137577,1
1789657137577,0
1789657137788,1
1789657137788,0
1789657137985,1
1789657137985,0
1789657138182,1
1789657138182,0
1789657138383,1
1789657138383,0
1789657138584,1
1789657138584,0
1789657138780,1
1789657138780,0
1789657138985,1
1789657138985,0
1789657139196,1
1789657139196,0
1789657139389,1
1789657139389,0
1789657139591,1
1789657139591,0
1789657139791,1
1789657139791,0
1789657139993,1
1789657139993,0
1789657140192,1
1789657140192,0
1789657140394,1
1789657140394,0
1789657140608,1
1789657140608,0
1789657140814,1
1789657140814,0
1789657141008,1
1789657141008,0
1789657141204,1
1789657141204,0
1789657141426,1
1789657141426,0
1789657141625,1
1789657141625,0
1789657141824,1
1789657141824,0
1789657142046,1
1789657142046,0
1789657142248,1
1789657142248,0
1789657142444,1
1789657142444,0
1789657142649,1
1789657142649,0
1789657142865,1
1789657142865,0
1789657143070,1
1789657143070,0
1789657143275,1
1789657143275,0
1789657143493,1
1789657143493,0
1789657143699,1
1789657143699,0
1789657143901,1
1789657143901,0
1789657144108,1
1789657144108,0
1789657144305,1
1789657144305,0
1789657144518,1
1789657144518,0
1789657144738,1
1789657144738,0
1789657144953,1
1789657144953,0
1789657145155,1
1789657145155,0
1789657145359,1
1789657145359,0
1789657145562,1
1789657145562,0
1789657145759,1
1789657145759,0
1789657145953,1
1789657145953,0
1789657146163,1
1789657146163,0
1789657146377,1
1789657146377,0
1789657146581,1
1789657146581,0
1789657146788,1
1789657146789,0
1789657146985,1
1789657146985,0
1789657147193,1
1789657147193,0
1789657147397,0
1789657147397,0
1789657147595,1
1789657147595,0
1789657147805,1
1789657147805,0
1789657148010,0
1789657148010,0
1789657148196,1
1789657148196,0
1789657148401,1
1789657148401,0
1789657148606,1
1789657148606,0
1789657148810,1
1789657148810,0
1789657149006,1
1789657149006,0
1789657149220,1
1789657149220,0
1789657149421,1
1789657149421,0
1789657149623,1
1789657149623,0
1789657149828,1
1789657149828,0
1789657150032,1
1789657150032,0
1789657150237,1
1789657150237,0
1789657150435,1
1789657150435,0
1789657150649,1
1789657150649,0
1789657150861,1
1789657150861,0
1789657151076,1
1789657151076,0
1789657151295,1
1789657151295,0
1789657151522,1
1789657151522,0
1789657151734,1
1789657151734,0
1789657151945,1
1789657151945,0
1789657152150,1
1789657152150,0
1789657152353,1
1789657152353,0
1789657152576,1
1789657152576,0
1789657152772,1
1789657152772,0
1789657152972,1
1789657152972,0
1789657153179,1
1789657153179,0
1789657153390,1
1789657153390,0
1789657153606,1
1789657153606,0
1789657153811,1
1789657153811,0
1789657154017,1
1789657154017,0
1789657154210,1
1789657154210,0
1789657154408,1
1789657154408,0
1789657154608,1
1789657154608,0
1789657154808,1
1789657154808,0
1789657155015,1
1789657155015,0
1789657155226,1
1789657155226,0
1789657155426,1
1789657155426,0
1789657155627,1
1789657155627,0
1789657155821,1
1789657155821,0
1789657156014,1
1789657156014,0
1789657156229,1
1789657156229,0
1789657156454,1
1789657156454,0
1789657156645,1
1789657156645,0
1789657156851,1
1789657156851,0
1789657157055,1
1789657157055,0
1789657157252,1
1789657157252,0
1789657157446,1
1789657157446,0
1789657157650,1
1789657157650,0
1789657157855,1
1789657157855,0
1789657158055,1
1789657158055,0
1789657158252,1
1789657158252,0
1789657158449,1
1789657158449,0
1789657158659,1
1789657158659,0
1789657158865,1
1789657158865,0
1789657159063,1
1789657159063,0
1789657159276,1
1789657159276,0
1789657159491,1
1789657159491,0
1789657159692,1
1789657159692,0
1789657159898,1
1789657159898,0
1789657160110,1
1789657160110,0
1789657160312,1
1789657160312,0
1789657160533,1
1789657160533,0
1789657160738,1
1789657160738,0
1789657160945,1
1789657160945,0
1789657161155,1
1789657161155,0
1789657161358,1
1789657161358,0
1789657161564,1
1789657161564,0
1789657161771,1
1789657161772,0
1789657161970,1
1789657161970,0
1789657162176,1
1789657162176,0
1789657162382,1
1789657162382,0
1789657162596,1
1789657162596,0
1789657162791,1
1789657162791,0
1789657162992,1
1789657162992,0
1789657163209,1
1789657163209,0
1789657163420,1
1789657163420,0
1789657163636,1
1789657163636,0
1789657163833,1
1789657163833,0
1789657164030,1
1789657164030,0
1789657164236,1
1789657164236,0
1789657164446,1
1789657164446,0
1789657164640,1
1789657164640,0
1789657164841,1
1789657164841,0
1789657165054,1
1789657165054,0
1789657165261,1
1789657165261,0
1789657165475,1
1789657165476,0
1789657165685,1
1789657165685,0
1789657165889,1
1789657165889,0
1789657166095,1
1789657166095,0
1789657166315,1
1789657166315,0
1789657166612,1
1789657166612,0
1789657166836,1
1789657166836,0
1789657167077,1
1789657167077,0
1789657167349,1
1789657167349,0
1789657167603,1
1789657167603,0
1789657167858,1
1789657167858,0
1789657168119,1
1789657168119,0
1789657168373,1
1789657168373,0
1789657168574,1
1789657168574,0
1789657168784,1
1789657168784,0
1789657168991,1
1789657168992,0
1789657169189,1
1789657169189,0
1789657169391,1
1789657169391,0
1789657169588,1
1789657169588,0
1789657169795,1
1789657169795,0
1789657169994,1
1789657169994,0
1789657170188,1
1789657170188,0
1789657170404,1
1789657170404,0
1789657170618,1
1789657170618,0
1789657170831,1
1789657170831,0
1789657171049,1
1789657171049,0
1789657171257,1
1789657171257,0
1789657171470,1
1789657171470,0
1789657171682,1
1789657171682,0
1789657171905,1
1789657171905,0
1789657172113,1
1789657172113,0
1789657172314,1
1789657172314,0
1789657172517,1
1789657172517,0
1789657172716,1
1789657172716,0
1789657172931,1
1789657172931,0
1789657173141,1
1789657173141,0
1789657173356,1
1789657173356,0
1789657173553,1
1789657173553,0
1789657173748,1
1789657173748,0
1789657173948,1
1789657173948,0
1789657174157,1
1789657174157,0
1789657174359,1
1789657174359,0
1789657174558,1
1789657174558,0
1789657174756,1
1789657174756,0
1789657174956,1
1789657174956,0
1789657175158,1
1789657175158,0
1789657175374,1
1789657175374,0
1789657175561,1
1789657175561,0
1789657175758,1
1789657175758,0
1789657175965,1
1789657175965,0
1789657176174,1
1789657176174,0
1789657176367,1
1789657176367,0
1789657176559,1
1789657176559,0
1789657176786,1
1789657176786,0
1789657176990,1
1789657176990,0
1789657177205,1
1789657177205,0
1789657177409,1
1789657177409,0
1789657177628,1
1789657177628,0
1789657177836,1
1789657177836,0
1789657178037,1
1789657178037,0
1789657178240,1
1789657178240,0
1789657178455,1
1789657178455,0
1789657178661,1
1789657178661,0
1789657178865,1
1789657178865,0
1789657179066,1
1789657179066,0
1789657179247,1
1789657179247,0
1789657179446,1
1789657179446,0
1789657179641,1
1789657179641,0
1789657179865,1
1789657179865,0
1789657180055,1
1789657180055,0
1789657180255,1
1789657180255,0
1789657180459,1
1789657180459,0
1789657180648,1
1789657180648,0
1789657180857,1
1789657180857,0
1789657181074,1
1789657181074,0
1789657181278,1
1789657181278,0
1789657181543,1
1789657181543,0
1789657181745,1
1789657181745,0
1789657181944,1
1789657181944,0
1789657182148,1
1789657182148,0
1789657182351,1
1789657182351,0
1789657182547,1
1789657182547,0
1789657182760,1
1789657182760,0
1789657182992,1
1789657182992,0
1789657183197,1
1789657183197,0
1789657183394,1
1789657183394,0
1789657183590,1
1789657183590,0
1789657183799,1
1789657183799,0
1789657183995,1
1789657183995,0
1789657184210,1
1789657184210,0
1789657184420,1
1789657184420,0
1789657184621,1
1789657184621,0
1789657184819,1
1789657184819,0
1789657185022,1
1789657185023,0
1789657185237,1
1789657185237,0
1789657185435,1
1789657185435,0
1789657185632,1
1789657185632,0
1789657185838,1
1789657185838,0
1789657186053,1
1789657186053,0
1789657186264,1
1789657186264,0
1789657186480,1
1789657186480,0
1789657186689,1
1789657186689,0
1789657186907,1
1789657186907,0
1789657187110,1
1789657187110,0
1789657187309,1
1789657187309,0
1789657187510,1
1789657187510,0
1789657187720,1
1789657187720,0
1789657187925,1
1789657187925,0
1789657188132,1
1789657188132,0
1789657188348,1
1789657188348,0
1789657188550,1
1789657188550,0
1789657188763,1
1789657188763,0
1789657188986,1
1789657188986,0
1789657189180,1
1789657189180,0
1789657189392,1
1789657189392,0
1789657189598,1
1789657189598,0
1789657189803,1
1789657189803,0
1789657190006,1
1789657190006,0
1789657190217,1
1789657190217,0
1789657190422,1
1789657190422,0
1789657190622,1
1789657190622,0
1789657190823,1
1789657190823,0
1789657191030,1
1789657191030,0
1789657191227,1
1789657191227,0
1789657191433,1
1789657191433,0
1789657191639,1
1789657191639,0
1789657191843,1
1789657191843,0
1789657192027,1
1789657192027,0
1789657192222,1
1789657192222,0
1789657192428,1
1789657192428,0
1789657192631,1
1789657192631,0
1789657192839,1
1789657192839,0
1789657193052,1
1789657193052,0
1789657193267,1
1789657193267,0
1789657193464,1
1789657193464,0
1789657193669,1
1789657193669,0
1789657193875,1
1789657193875,0
1789657194085,1
1789657194085,0
1789657194290,1
1789657194290,0
1789657194485,1
1789657194485,0
1789657194699,1
1789657194699,0
1789657194911,1
1789657194911,0
1789657195131,1
1789657195131,0
1789657195336,1
1789657195336,0
1789657195539,1
1789657195539,0
1789657195759,1
1789657195759,0
1789657195963,1
1789657195963,0
1789657196176,1
1789657196176,0
1789657196369,1
1789657196369,0
1789657196571,1
1789657196571,0
1789657196781,1
1789657196781,0
1789657196986,1
1789657196986,0
1789657197205,1
1789657197205,0
1789657197419,1
1789657197419,0
1789657197624,1
1789657197624,0
1789657197828,1
1789657197828,0
1789657198036,1
1789657198036,0
1789657198261,1
1789657198261,0
1789657198469,1
1789657198469,0
1789657198675,1
1789657198675,0
1789657198875,1
1789657198875,0
1789657199085,1
1789657199085,0
1789657199290,1
1789657199290,0
1789657199500,1
1789657199500,0
1789657199704,1
1789657199704,0
1789657199911,1
1789657199911,0
1789657200113,1
1789657200113,0
1789657200315,1
1789657200315,0
1789657200536,1
1789657200536,0
1789657200738,1
1789657200738,0
1789657200949,1
1789657200949,0
1789657201164,1
1789657201164,0
1789657201367,1
1789657201367,0
1789657201577,1
1789657201577,0
1789657201778,1
1789657201778,0
1789657201972,1
1789657201972,0
1789657202174,1
1789657202174,0
1789657202374,1
1789657202374,0
1789657202580,1
1789657202580,0
1789657202778,1
1789657202778,0
1789657202982,1
1789657202982,0
1789657203183,1
1789657203183,0
1789657203394,1
1789657203394,0
1789657203588,1
1789657203588,0
1789657203794,1
1789657203794,0
1789657204006,1
1789657204006,0
1789657204210,1
1789657204210,0
1789657204408,1
1789657204408,0
1789657204630,1
1789657204630,0
1789657204829,1
1789657204830,0
1789657205023,1
1789657205023,0
1789657205225,1
1789657205225,0
1789657205436,1
1789657205436,0
1789657205632,1
1789657205632,0
1789657205835,1
1789657205835,0
1789657206037,1
1789657206037,0
1789657206240,1
1789657206240,0
1789657206422,1
1789657206422,0
1789657206627,1
1789657206627,0
1789657206824,1
1789657206824,0
1789657207025,1
1789657207025,0
1789657207226,1
1789657207226,0
1789657207425,1
1789657207425,0
1789657207624,1
1789657207624,0
1789657207818,1
1789657207818,0
1789657208018,1
1789657208018,0
1789657208213,1
1789657208213,0
1789657208418,1
1789657208418,0
1789657208629,1
1789657208629,0
1789657208839,1
1789657208839,0
1789657209043,1
1789657209043,0
1789657209244,1
1789657209244,0
1789657209457,1
1789657209457,0
1789657209663,1
1789657209663,0
1789657209857,1
1789657209857,0
1789657210062,1
1789657210062,0
1789657210260,1
1789657210260,0
1789657210463,1
1789657210463,0
1789657210711,1
1789657210711,0
1789657210913,1
1789657210913,0
1789657211126,1
1789657211126,0
1789657211337,1
1789657211337,0
1789657211551,1
1789657211551,0
1789657211761,1
1789657211761,0
1789657211974,1
1789657211974,0
1789657212185,1
1789657212185,0
1789657212394,1
1789657212394,0
1789657212599,1
1789657212599,0
1789657212813,1
1789657212813,0
1789657213011,1
1789657213011,0
1789657213226,1
1789657213226,0
1789657213425,1
1789657213425,0
1789657213639,1
1789657213639,0
1789657213839,1
1789657213839,0
1789657214041,1
1789657214041,0
1789657214246,1
1789657214246,0
1789657214444,1
1789657214444,0
1789657214653,1
1789657214653,0
1789657214853,1
1789657214853,0
1789657215048,1
1789657215048,0
1789657215259,1
1789657215259,0
1789657215481,1
1789657215481,0
1789657215694,1
1789657215694,0
1789657215897,1
1789657215897,0
1789657216107,0
1789657216107,0
1789657216315,1
1789657216315,0
1789657216525,1
1789657216525,0
1789657216734,1
1789657216734,0
1789657216940,1
1789657216940,0
1789657217133,1
1789657217133,0
1789657217338,1
1789657217338,0
1789657217548,1
1789657217548,0
1789657217755,1
1789657217755,0
1789657217960,1
1789657217960,0
1789657218158,1
1789657218158,0
1789657218362,1
1789657218362,0
1789657218571,1
1789657218571,0
1789657218762,1
1789657218762,0
1789657218957,1
1789657218957,0
1789657219175,1
1789657219175,0
1789657219382,1
1789657219382,0
1789657219577,1
1789657219577,0
1789657219784,1
1789657219784,0
1789657219997,1
1789657219997,0
1789657220210,1
1789657220210,0
1789657220407,1
1789657220407,0
1789657220614,1
1789657220614,0
1789657220810,1
1789657220810,0
1789657221011,1
1789657221011,0
1789657221225,1
1789657221225,0
1789657221410,1
1789657221410,0
1789657221611,1
1789657221611,0
1789657221826,1
1789657221826,0
1789657222033,1
1789657222033,0
1789657222221,1
1789657222221,0
1789657222413,1
1789657222413,0
1789657222620,1
1789657222620,0
1789657222826,1
1789657222826,0
1789657223028,1
1789657223028,0
1789657223236,1
1789657223236,0
1789657223455,0
1789657223455,0
1789657223646,1
1789657223646,0
1789657223857,1
1789657223857,0
1789657224070,1
1789657224070,0
1789657224283,1
1789657224283,0
1789657224492,1
1789657224492,0
1789657224706,1
1789657224706,0
1789657224908,1
1789657224908,0
1789657225103,1
1789657225103,0
1789657225299,1
1789657225299,0
1789657225506,1
1789657225506,0
1789657225708,1
1789657225708,0
1789657225906,1
1789657225906,0
1789657226117,1
1789657226117,0
1789657226324,1
1789657226324,0
1789657226535,1
1789657226535,0
1789657226735,1
1789657226735,0
1789657226937,1
1789657226937,0
1789657227139,1
1789657227139,0
1789657227335,1
1789657227335,0
1789657227550,1
1789657227550,0
1789657227759,1
1789657227759,0
1789657227976,1
1789657227976,0
1789657228181,1
1789657228181,0
1789657228389,1
1789657228389,0
1789657228599,1
1789657228599,0
1789657228803,1
1789657228803,0
1789657229008,1
1789657229008,0
1789657229207,1
1789657229207,0
1789657229420,1
1789657229420,0
1789657229630,1
1789657229630,0
1789657229834,1
1789657229834,0
1789657230035,1
1789657230035,0
1789657230225,1
1789657230225,0
1789657230440,1
1789657230440,0
1789657230644,1
1789657230644,0
1789657230837,1
1789657230837,0
1789657231032,1
1789657231032,0
1789657231254,1
1789657231254,0
1789657231436,1
1789657231436,0
1789657231646,1
1789657231646,0
1789657231853,0
1789657231855,0
1789657232064,1
1789657232064,0
1789657232267,1
1789657232267,0
1789657232485,1
1789657232485,0
1789657232695,1
1789657232695,0
1789657232913,1
1789657232913,0
1789657233123,1
1789657233123,0
1789657233328,1
1789657233328,0
1789657233529,1
1789657233529,0
1789657233732,1
1789657233732,0
1789657233934,1
1789657233934,0
1789657234129,1
1789657234129,0
1789657234345,1
1789657234345,0
1789657234546,1
1789657234546,0
1789657234760,1
1789657234760,0
1789657234956,1
1789657234956,0
1789657235161,1
1789657235161,0
1789657235378,1
1789657235378,0
1789657235591,1
1789657235591,0
1789657235786,1
1789657235786,0
1789657235996,1
1789657235996,0
1789657236204,1
1789657236204,0
1789657236414,0
1789657236414,0
1789657236614,1
1789657236614,0
1789657236814,1
1789657236814,0
1789657237023,1
1789657237023,0
1789657237230,1
1789657237230,0
1789657237428,1
1789657237428,0
1789657237652,1
1789657237652,0
1789657237849,1
1789657237849,0
1789657238049,1
1789657238049,0
1789657238245,1
1789657238245,0
1789657238459,1
1789657238459,0
1789657238667,1
1789657238667,0
1789657238869,1
1789657238869,0
1789657239074,1
1789657239074,0
1789657239283,1
1789657239283,0
1789657239501,1
1789657239501,0
1789657239719,1
1789657239719,0
1789657239929,1
1789657239929,0
1789657240148,1
1789657240148,0
1789657240343,1
1789657240343,0
1789657240535,1
1789657240535,0
1789657240753,1
1789657240753,0
1789657240958,1
1789657240958,0
1789657241163,1
1789657241163,0
1789657241378,1
1789657241378,0
1789657241591,1
1789657241591,0
1789657241794,1
1789657241794,0
1789657241997,1
1789657241997,0
1789657242205,1
1789657242205,0
1789657242406,1
1789657242406,0
1789657242598,1
1789657242598,0
1789657242817,1
1789657242817,0
1789657243019,1
1789657243019,0
1789657243229,1
1789657243229,0
1789657243440,1
1789657243440,0
1789657243641,1
1789657243641,0
1789657243843,1
1789657243843,0
1789657244047,1
1789657244047,0
1789657244253,1
1789657244253,0
1789657244463,1
1789657244463,0
1789657244673,1
1789657244673,0
1789657244870,1
1789657244870,0
1789657245055,1
1789657245055,0
1789657245258,1
1789657245258,0
1789657245461,1
1789657245461,0
1789657245668,1
1789657245668,0
1789657245867,0
1789657245867,0
1789657246069,1
1789657246070,0
1789657246277,1
1789657246277,0
1789657246468,1
1789657246468,0
1789657246679,1
1789657246679,0
1789657246890,1
1789657246890,0
1789657247096,1
1789657247096,0
1789657247305,1
1789657247305,0
1789657247507,1
1789657247507,0
1789657247704,1
1789657247704,0
1789657247885,1
1789657247885,0
1789657248073,1
1789657248073,0
1789657248284,1
1789657248284,0
1789657248501,1
1789657248501,0
1789657248699,1
1789657248699,0
1789657249133,1
1789657249133,0
1789657249410,1
1789657249410,0
1789657249621,1
1789657249621,0
1789657249817,1
1789657249817,0
1789657250016,1
1789657250016,0
1789657250226,1
1789657250226,0
1789657250422,1
1789657250422,0
1789657250626,1
1789657250626,0
1789657250821,1
1789657250821,0
1789657251031,1
1789657251031,0
1789657251277,1
1789657251277,0
1789657251592,1
1789657251592,0
1789657251872,1
1789657251872,0
1789657252085,1
1789657252085,0
1789657252300,1
1789657252300,0
1789657252490,1
1789657252490,0
1789657252680,1
1789657252680,0
1789657252863,1
1789657252863,0
1789657253054,1
1789657253054,0
1789657253242,1
1789657253242,0
1789657253429,1
1789657253429,0
1789657253620,1
1789657253620,0
1789657253806,1
1789657253806,0
1789657253996,1
1789657253996,0
1789657254179,1
1789657254180,0
1789657254388,1
1789657254388,0
1789657254584,1
1789657254584,0
1789657254798,1
1789657254798,0
1789657255006,1
1789657255006,0
1789657255207,1
1789657255207,0
1789657255404,1
1789657255404,0
1789657255607,1
1789657255607,0
1789657255821,1
1789657255821,0
1789657256024,1
1789657256024,0
1789657256224,1
1789657256224,0
1789657256417,1
1789657256417,0
1789657256648,1
1789657256648,0
1789657256849,1
1789657256849,0
1789657257044,1
1789657257044,0
1789657257242,1
1789657257242,0
1789657257437,1
1789657257437,0
1789657257637,1
1789657257637,0
1789657257830,1
1789657257830,0
1789657258017,1
1789657258017,0
1789657258239,1
1789657258239,0
1789657258459,0
1789657258459,0
1789657258768,1
1789657258768,0
1789657259080,1
1789657259080,0
1789657259294,1
1789657259294,0
1789657259548,1
1789657259548,0
1789657259746,1
1789657259746,0
1789657259935,1
1789657259935,0
1789657260130,1
1789657260130,0
1789657260329,1
1789657260329,0
1789657260514,1
1789657260514,0
1789657260701,1
1789657260701,0
1789657260887,1
1789657260887,0
1789657261080,1
1789657261080,0
1789657261287,1
1789657261287,0
1789657261566,1
1789657261566,0
1789657261783,1
1789657261783,0
1789657262011,1
1789657262011,0
1789657262205,1
1789657262205,0
1789657262447,1
1789657262447,0
1789657262697,1
1789657262697,0
1789657262912,1
1789657262912,0
1789657263138,1
1789657263138,0
1789657263369,1
1789657263369,0
1789657263607,1
1789657263607,0
1789657263811,0
1789657263811,0
1789657264053,1
1789657264053,0
1789657264296,1
1789657264296,0
1789657264547,1
1789657264547,0
1789657264800,1
1789657264800,0
1789657265042,1
1789657265042,0
1789657265242,1
1789657265242,0
1789657265435,1
1789657265435,0
1789657265639,1
1789657265639,0
1789657265844,1
1789657265844,0
1789657266103,1
1789657266103,0
1789657266442,1
1789657266442,0
1789657266940,1
1789657266940,0
1789657267251,1
1789657267251,0
1789657267492,1
1789657267493,0
1789657268042,1
1789657268042,0
1789657268326,1
1789657268326,0
1789657268561,1
1789657268561,0
1789657268826,1
1789657268826,0
1789657269057,1
1789657269057,0
1789657269329,1
1789657269329,0
1789657269588,1
1789657269588,0
1789657269876,1
1789657269876,0
1789657270159,1
1789657270159,0
1789657270410,1
1789657270410,0
1789657270676,1
1789657270676,0
1789657270925,1
1789657270925,0
1789657271189,1
1789657271189,0
1789657271475,1
1789657271475,0
1789657271771,1
1789657271771,0
1789657272025,1
1789657272025,0
1789657272289,1
1789657272289,0
1789657272549,1
1789657272549,0
1789657272810,1
1789657272810,0
1789657273074,1
1789657273074,0
1789657273337,1
1789657273337,0
1789657273625,1
1789657273625,0
1789657273874,1
1789657273874,0
1789657274127,1
1789657274127,0
1789657274376,1
1789657274376,0
1789657274632,1
1789657274632,0
1789657274891,1
1789657274891,0
1789657275126,1
1789657275126,0
1789657275375,1
1789657275375,0
1789657275625,1
1789657275625,0
1789657275875,1
1789657275875,0
1789657276138,1
1789657276138,0
1789657276401,1
1789657276401,0
1789657276683,1
1789657276683,0
1789657276964,1
1789657276964,0
1789657277228,1
1789657277228,0
1789657277477,1
1789657277477,0
1789657277720,0
1789657277720,0
1789657277998,1
1789657277998,0
1789657278260,1
1789657278260,0
1789657278537,1
1789657278537,0
1789657278783,1
1789657278783,0
1789657279047,1
1789657279047,0
1789657279325,1
1789657279325,0
1789657279579,1
1789657279579,0
1789657279844,1
1789657279844,0
1789657280102,1
1789657280102,0
1789657280357,1
1789657280357,0
1789657280621,1
1789657280621,0
1789657280892,1
1789657280893,0
1789657281153,1
1789657281153,0
1789657281421,1
1789657281421,0
1789657281710,1
1789657281710,0
1789657282039,1
1789657282039,0
1789657282323,1
1789657282323,0
1789657282534,1
1789657282534,0
1789657282750,1
1789657282750,0
1789657282947,1
1789657282947,0
1789657283137,1
1789657283137,0
1789657283358,1
1789657283358,0
1789657283553,1
1789657283553,0
1789657283762,1
1789657283762,0
1789657283965,1
1789657283965,0
1789657284153,1
1789657284153,0
1789657284363,1
1789657284363,0
1789657284551,1
1789657284551,0
1789657284795,1
1789657284795,0
1789657284990,1
1789657284990,0
1789657285198,1
1789657285198,0
1789657285415,1
1789657285415,0
1789657285615,1
1789657285615,0
1789657285821,1
1789657285821,0
1789657286018,1
1789657286018,0
1789657286227,1
1789657286227,0
1789657286436,1
1789657286436,0
1789657286662,1
1789657286662,0
1789657286875,1
1789657286875,0
1789657287083,1
1789657287083,0
1789657287298,1
1789657287298,0
1789657287495,1
1789657287495,0
1789657287704,1
1789657287704,0
1789657287909,0
1789657287909,0
1789657288104,1
1789657288104,0
1789657288288,1
1789657288288,0
1789657288495,1
1789657288495,0
1789657288691,1
1789657288691,0
1789657288974,1
1789657288974,0
1789657289219,1
1789657289220,0
1789657289437,1
1789657289437,0
1789657289656,1
1789657289656,0
1789657289853,1
1789657289853,0
1789657290129,0
1789657290129,0
1789657290352,1
1789657290352,0
1789657290566,1
1789657290566,0
1789657290766,1
1789657290766,0
1789657290954,1
1789657290954,0
1789657291134,1
1789657291134,0
1789657291361,1
1789657291361,0
1789657291710,1
1789657291710,0
1789657292019,1
1789657292019,0
1789657292232,1
1789657292232,0
1789657292430,1
1789657292430,0
1789657292622,1
1789657292622,0
1789657292821,1
1789657292821,0
1789657293050,1
1789657293050,0
1789657293360,1
1789657293360,0
1789657293672,1
1789657293672,0
1789657293926,1
1789657293926,0
1789657294200,1
1789657294200,0
1789657294439,1
1789657294439,0
1789657294694,1
1789657294694,0
1789657294977,1
1789657294977,0
1789657295227,1
1789657295227,0
1789657295520,1
1789657295520,0
1789657295789,1
1789657295789,0
1789657296059,1
1789657296059,0
1789657296335,1
1789657296335,0
1789657296605,1
1789657296605,0
1789657296890,0
1789657296890,0
1789657297151,1
1789657297151,0
1789657297407,1
1789657297407,0
1789657297665,1
1789657297665,0
1789657297927,1
1789657297927,0
1789657298192,1
1789657298192,0
1789657298453,1
1789657298453,0
1789657298751,1
1789657298751,0
1789657299010,1
1789657299010,0
1789657299266,1
1789657299266,0
1789657299573,1
1789657299573,0
1789657299842,1
1789657299842,0
1789657300105,1
1789657300105,0
1789657300358,1
1789657300358,0
1789657300641,1
1789657300641,0
1789657300897,1
1789657300897,0
1789657301125,1
1789657301125,0
1789657301357,1
1789657301357,0
1789657301592,0
1789657301592,0
1789657301841,1
1789657301841,0
1789657302110,1
1789657302110,0
1789657302387,1
1789657302387,0
1789657302655,1
1789657302655,0
1789657303094,1
1789657303094,0
1789657303395,1
1789657303395,0
1789657303676,1
1789657303676,0
1789657303978,1
1789657303978,0
1789657304277,1
1789657304277,0
1789657304543,1
1789657304543,0
1789657304811,1
1789657304811,0
1789657305059,1
1789657305059,0
1789657305312,1
1789657305312,0
1789657305593,1
1789657305593,0
1789657305873,1
1789657305873,0
1789657306144,1
1789657306144,0
1789657306425,1
1789657306425,0
1789657306695,1
1789657306696,0
1789657306960,1
1789657306960,0
1789657307209,1
1789657307209,0
1789657307476,1
1789657307476,0
1789657307743,1
1789657307743,0
1789657308010,1
1789657308010,0
1789657308277,1
1789657308277,0
1789657308527,1
1789657308527,0
1789657308793,1
1789657308793,0
1789657309061,1
1789657309061,0
1789657309328,1
1789657309328,0
1789657309594,1
1789657309594,0
1789657309843,1
1789657309843,0
1789657310128,1
1789657310128,0
1789657310393,1
1789657310393,0
1789657310643,1
1789657310643,0
1789657310894,1
1789657310894,0
1789657311143,1
1789657311143,0
1789657311408,1
1789657311408,0
1789657311659,1
1789657311659,0
1789657311927,1
1789657311927,0
1789657312176,1
1789657312176,0
1789657312428,1
1789657312428,0
1789657312693,1
1789657312693,0
1789657312959,1
1789657312959,0
1789657313243,1
1789657313243,0
1789657313509,1
1789657313509,0
1789657313797,1
1789657313797,0
1789657314079,1
1789657314079,0
1789657314343,1
1789657314343,0
1789657314610,1
1789657314610,0
1789657314877,1
1789657314877,0
1789657315126,1
1789657315126,0
1789657315377,1
1789657315378,0
1789657315628,1
1789657315628,0
1789657315893,1
1789657315893,0
1789657316126,1
1789657316126,0
1789657316375,1
1789657316375,0
1789657316608,1
1789657316608,0
1789657316859,1
1789657316859,0
1789657317107,1
1789657317107,0
1789657317359,1
1789657317359,0
1789657317609,1
1789657317609,0
1789657317878,1
1789657317878,0
1789657318126,1
1789657318126,0
1789657318377,1
1789657318377,0
1789657318626,1
1789657318626,0
1789657318911,1
1789657318911,0
1789657319177,1
1789657319177,0
1789657319427,1
1789657319427,0
1789657319677,1
1789657319677,0
1789657319923,1
1789657319923,0
1789657320179,1
1789657320179,0
1789657320426,1
1789657320426,0
1789657320692,1
1789657320692,0
1789657320944,1
1789657320944,0
1789657321193,1
1789657321193,0
1789657321442,0
1789657321442,0
1789657321676,1
1789657321676,0
1789657321926,1
1789657321926,0
1789657322193,1
1789657322193,0
1789657322444,1
1789657322444,0
1789657322709,1
1789657322709,0
1789657322942,1
1789657322942,0
1789657323209,1
1789657323209,0
1789657323459,1
1789657323459,0
1789657323725,1
1789657323725,0
1789657323975,1
1789657323975,0
1789657324243,1
1789657324243,0
1789657324493,1
1789657324493,0
1789657324743,1
1789657324743,0
1789657324992,1
1789657324992,0
1789657325243,1
1789657325243,0
1789657325492,1
1789657325493,0
1789657325741,1
1789657325741,0
1789657325993,1
1789657325993,0
1789657326243,0
1789657326243,0
1789657326524,1
1789657326524,0
1789657326777,1
1789657326777,0
1789657327028,1
1789657327029,0
1789657327292,1
1789657327292,0
1789657327558,0
1789657327558,0
1789657327810,1
1789657327810,0
1789657328041,0
1789657328042,0
1789657328274,1
1789657328274,0
1789657328559,1
1789657328559,0
1789657328806,1
1789657328806,0
1789657329043,1
1789657329043,0
1789657329312,1
1789657329312,0
1789657329591,1
1789657329591,0
1789657329843,1
1789657329843,0
1789657330092,1
1789657330092,0
1789657330360,1
1789657330360,0
1789657330610,1
1789657330610,0
1789657330876,1
1789657330876,0
1789657331159,1
1789657331159,0
1789657331427,1
1789657331427,0
1789657331659,1
1789657331659,0
1789657331909,1
1789657331909,0
1789657332159,1
1789657332159,0
1789657332409,1
1789657332409,0
1789657332644,1
1789657332644,0
1789657332925,1
1789657332925,0
1789657333176,1
1789657333176,0
1789657333445,1
1789657333445,0
1789657333712,1
1789657333712,0
1789657333999,1
1789657333999,0
1789657334279,1
1789657334279,0
1789657334542,1
1789657334542,0
1789657334826,1
1789657334826,0
1789657335097,1
1789657335097,0
1789657335359,1
1789657335359,0
1789657335640,1
1789657335640,0
1789657335904,1
1789657335904,0
1789657336160,1
1789657336160,0
1789657336440,1
1789657336440,0
1789657336692,1
1789657336692,0
1789657336959,1
1789657336959,0
1789657337210,1
1789657337210,0
1789657337459,1
1789657337459,0
1789657337726,1
1789657337726,0
1789657337976,1
1789657337976,0
1789657338227,1
1789657338227,0
1789657338493,1
1789657338493,0
1789657338760,0
1789657338760,0
1789657339025,1
1789657339025,0
1789657339276,1
1789657339276,0
1789657339524,1
1789657339524,0
1789657339776,1
1789657339776,0
1789657340025,1
1789657340025,0
1789657340293,1
1789657340293,0
1789657340557,1
1789657340557,0
1789657340847,1
1789657340847,0
1789657341094,1
1789657341094,0
1789657341340,1
1789657341340,0
1789657341608,1
1789657341608,0
1789657341877,1
1789657341877,0
1789657342127,1
1789657342127,0
1789657342390,1
1789657342390,0
1789657342643,1
1789657342643,0
1789657342895,1
1789657342895,0
1789657343157,1
1789657343157,0
1789657343407,1
1789657343407,0
1789657343696,1
1789657343696,0
1789657343976,1
1789657343976,0
1789657344228,1
1789657344228,0
1789657344473,1
1789657344473,0
1789657344726,1
1789657344726,0
1789657345037,1
1789657345037,0
1789657345294,1
1789657345294,0
1789657345533,1
1789657345533,0
1789657345776,1
1789657345776,0
1789657346050,1
1789657346050,0
1789657346321,1
1789657346321,0
1789657346591,1
1789657346591,0
1789657346843,1
1789657346843,0
1789657347075,0
1789657347075,0
1789657347319,1
1789657347319,0
1789657347592,1
1789657347592,0
1789657347855,1
1789657347855,0
1789657348091,1
1789657348091,0
1789657348354,1
1789657348354,0
1789657348608,1
1789657348608,0
1789657348877,1
1789657348877,0
1789657349142,1
1789657349142,0
1789657349410,1
1789657349410,0
1789657349672,1
1789657349672,0
1789657349917,1
1789657349917,0
1789657350175,1
1789657350175,0
1789657350447,1
1789657350447,0
1789657350707,1
1789657350707,0
1789657350959,1
1789657350959,0
1789657351237,1
1789657351237,0
1789657351489,1
1789657351489,0
1789657351737,1
1789657351737,0
1789657352003,1
1789657352003,0
1789657352241,1
1789657352241,0
1789657352491,1
1789657352491,0
1789657352739,1
1789657352739,0
1789657352975,1
1789657352975,0
1789657353206,1
1789657353206,0
1789657353455,1
1789657353455,0
1789657353706,1
1789657353706,0
1789657353944,0
1789657353944,0
1789657354189,1
1789657354189,0
1789657354436,1
1789657354436,0
1789657354706,1
1789657354706,0
1789657354966,1
1789657354966,0
1789657355219,1
1789657355219,0
1789657355456,1
1789657355456,0
1789657355711,1
1789657355711,0
1789657355966,1
1789657355966,0
1789657356223,1
1789657356223,0
1789657356468,1
1789657356468,0
1789657356773,1
1789657356773,0
1789657357023,1
1789657357023,0
1789657357256,1
1789657357256,0
1789657357488,1
1789657357488,0
1789657357728,1
1789657357728,0
1789657357970,1
1789657357970,0
1789657358196,1
1789657358196,0
1789657358441,0
1789657358441,0
1789657358690,1
1789657358690,0
1789657358941,1
1789657358941,0
1789657359168,1
1789657359168,0
1789657359388,1
1789657359389,0
1789657359626,1
1789657359626,0
1789657359873,1
1789657359873,0
1789657360106,1
1789657360106,0
1789657360341,1
1789657360341,0
1789657360583,1
1789657360583,0
1789657360856,1
1789657360856,0
1789657361081,1
1789657361081,0
1789657361332,1
1789657361332,0
1789657361597,1
1789657361597,0
1789657361920,1
1789657361920,0
1789657362158,1
1789657362158,0
1789657362408,1
1789657362408,0
1789657362663,1
1789657362663,0
1789657362908,1
1789657362908,0
1789657363159,1
1789657363159,0
1789657363391,1
1789657363392,0
1789657363631,1
1789657363631,0
1789657363863,1
1789657363863,0
1789657364120,1
1789657364120,0
1789657364373,1
1789657364373,0
1789657364606,1
1789657364606,0
1789657364838,1
1789657364838,0
1789657365107,1
1789657365107,0
1789657365373,1
1789657365373,0
1789657365608,1
1789657365608,0
1789657365882,1
1789657365882,0
1789657366156,1
1789657366156,0
1789657366396,1
1789657366396,0
1789657366664,1
1789657366664,0
1789657366946,1
1789657366946,0
1789657367224,1
1789657367224,0
1789657367486,1
1789657367486,0
1789657367709,1
1789657367709,0
1789657367967,1
1789657367967,0
1789657368208,1
1789657368208,0
1789657368458,1
1789657368458,0
1789657368692,1
1789657368692,0
1789657368948,1
1789657368948,0
1789657369188,1
1789657369188,0
1789657369441,1
1789657369441,0
1789657369673,1
1789657369673,0
1789657369907,1
1789657369907,0
1789657370177,1
1789657370177,0
1789657370419,1
1789657370419,0
1789657370669,1
1789657370669,0
1789657370923,1
1789657370923,0
1789657371146,1
1789657371146,0
1789657371391,1
1789657371391,0
1789657371673,1
1789657371673,0
1789657371941,1
1789657371941,0
1789657372204,1
1789657372204,0
1789657372456,1
1789657372456,0
1789657372687,1
1789657372687,0
1789657372918,1
1789657372918,0
1789657373157,1
1789657373157,0
1789657373398,1
1789657373398,0
1789657373641,1
1789657373641,0
1789657373874,1
1789657373874,0
1789657374122,1
1789657374122,0
1789657374358,1
1789657374358,0
1789657374616,1
1789657374616,0
1789657374867,1
1789657374867,0
1789657375109,1
1789657375109,0
1789657375367,1
1789657375367,0
1789657375628,1
1789657375628,0
1789657375873,1
1789657375873,0
1789657376123,1
1789657376123,0
1789657376375,1
1789657376376,0
1789657376661,1
1789657376661,0
1789657376922,1
1789657376922,0
1789657377178,1
1789657377178,0
1789657377425,1
1789657377426,0
1789657377690,1
1789657377690,0
1789657377945,1
1789657377945,0
1789657378208,1
1789657378208,0
1789657378439,1
1789657378439,0
1789657378676,1
1789657378676,0
1789657378908,1
1789657378908,0
1789657379158,1
1789657379158,0
1789657379421,1
1789657379421,0
1789657379657,1
1789657379657,0
1789657379891,1
1789657379891,0
1789657380132,1
1789657380132,0
1789657380372,1
1789657380372,0
1789657380612,1
1789657380612,0
1789657380891,1
1789657380891,0
1789657381137,1
1789657381137,0
1789657381385,1
1789657381385,0
1789657381656,1
1789657381656,0
1789657381934,1
1789657381934,0
1789657382187,1
1789657382187,0
1789657382428,1
1789657382428,0
1789657382656,1
1789657382656,0
1789657382940,1
1789657382940,0
1789657383173,1
1789657383173,0
1789657383414,1
1789657383414,0
1789657383639,1
1789657383639,0
1789657383908,1
1789657383908,0
1789657384166,1
1789657384166,0
1789657384431,1
1789657384431,0
1789657384688,1
1789657384688,0
1789657384924,1
1789657384924,0
1789657385182,1
1789657385182,0
1789657385450,1
1789657385450,0
1789657385676,1
1789657385676,0
1789657385907,1
1789657385907,0
1789657386147,1
1789657386147,0
1789657386405,1
1789657386405,0
1789657386676,1
1789657386676,0
1789657386943,1
1789657386943,0
1789657387191,1
1789657387191,0
1789657387422,1
1789657387422,0
1789657387660,0
1789657387660,0
1789657387924,1
1789657387924,0
1789657388174,1
1789657388174,0
1789657388422,1
1789657388422,0
1789657388692,1
1789657388693,0
1789657388939,1
1789657388941,0
1789657389207,1
1789657389207,0
1789657389462,1
1789657389462,0
1789657389728,1
1789657389728,0
1789657389979,1
1789657389979,0
1789657390250,1
1789657390250,0
1789657390522,1
1789657390522,0
1789657390784,1
1789657390784,0
1789657391039,1
1789657391039,0
1789657391300,1
1789657391300,0
1789657391545,1
1789657391545,0
1789657391808,1
1789657391808,0
1789657392058,1
1789657392058,0
1789657392317,1
1789657392317,0
1789657392543,1
1789657392543,0
1789657392780,1
1789657392780,0
1789657393086,1
1789657393086,0
1789657393336,1
1789657393336,0
1789657393556,1
1789657393556,0
1789657393789,1
1789657393789,0
1789657394039,1
1789657394039,0
1789657394306,1
1789657394306,0
1789657394555,1
1789657394555,0
1789657394804,1
1789657394804,0
1789657395073,1
1789657395073,0
1789657395329,1
1789657395329,0
1789657395591,1
1789657395591,0
1789657395856,1
1789657395856,0
1789657396122,1
1789657396122,0
1789657396379,1
1789657396379,0
1789657396643,1
1789657396643,0
1789657396906,1
1789657396907,0
1789657397153,1
1789657397153,0
1789657397394,0
1789657397394,0
1789657397650,1
1789657397650,0
1789657397890,1
1789657397890,0
1789657398170,1
1789657398170,0
1789657398417,1
1789657398417,0
1789657398696,1
1789657398696,0
1789657398943,1
1789657398943,0
1789657399207,1
1789657399207,0
1789657399500,1
1789657399500,0
1789657399734,1
1789657399734,0
1789657399991,1
1789657399991,0
1789657400266,1
1789657400266,0
1789657400539,1
1789657400539,0
1789657400825,1
1789657400825,0
1789657401051,1
1789657401051,0
1789657401281,1
1789657401281,0
1789657401482,1
1789657401482,0
1789657401687,1
1789657401687,0
1789657401948,1
1789657401948,0
1789657402147,1
1789657402147,0
1789657402352,1
1789657402352,0
1789657402552,1
1789657402552,0
1789657402773,1
1789657402773,0
1789657402980,1
1789657402980,0
1789657403178,1
1789657403178,0
1789657403368,1
1789657403368,0
1789657403566,1
1789657403566,0
1789657403763,1
1789657403763,0
1789657403968,1
1789657403968,0
1789657404169,1
1789657404169,0
1789657404373,1
1789657404373,0
1789657404589,1
1789657404589,0
1789657404801,1
1789657404801,0
1789657405010,1
1789657405010,0
1789657405200,1
1789657405200,0
1789657405397,1
1789657405397,0
1789657405598,1
1789657405598,0
1789657405803,1
1789657405803,0
1789657406016,1
1789657406016,0
1789657406215,1
1789657406215,0
1789657406409,1
1789657406409,0
1789657406631,1
1789657406631,0
1789657406841,1
1789657406841,0
1789657407048,1
1789657407048,0
1789657407252,1
1789657407252,0
1789657407456,1
1789657407456,0
1789657407662,1
1789657407662,0
1789657407867,1
1789657407867,0
1789657408083,1
1789657408083,0
1789657408284,1
1789657408284,0
1789657408483,1
1789657408483,0
1789657408676,1
1789657408676,0
1789657408885,1
1789657408885,0
1789657409105,1
1789657409105,0
1789657409307,1
1789657409308,0
1789657409504,1
1789657409504,0
1789657409707,1
1789657409707,0
1789657409912,1
1789657409912,0
1789657410124,1
1789657410125,0
1789657410322,1
1789657410322,0
1789657410517,1
1789657410517,0
1789657410714,1
1789657410714,0
1789657410909,1
1789657410909,0
1789657411116,1
1789657411116,0
1789657411312,1
1789657411312,0
1789657411507,1
1789657411507,0
1789657411696,1
1789657411696,0
1789657411891,1
1789657411891,0
1789657412110,1
1789657412110,0
1789657412309,1
1789657412309,0
1789657412506,1
1789657412506,0
1789657412706,1
1789657412706,0
1789657412901,1
1789657412901,0
1789657413104,1
1789657413104,0
1789657413304,1
1789657413304,0
1789657413506,1
1789657413506,0
1789657413703,1
1789657413703,0
1789657413903,1
1789657413903,0
1789657414114,1
1789657414114,0
1789657414313,1
1789657414313,0
1789657414519,1
1789657414519,0
1789657414719,1
1789657414719,0
1789657414913,1
1789657414913,0
1789657415131,1
1789657415131,0
1789657415331,1
1789657415331,0
1789657415524,1
1789657415524,0
1789657415719,1
1789657415719,0
1789657415931,1
1789657415931,0
1789657416150,1
1789657416150,0
1789657416344,1
1789657416344,0
1789657416543,1
1789657416543,0
1789657416735,1
1789657416735,0
1789657416930,1
1789657416930,0
1789657417148,1
1789657417148,0
1789657417355,1
1789657417355,0
1789657417547,1
1789657417547,0
1789657417756,1
1789657417756,0
1789657417958,1
1789657417958,0
1789657418165,1
1789657418165,0
1789657418360,1
1789657418360,0
1789657418553,1
1789657418553,0
1789657418755,1
1789657418755,0
1789657418956,1
1789657418957,0
1789657419172,1
1789657419172,0
1789657419370,1
1789657419370,0
1789657419576,1
1789657419576,0
1789657419772,1
1789657419772,0
1789657419977,1
1789657419977,0
1789657420192,1
1789657420192,0
1789657420400,1
1789657420400,0
1789657420600,1
1789657420600,0
1789657420802,1
1789657420802,0
1789657421005,1
1789657421005,0
1789657421222,1
1789657421222,0
1789657421423,1
1789657421423,0
1789657421633,1
1789657421633,0
1789657421852,1
1789657421852,0
1789657422039,1
1789657422039,0
1789657422237,1
1789657422237,0
1789657422427,1
1789657422427,0
1789657422609,1
1789657422609,0
1789657422801,1
1789657422801,0
1789657422990,1
1789657422990,0
1789657423201,1
1789657423201,0
1789657423403,1
1789657423403,0
1789657423603,1
1789657423603,0
1789657423812,1
1789657423812,0
1789657424006,1
1789657424006,0
1789657424229,1
1789657424229,0
1789657424439,1
1789657424439,0
1789657424634,1
1789657424634,0
1789657424842,1
1789657424842,0
1789657425036,1
1789657425036,0
1789657425250,1
1789657425250,0
1789657425446,1
1789657425446,0
1789657425641,1
1789657425641,0
1789657425842,1
1789657425842,0
1789657426040,1
1789657426040,0
1789657426263,1
1789657426263,0
1789657426463,1
1789657426463,0
1789657426673,1
1789657426673,0
1789657426880,1
1789657426880,0
1789657427074,1
1789657427074,0
1789657427285,1
1789657427285,0
1789657427488,1
1789657427488,0
1789657427695,1
1789657427695,0
1789657427901,1
1789657427901,0
1789657428102,1
1789657428102,0
1789657428317,1
1789657428317,0
1789657428506,1
1789657428506,0
1789657428717,1
1789657428717,0
1789657428913,1
1789657428913,0
1789657429107,1
1789657429107,0
1789657429315,1
1789657429315,0
1789657429509,1
1789657429509,0
1789657429703,1
1789657429703,0
1789657429900,1
1789657429900,0
1789657430102,1
1789657430103,0
1789657430327,1
1789657430327,0
1789657430531,1
1789657430531,0
1789657430731,1
1789657430731,0
1789657430923,1
1789657430923,0
1789657431135,1
1789657431135,0
1789657431343,1
1789657431343,0
1789657431544,1
1789657431544,0
1789657431735,1
1789657431735,0
1789657431951,1
1789657431951,0
1789657432150,1
1789657432150,0
1789657432370,1
1789657432370,0
1789657432564,1
1789657432564,0
1789657432759,1
1789657432759,0
1789657432957,1
1789657432957,0
1789657433151,1
1789657433151,0
1789657433348,1
1789657433348,0
1789657433549,1
1789657433549,0
1789657433750,1
1789657433750,0
1789657433951,1
1789657433951,0
1789657434148,1
1789657434148,0
1789657434354,1
1789657434354,0
1789657434544,1
1789657434544,0
1789657434746,1
1789657434746,0
1789657434942,1
1789657434942,0
1789657435129,1
1789657435129,0
1789657435348,1
1789657435348,0
1789657435547,1
1789657435547,0
1789657435749,1
1789657435749,0
1789657435954,1
1789657435954,0
1789657436153,1
1789657436153,0
1789657436374,1
1789657436374,0
1789657436569,1
1789657436569,0
1789657436760,1
1789657436760,0
1789657436955,1
1789657436955,0
1789657437146,1
1789657437146,0
1789657437355,1
1789657437355,0
1789657437552,1
1789657437552,0
1789657437755,1
1789657437755,0
1789657437954,1
1789657437954,0
1789657438149,1
1789657438149,0
1789657438363,1
1789657438363,0
1789657438574,1
1789657438574,0
1789657438774,1
1789657438774,0
1789657438965,1
1789657438965,0
1789657439164,1
1789657439164,0
1789657439383,1
1789657439383,0
1789657439575,1
1789657439575,0
1789657439779,1
1789657439779,0
1789657439973,1
1789657439973,0
1789657440171,1
1789657440171,0
1789657440383,1
1789657440383,0
1789657440580,1
1789657440580,0
1789657440784,1
1789657440784,0
1789657440985,1
1789657440985,0
1789657441172,1
1789657441172,0
1789657441391,1
1789657441391,0
1789657441593,1
1789657441593,0
1789657441779,1
1789657441779,0
1789657441975,1
1789657441975,0
1789657442181,1
1789657442181,0
1789657442394,1
1789657442394,0
1789657442596,1
1789657442596,0
1789657442792,1
1789657442792,0
1789657443000,1
1789657443000,0
1789657443205,1
1789657443205,0
1789657443416,1
1789657443416,0
1789657443603,1
1789657443603,0
1789657443805,0
1789657443806,0
1789657444009,1
1789657444009,0
1789657444211,1
1789657444211,0
1789657444428,1
1789657444428,0
1789657444642,1
1789657444642,0
1789657444849,1
1789657444849,0
1789657445048,1
1789657445048,0
1789657445244,1
1789657445244,0
1789657445464,1
1789657445464,0
1789657445654,1
1789657445654,0
1789657445846,1
1789657445846,0
1789657446062,1
1789657446062,0
1789657446258,1
1789657446258,0
1789657446477,1
1789657446477,0
1789657446673,1
1789657446673,0
1789657446888,1
1789657446888,0
1789657447096,1
1789657447096,0
1789657447291,1
1789657447291,0
1789657447510,1
1789657447510,0
1789657447715,1
1789657447715,0
1789657447916,1
1789657447916,0
1789657448120,1
1789657448120,0
1789657448322,1
1789657448323,0
1789657448527,1
1789657448527,0
1789657448729,1
1789657448729,0
1789657448920,1
1789657448920,0
1789657449121,1
1789657449121,0
1789657449324,1
1789657449324,0
1789657449532,1
1789657449532,0
1789657449730,1
1789657449730,0
1789657449935,1
1789657449935,0
1789657450142,1
1789657450142,0
1789657450348,1
1789657450348,0
1789657450560,1
1789657450560,0
1789657450756,1
1789657450756,0
1789657450950,1
1789657450950,0
1789657451147,1
1789657451147,0
1789657451346,1
1789657451346,0
1789657451547,1
1789657451547,0
1789657451744,1
1789657451744,0
1789657451947,1
1789657451947,0
1789657452144,1
1789657452144,0
1789657452339,1
1789657452339,0
1789657452545,1
1789657452545,0
1789657452751,1
1789657452751,0
1789657452955,1
1789657452956,0
1789657453149,1
1789657453149,0
1789657453351,1
1789657453351,0
1789657453555,1
1789657453555,0
1789657453753,1
1789657453753,0
1789657453966,1
1789657453966,0
1789657454165,1
1789657454165,0
1789657454362,1
1789657454362,0
1789657454577,1
1789657454577,0
1789657454773,1
1789657454773,0
1789657454979,1
1789657454979,0
1789657455181,1
1789657455181,0
1789657455380,1
1789657455380,0
1789657455591,1
1789657455591,0
1789657455792,1
1789657455792,0
1789657456001,1
1789657456001,0
1789657456201,1
1789657456201,0
1789657456407,1
1789657456407,0
1789657456620,1
1789657456620,0
1789657456802,1
1789657456802,0
1789657456996,1
1789657456996,0
1789657457201,1
1789657457201,0
1789657457400,1
1789657457400,0
1789657457606,1
1789657457606,0
1789657457799,1
1789657457799,0
1789657458001,1
1789657458001,0
1789657458202,1
1789657458203,0
1789657458401,1
1789657458401,0
1789657458617,1
1789657458617,0
1789657458814,1
1789657458814,0
1789657459012,1
1789657459012,0
1789657459210,1
1789657459210,0
1789657459419,1
1789657459419,0
1789657459633,1
1789657459633,0
1789657459825,1
1789657459825,0
1789657460021,1
1789657460021,0
1789657460247,1
1789657460247,0
1789657460454,1
1789657460454,0
1789657460667,1
1789657460667,0
1789657460874,1
1789657460874,0
1789657461083,1
1789657461083,0
1789657461279,1
1789657461279,0
1789657461480,1
1789657461480,0
1789657461691,1
1789657461691,0
1789657461912,1
1789657461912,0
1789657462100,1
1789657462100,0
1789657462310,1
1789657462310,0
1789657462498,1
1789657462498,0
1789657462710,1
1789657462710,0
1789657462906,1
1789657462906,0
1789657463115,1
1789657463115,0
1789657463323,1
1789657463323,0
1789657463524,1
1789657463524,0
1789657463743,1
1789657463743,0
1789657463939,1
1789657463939,0
1789657464160,1
1789657464160,0
1789657464349,1
1789657464349,0
1789657464550,1
1789657464550,0
1789657464757,1
1789657464757,0
1789657464958,1
1789657464958,0
1789657465162,1
1789657465162,0
1789657465368,1
1789657465368,0
1789657465570,1
1789657465570,0
1789657465785,1
1789657465785,0
1789657465975,1
1789657465975,0
1789657466180,1
1789657466180,0
1789657466375,1
1789657466375,0
1789657466577,1
1789657466577,0
1789657466789,1
1789657466789,0
1789657466990,1
1789657466990,0
1789657467181,1
1789657467181,0
1789657467377,1
1789657467377,0
1789657467571,1
1789657467571,0
1789657467779,1
1789657467779,0
1789657467977,1
1789657467977,0
1789657468182,1
1789657468182,0
1789657468377,1
1789657468377,0
1789657468575,1
1789657468575,0
1789657468780,1
1789657468780,0
1789657468980,1
1789657468980,0
1789657469173,1
1789657469173,0
1789657469372,1
1789657469372,0
1789657469573,1
1789657469573,0
1789657469782,1
1789657469782,0
1789657469999,1
1789657469999,0
1789657470195,1
1789657470195,0
1789657470392,1
1789657470392,0
1789657470604,1
1789657470604,0
1789657470814,1
1789657470814,0
1789657471007,1
1789657471007,0
1789657471214,1
1789657471214,0
1789657471415,1
1789657471415,0
1789657471627,1
1789657471627,0
1789657471828,1
1789657471828,0
1789657472021,1
1789657472021,0
1789657472224,1
1789657472224,0
1789657472436,1
1789657472436,0
1789657472642,1
1789657472642,0
1789657472856,1
1789657472857,0
1789657473052,1
1789657473052,0
1789657473259,1
1789657473259,0
1789657473466,1
1789657473466,0
1789657473663,1
1789657473663,0
1789657473875,1
1789657473875,0
1789657474075,1
1789657474075,0
1789657474269,1
1789657474269,0
1789657474477,1
1789657474477,0
1789657474684,1
1789657474684,0
1789657474899,1
1789657474899,0
1789657475092,1
1789657475092,0
1789657475287,1
1789657475287,0
1789657475481,1
1789657475481,0
1789657475675,1
1789657475675,0
1789657475886,1
1789657475886,0
1789657476080,1
1789657476080,0
1789657476275,1
1789657476275,0
1789657476478,1
1789657476478,0
1789657476687,1
1789657476687,0
1789657476908,1
1789657476908,0
1789657477111,1
1789657477111,0
1789657477307,1
1789657477307,0
1789657477508,1
1789657477508,0
1789657477701,1
1789657477701,0
1789657477911,1
1789657477911,0
1789657478112,1
1789657478112,0
1789657478308,1
1789657478308,0
1789657478503,1
1789657478503,0
1789657478697,1
1789657478697,0
1789657478906,1
1789657478906,0
1789657479102,1
1789657479102,0
1789657479296,1
1789657479296,0
1789657479511,1
1789657479511,0
1789657479709,1
1789657479709,0
1789657479908,1
1789657479908,0
1789657480107,1
1789657480107,0
1789657480316,1
1789657480316,0
1789657480508,1
1789657480508,0
1789657480705,1
1789657480705,0
1789657480910,1
1789657480910,0
1789657481139,1
1789657481139,0
1789657481339,1
1789657481339,0
1789657481538,1
1789657481538,0
1789657481747,1
1789657481747,0
1789657481960,1
1789657481960,0
1789657482161,1
1789657482161,0
1789657482358,1
1789657482358,0
1789657482548,1
1789657482548,0
1789657482732,1
1789657482732,0
1789657482964,1
1789657482964,0
1789657483157,1
1789657483157,0
1789657483350,1
1789657483350,0
1789657483560,1
1789657483560,0
1789657483766,1
1789657483766,0
1789657483981,1
1789657483981,0
1789657484183,1
1789657484183,0
1789657484376,1
1789657484376,0
1789657484569,1
1789657484569,0
1789657484763,1
1789657484763,0
1789657484970,1
1789657484970,0
1789657485168,1
1789657485168,0
1789657485366,1
1789657485366,0
1789657485572,1
1789657485572,0
1789657485777,1
1789657485777,0
1789657485988,1
1789657485988,0
1789657486181,1
1789657486181,0
1789657486382,1
1789657486382,0
1789657486575,1
1789657486575,0
1789657486780,1
1789657486780,0
1789657486989,1
1789657486989,0
1789657487181,1
1789657487181,0
1789657487383,1
1789657487383,0
1789657487587,1
1789657487587,0
1789657487790,1
1789657487790,0
1789657487996,1
1789657487996,0
1789657488194,1
1789657488194,0
1789657488393,1
1789657488393,0
1789657488585,1
1789657488585,0
1789657488784,1
1789657488784,0
1789657489005,1
1789657489005,0
1789657489208,1
1789657489208,0
1789657489413,1
1789657489413,0
1789657489609,1
1789657489609,0
1789657489804,1
1789657489804,0
1789657490023,1
1789657490024,0
1789657490217,1
1789657490217,0
1789657490427,1
1789657490427,0
1789657490627,1
1789657490627,0
1789657490822,1
1789657490823,0
1789657491032,1
1789657491032,0
1789657491225,1
1789657491225,0
1789657491437,1
1789657491437,0
1789657491626,1
1789657491626,0
1789657491812,1
1789657491812,0
1789657492022,1
1789657492022,0
1789749170891,1
1789749170901,0
1789749171317,1
1789749171318,0
1789749171610,1
1789749171611,0
1789749172695,1
1789749172697,0
1789749172925,1
1789749172925,0
1789749173198,1
1789749173198,0
1789749190461,1
1789749190462,0
1789749190735,1
1789749190736,0
1789749190950,1
1789749190950,0
1789749191795,1
1789749191796,0
1789749192012,1
1789749192012,0
1789749192226,0
1789749192226,0
1789749192424,1
1789749192424,0
1789749192790,1
1789749192790,0
1789749193163,1
1789749193163,0
1789749193540,1
1789749193541,0
1789749194116,1
1789749194116,0
1789749194526,1
1789749194527,0
1789749194896,1
1789749194896,0
1789749195274,1
1789749195275,0
1789749195650,1
1789749195650,0
1789749196027,1
1789749196027,0
1789749196401,1
1789749196401,0
1789749196783,1
1789749196784,0
1789749196999,1
1789749196999,0
1789749197809,1
1789749197810,0
1789749198901,1
1789749198902,0
1789749199248,1
1789749199248,0
1789749199585,1
1789749199585,0
1789749199989,1
1789749199989,0
1789749200361,1
1789749200361,0
1789749200710,1
1789749200711,0
1789749202121,1
1789749202122,0
1789749202521,1
1789749202521,0
1789749202892,1
1789749202892,0
1789749203260,1
1789749203260,0
1789749203658,1
1789749203659,0
1789749204062,1
1789749204062,0
1789749204485,0
1789749204485,0
1789749204892,1
1789749204892,0
1789749205110,1
1789749205110,0
1789749205440,1
1789749205440,0
1789749205790,1
1789749205790,0
1789749206167,1
1789749206168,0
1789749206515,1
1789749206515,0
1789749206908,1
1789749206908,0
1789749207254,1
1789749207255,0
1789749207602,1
1789749207602,0
1789749207944,1
1789749207945,0
1789749208293,1
1789749208294,0
1789749208509,1
1789749208509,0
1789749208708,1
1789749208708,0
1789749209292,1
1789749209293,0
1789749209666,1
1789749209667,0
1789749209878,1
1789749209879,0
1789749210223,1
1789749210223,0
1789749210567,1
1789749210568,0
1789749210905,1
1789749210905,0
1789749211473,1
1789749211474,0
1789749211844,1
1789749211845,0
1789749212219,1
1789749212221,0
1789749212432,1
1789749212433,0
1789749212815,1
1789749212816,0
1789749213034,1
1789749213034,0
1789749213245,1
1789749213246,0
1789749213449,1
1789749213450,0
1789749213658,1
1789749213658,0
1789749214045,1
1789749214046,0
1789749214448,1
1789749214448,0
1789749214636,1
1789749214636,0
1789749214835,1
1789749214835,0
1789749215043,1
1789749215043,0
1789749215407,1
1789749215408,0
1789749215615,1
1789749215615,0
1789749215824,1
1789749215824,0
1789749216040,1
1789749216041,0
1789749216414,1
1789749216414,0
1789749216754,1
1789749216755,0
1789749217096,1
1789749217097,0
1789749217442,1
1789749217443,0
1789749217852,1
1789749217853,0
1789749218074,1
1789749218074,0
1789749219127,1
1789749219128,0
1789749219497,1
1789749219497,0
1789749220111,1
1789749220111,0
1789749220509,1
1789749220510,0
1789749220900,1
1789749220901,0
1789749221741,1
1789749221742,0
1789749222114,1
1789749222114,0
1789749222486,1
1789749222487,0
1789749222711,1
1789749222712,0
1789749223091,1
1789749223092,0
1789749223486,1
1789749223487,0
1789749223865,1
1789749223866,0
1789749224235,1
1789749224235,0
1789749224607,1
1789749224607,0
1789749224979,1
1789749224983,0
1789749225191,1
1789749225191,0
1789749225585,1
1789749225586,0
1789749225935,1
1789749225935,0
1789749226343,1
1789749226343,0
1789749226744,1
1789749226745,0
1789749227146,1
1789749227148,0
1789749227363,1
1789749227363,0
1789749227578,1
1789749227579,0
1789749227785,1
1789749227785,0
1789749228334,1
1789749228334,0
1789749228677,1
1789749228678,0
1789749229265,1
1789749229265,0
1789749229644,1
1789749229644,0
1789749230026,1
1789749230026,0
1789749230404,1
1789749230404,0
1789749230777,1
1789749230777,0
1789749231151,1
1789749231152,0
1789749231518,1
1789749231519,0
1789749231864,1
1789749231864,0
1789749232421,1
1789749232422,0
1789749232760,1
1789749232760,0
1789749233136,1
1789749233136,0
1789749233485,1
1789749233485,0
1789749233824,1
1789749233827,0
1789749234172,1
1789749234173,0
1789749234534,1
1789749234535,0
1789749234879,1
1789749234880,0
1789749235220,1
1789749235220,0
1789749235443,0
1789749235443,0
1789749236237,1
1789749236237,0
1789749236612,1
1789749236613,0
1789749236991,0
1789749236999,0
1789749237366,0
1789749237367,0
1789749237581,1
1789749237581,0
1789749237921,1
1789749237921,0
1789749238326,1
1789749238326,0
1789749238664,1
1789749238664,0
1789749239006,1
1789749239006,0
1789749239557,1
1789749239558,0
1789749239900,1
1789749239900,0
1789749240249,1
1789749240250,0
1789749240622,1
1789749240622,0
1789749241389,1
1789749241389,0
1789749241601,1
1789749241601,0
1789749241809,1
1789749241809,0
1789749242179,1
1789749242179,0
1789749242544,1
1789749242545,0
1789749242927,1
1789749242927,0
1789749243305,1
1789749243306,0
1789749243677,1
1789749243678,0
1789749244083,1
1789749244084,0
1789749244482,1
1789749244482,0
1789749244818,1
1789749244818,0
1789749245162,1
1789749245163,0
1789749245568,1
1789749245569,0
1789749245936,1
1789749245936,0
1789749246305,1
1789749246306,0
1789749246671,1
1789749246672,0
1789749247004,1
1789749247004,0
1789749247371,1
1789749247371,0
1789749247751,1
1789749247751,0
1789749247964,1
1789749247965,0
1789749248301,1
1789749248301,0
1789749248654,1
1789749248654,0
1789749249878,1
1789749249879,0
1789749250286,1
1789749250286,0
1789749250625,1
1789749250625,0
1789749250966,1
1789749250966,0
1789749251182,1
1789749251183,0
1789749252153,1
1789749252154,0
1789749252555,1
1789749252555,0
1789749252965,1
1789749252966,0
1789749253346,1
1789749253347,0
1789749253715,1
1789749253716,0
1789749254259,1
1789749254260,0
1789749254598,1
1789749254599,0
1789749254933,1
1789749254933,0
1789749255275,1
1789749255276,0
1789749255850,1
1789749255850,0
1789749256251,1
1789749256252,0
1789749256663,1
1789749256664,0
1789749257072,1
1789749257072,0
1789749257284,1
1789749257284,0
1789749257684,1
1789749257685,0
1789749258094,1
1789749258095,0
1789749258499,1
1789749258499,0
1789749258715,1
1789749258716,0
1789749258921,1
1789749258922,0
1789749259127,1
1789749259127,0
1789749259337,1
1789749259338,0
1789749259703,1
1789749259703,0
1789749260097,1
1789749260097,0
1789749260308,1
1789749260308,0
1789749260515,1
1789749260516,0
1789749260710,1
1789749260711,0
1789749260930,1
1789749260931,0
1789749261332,0
1789749261333,0
1789749327620,1
1789749327620,0
1789749327895,1
1789749327895,0
1789749328126,1
1789749328126,0
1789749328987,1
1789749328987,0
1789749329200,1
1789749329201,0
1789749329411,1
1789749329412,0
1789749329620,1
1789749329620,0
1789749329979,1
1789749329979,0
1789749330351,1
1789749330351,0
1789749330724,1
1789749330725,0
1789749331346,1
1789749331346,0
1789749331752,1
1789749331752,0
1789749332140,1
1789749332141,0
1789749332520,1
1789749332521,0
1789749332903,1
1789749332903,0
1789749333268,1
1789749333269,0
1789749333641,1
1789749333641,0
1789749334000,1
1789749334001,0
1789749334223,1
1789749334223,0
1789749335007,1
1789749335007,0
1789749336018,1
1789749336019,0
1789749336366,1
1789749336366,0
1789749336697,1
1789749336697,0
1789749337103,1
1789749337103,0
1789749337487,1
1789749337487,0
1789749337818,1
1789749337818,0
1789749339177,1
1789749339177,0
1789749339593,1
1789749339593,0
1789749339970,1
1789749339970,0
1789749340348,1
1789749340348,0
1789749340756,1
1789749340756,0
1789749341164,1
1789749341165,0
1789749341566,1
1789749341566,0
1789749341977,1
1789749341977,0
1789749342188,1
1789749342188,0
1789749342524,1
1789749342524,0
1789749342875,1
1789749342875,0
1789749343244,1
1789749343244,0
1789749343586,1
1789749343587,0
1789749343990,1
1789749343990,0
1789749344338,1
1789749344339,0
1789749344684,1
1789749344685,0
1789749345039,1
1789749345040,0
1789749345383,1
1789749345383,0
1789749345605,1
1789749345606,0
1789749345794,1
1789749345794,0
1789749346340,1
1789749346341,0
1789749346730,1
1789749346731,0
1789749346945,1
1789749346946,0
1789749347288,1
1789749347289,0
1789749347646,1
1789749347647,0
1789749347990,1
1789749347990,0
1789749348578,1
1789749348579,0
1789749348965,1
1789749348966,0
1789749349335,1
1789749349335,0
1789749349537,1
1789749349537,0
1789749349946,1
1789749349946,0
1789749350164,1
1789749350165,0
1789749350373,1
1789749350374,0
1789749350588,1
1789749350589,0
1789749350784,1
1789749350784,0
1789749351185,1
1789749351186,0
1789749351595,1
1789749351602,0
1789749351813,1
1789749351814,0
1789749352028,1
1789749352028,0
1789749352238,1
1789749352238,0
1789749352605,1
1789749352605,0
1789749352813,1
1789749352813,0
1789749353022,1
1789749353022,0
1789749353239,1
1789749353239,0
1789749353609,1
1789749353609,0
1789749353960,1
1789749353961,0
1789749354302,1
1789749354302,0
1789749354646,1
1789749354647,0
1789749355054,1
1789749355055,0
1789749355272,1
1789749355272,0
1789749356310,1
1789749356311,0
1789749356673,1
1789749356673,0
1789749357278,1
1789749357279,0
1789749357682,1
1789749357682,0
1789749358095,1
1789749358096,0
1789749358929,1
1789749358929,0
1789749359302,1
1789749359303,0
1789749359666,1
1789749359666,0
1789749359867,1
1789749359867,0
1789749360244,1
1789749360245,0
1789749360642,1
1789749360642,0
1789749361006,1
1789749361006,0
1789749361381,1
1789749361382,0
1789749361754,1
1789749361754,0
1789749362121,1
1789749362121,0
1789749362334,1
1789749362334,0
1789749362729,1
1789749362730,0
1789749363074,1
1789749363074,0
1789749363488,1
1789749363488,0
1789749363890,1
1789749363890,0
1789749364295,1
1789749364296,0
1789749364497,1
1789749364497,0
1789749364701,1
1789749364701,0
1789749364927,1
1789749364927,0
1789749365456,1
1789749365457,0
1789749365797,1
1789749365797,0
1789749366386,1
1789749366386,0
1789749366763,1
1789749366763,0
1789749367131,1
1789749367131,0
1789749367491,1
1789749367491,0
1789749367870,1
1789749367870,0
1789749368241,1
1789749368241,0
1789749368597,1
1789749368597,0
1789749368946,1
1789749368947,0
1789749369493,1
1789749369493,0
1789749369823,1
1789749369823,0
1789749370204,1
1789749370205,0
1789749370546,1
1789749370546,0
1789749370872,1
1789749370873,0
1789749371205,1
1789749371206,0
1789749371571,1
1789749371572,0
1789749371917,1
1789749371917,0
1789749372256,1
1789749372256,0
1789749372462,1
1789749372463,0
1789749373242,1
1789749373243,0
1789749373611,1
1789749373611,0
1789749373967,1
1789749373967,0
1789749374317,1
1789749374317,0
1789749374512,1
1789749374513,0
1789749374831,1
1789749374831,0
1789749375242,1
1789749375242,0
1789749375637,1
1789749375637,0
1789749376013,1
1789749376013,0
1789749376595,1
1789749376595,0
1789749376907,1
1789749376907,0
1789749377241,1
1789749377242,0
1789749377613,1
1789749377613,0
1789749378424,1
1789749378425,0
1789749378637,1
1789749378637,0
1789749378848,1
1789749378848,0
1789749379195,1
1789749379195,0
1789749379558,1
1789749379559,0
1789749379945,1
1789749379945,0
1789749380311,1
1789749380311,0
1789749380669,1
1789749380669,0
1789749381067,1
1789749381067,0
1789749381445,1
1789749381445,0
1789749381783,1
1789749381783,0
1789749382119,1
1789749382119,0
1789749382512,1
1789749382512,0
1789749382876,1
1789749382877,0
1789749383228,1
1789749383228,0
1789749383599,1
1789749383599,0
1789749383951,1
1789749383952,0
1789749384320,1
1789749384321,0
1789749384687,1
1789749384687,0
1789749384903,1
1789749384903,0
1789749385210,1
1789749385210,0
1789749385548,1
1789749385548,0
1789749386792,1
1789749386792,0
1789749387186,1
1789749387187,0
1789749387519,1
1789749387520,0
1789749387858,1
1789749387858,0
1789749388060,1
1789749388061,0
1789749388978,1
1789749388978,0
1789749389370,1
1789749389370,0
1789749389769,1
1789749389769,0
1789749390134,1
1789749390134,0
1789749390506,1
1789749390506,0
1789749391022,1
1789749391022,0
1789749391366,1
1789749391367,0
1789749391711,0
1789749391712,0
1789749392054,1
1789749392054,0
1789749392632,1
1789749392632,0
1789749393046,1
1789749393046,0
1789749393438,1
1789749393438,0
1789749393815,1
1789749393815,0
1789749394015,1
1789749394015,0
1789749394402,1
1789749394402,0
1789749394778,1
1789749394778,0
1789749395166,1
1789749395166,0
1789749395377,1
1789749395377,0
1789749395581,1
1789749395581,0
1789749395778,1
1789749395778,0
1789749396009,1
1789749396009,0
1789749396364,1
1789749396364,0
1789749396771,1
1789749396771,0
1789749396989,1
1789749396989,0
1789749397199,1
1789749397200,0
1789749397407,1
1789749397408,0
1789749397620,1
1789749397620,0
1789749398004,1
1789749398005,0
1789749398439,1
1789749398440,0
1789749398750,1
1789749398751,0
1789749399080,1
1789749399081,0
1789749399418,0
1789749399418,0
1789749399782,1
1789749399782,0
1789749400135,1
1789749400136,0
1789749400490,1
1789749400490,0
1789749400847,1
1789749400847,0
1789749401241,1
1789749401241,0
1789749402030,1
1789749402031,0
1789749402238,1
1789749402238,0
1789749402656,1
1789749402657,0
1789749402863,1
1789749402863,0
1789749403071,1
1789749403071,0
1789749403282,1
1789749403283,0
1789749403603,1
1789749403603,0
1789749403951,1
1789749403952,0
1789749405031,1
1789749405031,0
1789749405439,1
1789749405439,0
1789749405841,1
1789749405841,0
1789749406246,1
1789749406247,0
1789749406835,1
1789749406835,0
1789749407207,1
1789749407207,0
1789749407550,1
1789749407550,0
1789749408299,1
1789749408299,0
1789749408641,1
1789749408641,0
1789749408990,1
1789749408990,0
1789749409334,1
1789749409334,0
1789749409706,1
1789749409706,0
1789749410051,1
1789749410052,0
1789749410470,1
1789749410470,0
1789749410679,1
1789749410680,0
1789749411280,1
1789749411282,0
1789749411680,1
1789749411680,0
1789749412082,1
1789749412082,0
1789749412453,1
1789749412453,0
1789749412663,1
1789749412663,0
1789749412871,1
1789749412871,0
1789749413199,1
1789749413199,0
1789749413546,1
1789749413547,0
1789749413761,1
1789749413761,0
1789749414098,1
1789749414099,0
1789749414432,1
1789749414433,0
1789749414759,1
1789749414760,0
1789749415087,1
1789749415087,0
1789749415422,1
1789749415422,0
1789749415796,1
1789749415796,0
1789749416009,1
1789749416009,0
1789749416346,1
1789749416347,0
1789749416691,1
1789749416691,0
1789749416906,1
1789749416906,0
1789749417305,1
1789749417305,0
1789749417707,1
1789749417708,0
1789749418107,1
1789749418107,0
1789749418506,1
1789749418506,0
1789749418724,1
1789749418724,0
1789749418929,1
1789749418929,0
1789749419348,1
1789749419348,0
1789749419766,1
1789749419766,0
1789749419974,1
1789749419974,0
1789749420181,1
1789749420181,0
1789749420394,1
1789749420394,0
1789749420757,1
1789749420757,0
1789749421171,1
1789749421171,0
1789749421977,1
1789749421977,0
1789749422190,1
1789749422190,0
1789749422389,1
1789749422389,0
1789749422599,1
1789749422599,0
1789749422804,1
1789749422804,0
1789749423014,1
1789749423015,0
1789749423217,1
1789749423217,0
1789749423628,1
1789749423628,0
1789749425413,1
1789749425413,0
1789749425782,1
1789749425782,0
1789749426148,1
1789749426148,0
1789749426517,1
1789749426517,0
1789749426884,1
1789749426885,0
1789749427250,1
1789749427251,0
1789749427624,1
1789749427625,0
1789749427840,1
1789749427841,0
1789749428226,1
1789749428226,0
1789749428631,1
1789749428631,0
1789749429002,1
1789749429002,0
1789749429335,1
1789749429335,0
1789749429670,1
1789749429671,0
1789749430065,1
1789749430065,0
1789749430462,1
1789749430462,0
1789749430868,1
1789749430868,0
1789749431265,1
1789749431265,0
1789749431892,1
1789749431892,0
1789749432228,1
1789749432228,0
1789749432559,1
1789749432559,0
1789749432891,1
1789749432891,0
1789749433235,1
1789749433235,0
1789749433575,1
1789749433575,0
1789749433916,1
1789749433917,0
1789749434301,1
1789749434301,0
1789749434643,1
1789749434643,0
1789749434977,1
1789749434978,0
1789749435404,1
1789749435404,0
1789749435788,1
1789749435789,0
1789749436160,1
1789749436161,0
1789749436539,1
1789749436540,0
1789749436908,1
1789749436909,0
1789749437277,1
1789749437277,0
1789749437651,1
1789749437651,0
1789749438013,1
1789749438013,0
1789749438340,1
1789749438340,0
1789749439100,1
1789749439101,0
1789749440240,1
1789749440241,0
1789749440587,1
1789749440587,0
1789749440910,1
1789749440910,0
1789749441307,1
1789749441308,0
1789749441717,1
1789749441717,0
1789749442955,1
1789749442956,0
1789749443324,1
1789749443324,0
1789749443531,1
1789749443532,0
1789749443736,1
1789749443737,0
1789749443944,1
1789749443944,0
1789749444351,1
1789749444351,0
1789749444555,1
1789749444555,0
1789749444762,1
1789749444762,0
1789749445100,1
1789749445100,0
1789749445498,1
1789749445498,0
1789749445906,1
1789749445907,0
1789749446121,1
1789749446121,0
1789749446516,1
1789749446516,0
1789749446912,1
1789749446912,0
1789749448127,1
1789749448127,0
1789749448344,1
1789749448344,0
1789749448680,1
1789749448681,0
1789749449041,1
1789749449042,0
1789749449362,1
1789749449363,0
1789749449573,1
1789749449573,0
1789749449909,1
1789749449909,0
1789749450242,1
1789749450242,0
1789749450578,1
1789749450578,0
1789749450776,1
1789749450776,0
1789749451139,1
1789749451139,0
1789749451501,1
1789749451502,0
1789749451893,1
1789749451893,0
1789749452286,1
1789749452286,0
1789749452686,1
1789749452687,0
1789749452897,1
1789749452897,0
1789749453105,1
1789749453105,0
1789749453312,1
1789749453312,0
1789749453512,1
1789749453512,0
1789749453871,1
1789749453871,0
1789749454269,1
1789749454270,0
1789749454807,1
1789749454807,0
1789749455146,1
1789749455146,0
1789749456303,1
1789749456304,0
1789749457040,1
1789749457041,0
1789749457406,1
1789749457406,0
1789749457623,1
1789749457624,0
1789749458012,1
1789749458012,0
1789749458409,1
1789749458409,0
1789749458807,1
1789749458808,0
1789749459201,1
1789749459202,0
1789749459535,1
1789749459535,0
1789749460076,1
1789749460076,0
1789749460413,1
1789749460413,0
1789749460746,1
1789749460746,0
1789749460962,1
1789749460962,0
1789749461163,1
1789749461163,0
1789749461367,1
1789749461367,0
1789749461574,1
1789749461574,0
1789749461933,1
1789749461933,0
1789749462146,1
1789749462146,0
1789749462422,1
1789749462422,0
1789749462746,1
1789749462746,0
1789749463139,1
1789749463140,0
1789749463544,1
1789749463545,0
1789749463937,1
1789749463937,0
1789749464336,1
1789749464337,0
1789749464737,1
1789749464737,0
1789749465131,1
1789749465132,0
1789749465536,1
1789749465536,0
1789749465733,1
1789749465733,0
1789749466090,1
1789749466091,0
1789749466465,1
1789749466465,0
1789749466801,1
1789749466801,0
1789749467199,1
1789749467199,0
1789749467416,1
1789749467416,0
1789749467627,1
1789749467627,0
1789749467835,1
1789749467835,0
1789749468229,1
1789749468230,0
1789749468625,1
1789749468626,0
1789749469015,1
1789749469016,0
1789749469405,1
1789749469405,0
1789749469807,1
1789749469811,0
1789749470359,1
1789749470360,0
1789749470687,1
1789749470687,0
1789749471030,0
1789749471031,0
1789749471376,1
1789749471376,0
1789749471909,0
1789749471909,0
1789749472327,1
1789749472327,0
1789749472536,1
1789749472536,0
1789749472935,1
1789749472935,0
1789749473143,1
1789749473143,0
1789749473341,1
1789749473341,0
1789749473679,1
1789749473680,0
1789749474019,1
1789749474019,0
1789749474360,1
1789749474361,0
1789749474724,1
1789749474725,0
1789749475062,1
1789749475062,0
1789749475275,1
1789749475275,0
1789749475611,1
1789749475611,0
1789749475944,1
1789749475944,0
1789749476282,1
1789749476283,0
1789749476622,1
1789749476622,0
1789749476988,1
1789749476988,0
1789749477211,1
1789749477211,0
1789749477781,1
1789749477781,0
1789749478152,1
1789749478152,0
1789749478525,1
1789749478525,0
1789749478875,1
1789749478875,0
1789749479237,1
1789749479237,0
1789749479600,1
1789749479600,0
1789749480197,1
1789749480197,0
1789749480594,1
1789749480594,0
1789749480919,1
1789749480919,0
1789749481485,1
1789749481485,0
1789749481693,1
1789749481693,0
1789749481903,1
1789749481904,0
1789749482110,1
1789749482110,0
1789749482319,1
1789749482319,0
1789749482525,1
1789749482525,0
1789749482886,1
1789749482886,0
1789749483098,1
1789749483098,0
1789749483458,1
1789749483458,0
1789749483826,1
1789749483826,0
1789749484223,1
1789749484223,0
1789749484565,1
1789749484565,0
1789749484908,1
1789749484909,0
1789749485248,1
1789749485249,0
1789749485595,1
1789749485596,0
1789749486209,1
1789749486209,0
1789749486568,1
1789749486568,0
1789749486947,1
1789749486948,0
1789749488175,1
1789749488175,0
1789749488589,1
1789749488589,0
1789749488798,1
1789749488798,0
1789749489003,1
1789749489003,0
1789749489364,1
1789749489365,0
1789749490388,1
1789749490388,0
1789749490596,1
1789749490596,0
1789749490787,1
1789749490788,0
1789749491194,1
1789749491194,0
1789749491587,1
1789749491587,0
1789749492969,1
1789749492970,0
1789749493178,1
1789749493178,0
1789749493509,1
1789749493510,0
1789749493848,1
1789749493849,0
1789749494244,1
1789749494245,0
1789749494456,1
1789749494456,0
1789749494667,1
1789749494667,0
1789749494865,1
1789749494865,0
1789749495074,1
1789749495074,0
1789749496457,1
1789749496458,0
1789749496798,1
1789749496798,0
1789749497131,1
1789749497131,0
1789749497475,1
1789749497475,0
1789749497679,1
1789749497679,0
1789749498065,1
1789749498066,0
1789749498460,1
1789749498460,0
1789749498672,1
1789749498672,0
1789749498879,1
1789749498879,0
1789749499420,1
1789749499421,0
1789749499755,1
1789749499756,0
1789749500088,1
1789749500089,0
1789749500299,1
1789749500300,0
1789749500653,1
1789749500653,0
1789749501014,1
1789749501014,0
1789749501416,1
1789749501416,0
1789749501782,1
1789749501782,0
1789749501982,1
1789749501983,0
1789749502371,1
1789749502372,0
1789749502758,1
1789749502758,0
1789749503155,1
1789749503155,0
1789749503562,1
1789749503563,0
1789749504165,1
1789749504165,0
1789749504377,1
1789749504377,0
1789749504711,1
1789749504711,0
1789749505048,1
1789749505048,0
1789749505375,1
1789749505375,0
1789749505772,1
1789749505772,0
1789749506173,1
1789749506173,0
1789749506576,1
1789749506576,0
1789749506919,1
1789749506919,0
1789749507128,1
1789749507129,0
1789749507338,1
1789749507339,0
1789749507727,1
1789749507727,0
1789749508093,1
1789749508093,0
1789749508677,1
1789749508677,0
1789749509041,1
1789749509041,0
1789749509394,1
1789749509394,0
1789749509769,1
1789749509769,0
1789749509986,1
1789749509986,0
1789749510194,1
1789749510194,0
1789749510584,1
1789749510584,0
1789749510892,1
1789749510892,0
1789749511220,1
1789749511220,0
1789749511617,1
1789749511618,0
1789749512589,1
1789749512589,0
1789749513330,1
1789749513330,0
1789749513731,1
1789749513732,0
1789749514130,1
1789749514131,0
1789749514532,1
1789749514533,0
1789749514941,1
1789749514941,0
1789749515341,1
1789749515341,0
1789749515736,1
1789749515736,0
1789749516072,1
1789749516072,0
1789749516405,1
1789749516405,0
1789749516613,1
1789749516613,0
1789749516980,1
1789749516980,0
1789749517335,1
1789749517335,0
1789749517824,1
1789749517825,0
1789749518160,1
1789749518160,0
1789749518493,1
1789749518494,0
1789749518836,1
1789749518837,0
1789749519232,1
1789749519232,0
1789749519629,1
1789749519629,0
1789749520233,1
1789749520233,0
1789749520642,1
1789749520642,0
1789749520842,1
1789749520842,0
1789749521042,1
1789749521042,0
1789749521243,1
1789749521243,0
1789749521634,1
1789749521634,0
1789749521854,1
1789749521854,0
1789749522659,1
1789749522659,0
1789749522865,1
1789749522865,0
1789749523075,1
1789749523076,0
1789749523279,1
1789749523279,0
1789749523640,1
1789749523640,0
1789749523854,1
1789749523855,0
1789749524059,1
1789749524059,0
1789749524431,1
1789749524431,0
1789749524832,1
1789749524832,0
1789749525166,1
1789749525167,0
1789749526964,1
1789749526965,0
1789749527366,1
1789749527367,0
1789749527579,1
1789749527580,0
1789749527906,1
1789749527906,0
1789749528248,1
1789749528248,0
1789749528583,1
1789749528583,0
1789749528795,1
1789749528795,0
1789749529157,1
1789749529158,0
1789749529525,1
1789749529526,0
1789749529738,1
1789749529738,0
1789749530138,1
1789749530138,0
1789749530498,1
1789749530498,0
1789749530863,1
1789749530864,0
1789749531230,1
1789749531231,0
1789749531592,1
1789749531592,0
1789749531966,1
1789749531966,0
1789749532331,1
1789749532332,0
1789749532542,1
1789749532542,0
1789749533318,1
1789749533320,0
1789749533713,1
1789749533713,0
1789749534109,1
1789749534109,0
1789749534510,1
1789749534511,0
1789749534846,1
1789749534847,0
1789749535218,1
1789749535219,0
1789749535591,1
1789749535592,0
1789749535967,1
1789749535967,0
1789749536307,1
1789749536307,0
1789749536919,1
1789749536919,0
1789749537321,1
1789749537322,0
1789749537721,1
1789749537721,0
1789749538132,1
1789749538132,0
1789749538470,1
1789749538470,0
1789749538812,1
1789749538812,0
1789749539025,1
1789749539025,0
1789749539385,1
1789749539385,0
1789749539752,1
1789749539752,0
1789749540126,1
1789749540127,0
1789749540936,1
1789749540936,0
1789749541258,1
1789749541259,0
1789749541602,1
1789749541603,0
1789749541997,1
1789749541997,0
1789749542336,1
1789749542336,0
1789749542556,1
1789749542556,0
1789749542749,1
1789749542750,0
1789749542949,1
1789749542949,0
1789749543149,1
1789749543149,0
1789749543342,1
1789749543342,0
1789749543722,1
1789749543723,0
1789749543934,1
1789749543935,0
1789749544329,1
1789749544330,0
1789749545309,1
1789749545309,0
1789749545676,1
1789749545677,0
1789749546038,1
1789749546038,0
1789749546439,1
1789749546439,0
1789749547166,1
1789749547167,0
1789749547565,1
1789749547565,0
1789749547963,1
1789749547964,0
1789749548355,1
1789749548355,0
1789749548747,1
1789749548747,0
1789749549138,1
1789749549138,0
1789749549555,1
1789749549556,0
1789749549885,1
1789749549886,0
1789749550286,1
1789749550287,0
1789749550623,1
1789749550624,0
1789749550977,1
1789749550977,0
1789749551331,1
1789749551332,0
1789749551734,1
1789749551735,0
1789749552093,1
1789749552093,0
1789749552451,1
1789749552451,0
1789749552809,1
1789749552809,0
1789749553000,1
1789749553000,0
1789749553599,1
1789749553599,0
1789749553942,1
1789749553942,0
1789749554340,1
1789749554340,0
1789749554675,1
1789749554676,0
1789749555014,1
1789749555014,0
1789749555353,1
1789749555353,0
1789749555684,1
1789749555684,0
1789749556078,1
1789749556078,0
1789749556538,1
1789749556538,0
1789749556736,1
1789749556736,0
1789749556935,1
1789749556935,0
1789749557284,1
1789749557284,0
1789749557504,1
1789749557504,0
1789749557702,1
1789749557703,0
1789749557894,1
1789749557894,0
1789749558423,1
1789749558424,0
1789749558762,1
1789749558763,0
1789749559159,1
1789749559159,0
1789749559892,1
1789749559893,0
1789749560208,1
1789749560209,0
1789749560541,1
1789749560541,0
1789749560879,1
1789749560880,0
1789749561248,1
1789749561249,0
1789749561618,1
1789749561619,0
1789749562599,1
1789749562599,0
1789749563406,1
1789749563406,0
1789749564197,1
1789749564197,0
1789749564431,1
1789749564431,0
1789749564638,1
1789749564638,0
1789749566111,1
1789749566111,0
1789749566446,1
1789749566446,0
1789749566780,1
1789749566780,0
1789749567141,1
1789749567141,0
1789749567521,1
1789749567522,0
1789749567923,1
1789749567923,0
1789749568327,1
1789749568328,0
1789749568732,1
1789749568732,0
1789749569783,1
1789749569783,0
1789749570180,1
1789749570180,0
1789749570578,1
1789749570578,0
1789749570960,1
1789749570960,0
1789749571357,1
1789749571357,0
1789749571742,1
1789749571742,0
1789749571956,1
1789749571956,0
1789749572355,1
1789749572355,0
1789749572725,1
1789749572726,0
1789749573098,1
1789749573098,0
1789749573715,1
1789749573716,0
1789749574117,1
1789749574118,0
1789749574514,1
1789749574514,0
1789749574918,1
1789749574918,0
1789749575667,1
1789749575667,0
1789749575989,1
1789749575989,0
1789749576196,1
1789749576196,0
1789749576525,1
1789749576526,0
1789749576864,1
1789749576864,0
1789749577192,1
1789749577192,0
1789749577515,1
1789749577515,0
1789749577727,1
1789749577727,0
1789749578056,1
1789749578056,0
1789749578414,1
1789749578414,0
1789749578769,1
1789749578770,0
1789749579140,1
1789749579140,0
1789749579482,0
1789749579482,0
1789749579855,1
1789749579855,0
1789749580224,1
1789749580224,0
1789749580600,1
1789749580600,0
1789749580800,1
1789749580800,0
1789749581167,1
1789749581167,0
1789749581538,1
1789749581538,0
1789749581750,1
1789749581750,0
1789749582163,1
1789749582163,0
1789749582528,1
1789749582528,0
1789749582898,1
1789749582899,0
1789749583267,1
1789749583267,0
1789749583634,1
1789749583634,0
1789749584240,1
1789749584241,0
1789749585411,1
1789749585411,0
1789749585734,1
1789749585734,0
1789749586052,1
1789749586052,0
1789749586419,1
1789749586419,0
1789749587240,1
1789749587240,0
1789749587618,1
1789749587619,0
1789749587965,1
1789749587965,0
1789749588365,1
1789749588365,0
1789749588773,1
1789749588773,0
1789749589173,1
1789749589174,0
1789749589571,1
1789749589571,0
1789749590208,1
1789749590209,0
1789749590967,1
1789749590967,0
1789749591305,1
1789749591305,0
1789749591649,1
1789749591650,0
1789749591963,1
1789749591963,0
1789749592393,1
1789749592393,0
1789749592603,1
1789749592603,0
1789749593001,1
1789749593001,0
1789749593445,1
1789749593445,0
1789749594430,1
1789749594430,0
1789749594835,1
1789749594836,0
1789749595251,1
1789749595251,0
1789749595626,1
1789749595626,0
1789749595980,1
1789749595981,0
1789749596378,1
1789749596378,0
1789749596579,1
1789749596579,0
1789749596781,1
1789749596781,0
1789749597104,1
1789749597105,0
1789749597306,1
1789749597306,0
1789749597490,1
1789749597491,0
1789749597709,1
1789749597709,0
1789749598102,1
1789749598103,0
1789749598469,1
1789749598469,0
1789749599655,1
1789749599656,0
1789749600196,1
1789749600197,0
1789749600970,1
1789749600970,0
1789749601186,1
1789749601186,0
1789749601394,1
1789749601394,0
1789749601604,1
1789749601604,0
1789749601817,1
1789749601817,0
1789749602024,1
1789749602024,0
1789749602232,1
1789749602232,0
1789749602436,1
1789749602437,0
1789749602643,1
1789749602643,0
1789749603009,1
1789749603009,0
1789749603229,1
1789749603229,0
1789749603440,1
1789749603440,0
1789749603650,1
1789749603650,0
1789749603864,1
1789749603864,0
1789749604260,1
1789749604260,0
1789749604660,1
1789749604660,0
1789749605051,1
1789749605051,0
1789749605448,1
1789749605449,0
1789749605777,1
1789749605778,0
1789749606115,1
1789749606115,0
1789749606457,1
1789749606457,0
1789749606798,1
1789749606798,0
1789749607010,1
1789749607010,0
1789749607375,1
1789749607375,0
1789749607749,1
1789749607749,0
1789749608152,1
1789749608152,0
1789749608494,1
1789749608495,0
1789749608869,1
1789749608869,0
1789749609084,1
1789749609084,0
1789749609299,1
1789749609299,0
1789749609510,1
1789749609510,0
1789749609723,1
1789749609723,0
1789749610139,1
1789749610139,0
1789749610746,1
1789749610747,0
1789749611147,1
1789749611147,0
1789749611484,1
1789749611485,0
1789749611826,1
1789749611826,0
1789749612163,1
1789749612163,0
1789749612505,1
1789749612505,0
1789749612853,1
1789749612854,0
1789749613846,1
1789749613847,0
1789749614061,1
1789749614061,0
1789749614275,1
1789749614276,0
1789749614486,1
1789749614486,0
1789749614696,1
1789749614696,0
1789749614909,1
1789749614909,0
1789749615509,1
1789749615509,0
1789749615911,1
1789749615912,0
1789749616521,1
1789749616521,0
1789749616857,1
1789749616857,0
1789749617197,1
1789749617197,0
1789749617543,1
1789749617543,0
1789749617931,1
1789749617932,0
1789749618290,1
1789749618291,0
1789749618663,1
1789749618663,0
1789749619030,1
1789749619030,0
1789749619399,1
1789749619400,0
1789749620769,1
1789749620769,0
1789749621140,1
1789749621141,0
1789749621518,1
1789749621519,0
1789749622501,1
1789749622501,0
1789749622843,1
1789749622844,0
1789749623188,1
1789749623188,0
1789749623717,1
1789749623717,0
1789749624063,1
1789749624064,0
1789749624467,1
1789749624468,0
1789749624869,1
1789749624869,0
1789749625210,1
1789749625211,0
1789749625621,1
1789749625621,0
1789749626003,1
1789749626003,0
1789749626397,1
1789749626397,0
1789749626801,1
1789749626802,0
1789749627164,1
1789749627164,0
1789749627374,1
1789749627375,0
1789749627577,1
1789749627577,0
1789749627780,1
1789749627780,0
1789749627978,1
1789749627978,0
1789749628551,1
1789749628552,0
1789749628928,1
1789749628928,0
1789749629299,1
1789749629299,0
1789749629862,1
1789749629862,0
1789749630205,1
1789749630205,0
1789749630621,1
1789749630621,0
1789749631003,1
1789749631004,0
1789749631338,1
1789749631339,0
1789749631678,1
1789749631678,0
1789749632021,1
1789749632022,0
1789749632355,1
1789749632356,0
1789749632570,1
1789749632570,0
1789749632942,1
1789749632942,0
1789749633343,1
1789749633343,0
1789749633676,1
1789749633676,0
1789749634018,1
1789749634019,0
1789749634422,1
1789749634423,0
1789749634641,1
1789749634641,0
1789749634853,1
1789749634853,0
1789749635058,1
1789749635058,0
1789749635433,1
1789749635433,0
1789749636177,1
1789749636178,0
1789749636698,1
1789749636699,0
1789749637039,1
1789749637039,0
1789749637367,1
1789749637367,0
1789749637697,1
1789749637697,0
1789749638045,1
1789749638045,0
1789749638377,1
1789749638377,0
1789749638592,1
1789749638592,0
1789749638931,1
1789749638931,0
1789749639273,1
1789749639273,0
1789749639609,1
1789749639610,0
1789749640009,1
1789749640010,0
1789749640228,1
1789749640228,0
1789749640440,1
1789749640440,0
1789749640648,1
1789749640648,0
1789749641034,1
1789749641035,0
1789749641253,1
1789749641253,0
1789749641465,1
1789749641465,0
1789749641833,1
1789749641834,0
1789749642199,1
1789749642199,0
1789749642771,1
1789749642771,0
1789749643137,1
1789749643137,0
1789749643503,1
1789749643504,0
1789749643880,1
1789749643881,0
1789749644218,1
1789749644218,0
1789749644616,1
1789749644616,0
1789749644952,1
1789749644953,0
1789749645142,1
1789749645142,0
1789749645356,1
1789749645357,0
1789749645571,1
1789749645571,0
1789749646729,1
1789749646730,0
1789749647072,1
1789749647072,0
1789749647443,1
1789749647444,0
1789749647814,1
1789749647814,0
1789749648164,1
1789749648165,0
1789749648505,1
1789749648505,0
1789749648832,1
1789749648833,0
1789749649172,1
1789749649173,0
1789749649514,1
1789749649515,0
1789749649853,1
1789749649853,0
1789749650199,1
1789749650199,0
1789749651184,1
1789749651185,0
1789749651400,1
1789749651401,0
1789749651613,1
1789749651613,0
1789749651821,1
1789749651821,0
1789749652155,1
1789749652156,0
1789749652523,1
1789749652523,0
1789749652891,1
1789749652891,0
1789749653102,1
1789749653102,0
1789749653439,1
1789749653439,0
1789749654048,1
1789749654049,0
1789749654444,1
1789749654444,0
1789749654856,1
1789749654856,0
1789749655254,1
1789749655254,0
1789749655471,1
1789749655472,0
1789749655891,0
1789749655891,0
1789749656289,1
1789749656289,0
1789749656684,1
1789749656684,0
1789749656905,1
1789749656905,0
1789749657243,1
1789749657243,0
1789749657579,1
1789749657580,0
1789749657929,1
1789749657929,0
1789749658763,1
1789749658763,0
1789749659096,1
1789749659096,0
1789749659442,1
1789749659443,0
1789749659658,1
1789749659658,0
1789749659856,1
1789749659856,0
1789749660072,1
1789749660072,0
1789749660284,1
1789749660284,0
1789749660885,1
1789749660886,0
1789749661105,1
1789749661106,0
1789749661444,1
1789749661444,0
1789749661785,1
1789749661785,0
1789749662193,1
1789749662193,0
1789749662398,1
1789749662398,0
1789749662612,1
1789749662612,0
1789749663028,1
1789749663028,0
1789749663234,1
1789749663234,0
1789749663635,1
1789749663635,0
1789749664187,1
1789749664187,0
1789749664520,1
1789749664520,0
1789749664864,1
1789749664865,0
1789749665202,1
1789749665202,0
1789749665545,1
1789749665545,0
1789749665893,1
1789749665893,0
1789749666104,1
1789749666104,0
1789749666647,1
1789749666647,0
1789749666989,1
1789749666990,0
1789749667204,1
1789749667204,0
1789749667414,1
1789749667414,0
1789749667626,1
1789749667626,0
1789749667830,1
1789749667830,0
1789749668843,1
1789749668844,0
1789749669252,1
1789749669253,0
1789749669466,1
1789749669466,0
1789749669865,1
1789749669865,0
1789749670275,1
1789749670276,0
1789749670675,1
1789749670676,0
1789749671070,1
1789749671070,0
1789749671439,1
1789749671439,0
1789749671835,1
1789749671835,0
1789749672235,1
1789749672235,0
1789749672457,1
1789749672458,0
1789749672667,1
1789749672667,0
1789749672874,1
1789749672874,0
1789749673090,1
1789749673090,0
1789749673302,1
1789749673302,0
1789749673499,1
1789749673499,0
1789749673900,1
1789749673900,0
1789749674119,1
1789749674119,0
1789749674332,1
1789749674332,0
1789749674668,1
1789749674668,0
1789749674871,1
1789749674871,0
1789749675287,1
1789749675287,0
1789749675661,1
1789749675662,0
1789749676026,1
1789749676026,0
1789749676401,1
1789749676402,0
1789749676768,1
1789749676768,0
1789749676984,1
1789749676984,0
1789749677199,1
1789749677199,0
1789749678035,1
1789749678035,0
1789749678368,1
1789749678368,0
1789749678713,1
1789749678714,0
1789749679051,1
1789749679052,0
1789749679454,1
1789749679454,0
1789749679669,1
1789749679669,0
1789749679871,1
1789749679872,0
1789749680450,1
1789749680451,0
1789749680806,1
1789749680806,0
1789749681200,1
1789749681200,0
1789749681599,1
1789749681599,0
1789749682006,1
1789749682006,0
1789749682406,1
1789749682406,0
1789749682800,1
1789749682801,0
1789749683149,1
1789749683149,0
1789749683550,1
1789749683550,0
1789749684304,1
1789749684304,0
1789749684525,1
1789749684525,0
1789749684727,1
1789749684727,0
1789749684929,1
1789749684929,0
1789749685130,1
1789749685130,0
1789749685896,1
1789749685897,0
1789749686297,1
1789749686298,0
1789749686513,1
1789749686513,0
1789749686880,1
1789749686880,0
1789749687239,1
1789749687239,0
1789749687603,1
1789749687604,0
1789749687961,1
1789749687962,0
1789749688519,1
1789749688520,0
1789749688861,1
1789749688861,0
1789749689264,1
1789749689264,0
1789749689671,1
1789749689671,0
1789749690009,1
1789749690009,0
1789749690379,1
1789749690379,0
1789749690751,1
1789749690752,0
1789749691122,1
1789749691123,0
1789749691463,1
1789749691463,0
1789749692712,1
1789749692712,0
1789749692919,1
1789749692919,0
1789749693125,1
1789749693125,0
1789749693339,1
1789749693339,0
1789749693737,1
1789749693737,0
1789749694160,1
1789749694160,0
1789749694527,1
1789749694527,0
1789749694897,1
1789749694898,0
1789749695106,1
1789749695106,0
1789749695933,1
1789749695933,0
1789749696329,1
1789749696329,0
1789749696722,1
1789749696723,0
1789749697153,1
1789749697154,0
1789749698689,1
1789749698690,0
1789749699710,1
1789749699710,0
1789749700033,1
1789749700033,0
1789749700372,1
1789749700373,0
1789749700710,1
1789749700711,0
1789749700931,1
1789749700931,0
1789749701266,1
1789749701267,0
1789749701603,1
1789749701604,0
1789749702046,1
1789749702046,0
1789749702383,1
1789749702383,0
1789749702597,1
1789749702597,0
1789749702814,1
1789749702814,0
1789749703024,1
1789749703024,0
1789749703232,1
1789749703232,0
1789749703600,1
1789749703601,0
1789749703817,1
1789749703817,0
1789749704158,1
1789749704160,0
1789749704500,1
1789749704500,0
1789749704842,1
1789749704843,0
1789749705242,1
1789749705242,0
1789749705584,1
1789749705584,0
1789749705914,1
1789749705914,0
1789749706262,1
1789749706262,0
1789749706604,1
1789749706604,0
1789749707002,1
1789749707002,0
1789749707404,1
1789749707404,0
1789749707617,1
1789749707617,0
1789749707985,1
1789749707985,0
1789749708205,1
1789749708205,0
1789749709375,1
1789749709375,0
1789749709744,1
1789749709744,0
1789749710092,1
1789749710092,0
1789749710456,1
1789749710456,0
1789749710827,1
1789749710827,0
1789749711414,1
1789749711414,0
1789749711786,1
1789749711786,0
1789749712156,1
1789749712156,0
1789749712507,1
1789749712508,0
1789749713296,1
1789749713296,0
1789749713510,1
1789749713510,0
1789749713848,1
1789749713848,0
1789749715018,1
1789749715019,0
1789749715412,1
1789749715412,0
1789749715634,1
1789749715635,0
1789749716402,1
1789749716402,0
1789749716614,1
1789749716615,0
1789749716831,1
1789749716831,0
1789749717045,1
1789749717045,0
1789749718063,1
1789749718063,0
1789749719652,1
1789749719654,0
1789749719991,1
1789749719992,0
1789749720207,1
1789749720207,0
1789749720968,1
1789749720969,0
1789749721334,1
1789749721334,0
1789749721707,1
1789749721709,0
1789749722074,1
1789749722075,0
1789749722475,1
1789749722476,0
1789749722823,1
1789749722823,0
1789749723164,1
1789749723165,0
1789749723569,1
1789749723569,0
1789749723920,1
1789749723920,0
1789749724260,1
1789749724261,0
1789749724661,1
1789749724662,0
1789749725061,1
1789749725062,0
1789749725458,1
1789749725458,0
1789749725851,1
1789749725851,0
1789749726223,1
1789749726223,0
1789749726592,1
1789749726592,0
1789749726995,1
1789749726995,0
1789749727372,1
1789749727372,0
1789749727744,1
1789749727744,0
1789749728360,1
1789749728360,0
1789749728759,1
1789749728759,0
1789749729156,1
1789749729157,0
1789749729525,1
1789749729525,0
1789749729934,1
1789749729934,0
1789749730331,1
1789749730331,0
1789749730546,1
1789749730546,0
1789749730759,1
1789749730760,0
1789749731154,1
1789749731155,0
1789749731492,1
1789749731492,0
1789749731839,1
1789749731839,0
1789749732172,1
1789749732172,0
1789749732505,1
1789749732505,0
1789749732872,1
1789749732872,0
1789749733076,1
1789749733076,0
1789749733401,1
1789749733401,0
1789749733789,1
1789749733790,0
1789749734187,1
1789749734188,0
1789749734554,1
1789749734554,0
1789749734774,1
1789749734774,0
1789749734983,1
1789749734984,0
1789749735201,1
1789749735201,0
1789749735760,1
1789749735761,0
1789749736136,1
1789749736136,0
1789749736351,1
1789749736351,0
1789749736564,1
1789749736564,0
1789749736950,1
1789749736950,0
1789749737285,1
1789749737286,0
1789749737623,1
1789749737623,0
1789749737962,1
1789749737962,0
1789749738284,1
1789749738284,0
1789749738601,1
1789749738601,0
1789749738991,1
1789749738991,0
1789749739319,1
1789749739319,0
1789749739533,1
1789749739534,0
1789749739737,1
1789749739737,0
1789749740310,1
1789749740310,0
1789749740676,1
1789749740676,0
1789749741033,1
1789749741033,0
1789749741640,1
1789749741640,0
1789749742043,1
1789749742043,0
1789749742381,1
1789749742382,0
1789749742604,1
1789749742604,0
1789749742933,1
1789749742934,0
1789749743333,1
1789749743333,0
1789749743738,1
1789749743739,0
1789749744127,1
1789749744127,0
1789749744506,1
1789749744506,0
1789749745081,1
1789749745081,0
1789749745449,1
1789749745449,0
1789749745665,1
1789749745665,0
1789749745870,1
1789749745870,0
1789749746080,1
1789749746080,0
1789749746445,1
1789749746445,0
1789749746819,1
1789749746820,0
1789749747191,1
1789749747192,0
1789749747396,1
1789749747396,0
1789749747727,1
1789749747727,0
1789749748041,1
1789749748041,0
1789749748401,1
1789749748402,0
1789749748610,1
1789749748610,0
1789749749188,1
1789749749188,0
1789749749565,1
1789749749565,0
1789749749973,1
1789749749973,0
1789749750375,1
1789749750375,0
1789749750715,1
1789749750716,0
1789749751445,1
1789749751445,0
1789749751762,1
1789749751763,0
1789749752166,1
1789749752166,0
1789749752540,1
1789749752540,0
1789749752911,1
1789749752912,0
1789749753284,1
1789749753284,0
1789749753893,1
1789749753893,0
1789749754290,1
1789749754290,0
1789749754663,1
1789749754663,0
1789749754866,1
1789749754866,0
1789749755211,1
1789749755211,0
1789749755429,1
1789749755429,0
1789749755639,1
1789749755641,0
1789749755833,1
1789749755833,0
1789749756050,1
1789749756050,0
1789749756260,1
1789749756260,0
1789749756623,1
1789749756623,0
1789749756998,1
1789749756999,0
1789749757371,1
1789749757371,0
1789749757740,1
1789749757741,0
1789749758075,1
1789749758075,0
1789749758401,1
1789749758401,0
1789749758723,1
1789749758724,0
1789749759070,1
1789749759071,0
1789749759430,1
1789749759430,0
1789749759832,1
1789749759832,0
1789749760237,1
1789749760238,0
1789749760640,1
1789749760640,0
1789749761431,1
1789749761431,0
1789749761840,1
1789749761841,0
1789749762237,1
1789749762238,0
1789749762640,1
1789749762642,0
1789749763036,1
1789749763036,0
1789749763434,1
1789749763437,0
1789749763836,0
1789749763838,0
1789749764575,1
1789749764575,0
1789749764918,1
1789749764918,0
1789749765245,1
1789749765245,0
1789749765569,1
1789749765569,0
1789749765776,1
1789749765776,0
1789749766807,0
1789749766807,0
1789749767211,1
1789749767211,0
1789749767426,1
1789749767426,0
1789749767638,1
1789749767638,0
1789749767848,1
1789749767848,0
1789749768052,1
1789749768052,0
1789749768392,1
1789749768392,0
1789749768729,1
1789749768729,0
1789749769130,1
1789749769130,0
1789749769479,1
1789749769479,0
1789749769819,1
1789749769819,0
1789749770184,1
1789749770184,0
1789749770408,1
1789749770408,0
1789749770614,1
1789749770614,0
1789749770809,1
1789749770809,0
1789749771218,1
1789749771219,0
1789749771949,1
1789749771949,0
1789749772155,1
1789749772155,0
1789749772350,1
1789749772350,0
1789749772561,1
1789749772561,0
1789749772775,1
1789749772775,0
1789749772986,1
1789749772986,0
1789749773194,1
1789749773194,0
1789749773409,1
1789749773409,0
1789749774022,1
1789749774023,0
1789749774362,1
1789749774362,0
1789749774700,1
1789749774700,0
1789749775024,1
1789749775024,0
1789749776016,1
1789749776017,0
1789749776363,1
1789749776364,0
1789749776701,1
1789749776701,0
1789749777246,1
1789749777247,0
1789749777854,1
1789749777855,0
1789749778252,1
1789749778252,0
1789749778646,1
1789749778647,0
1789749779051,1
1789749779051,0
1789749779446,1
1789749779446,0
1789749779836,1
1789749779836,0
1789749780169,1
1789749780170,0
1789749780507,1
1789749780508,0
1789749780848,1
1789749780849,0
1789749781404,1
1789749781405,0
1789749781744,1
1789749781745,0
1789749782081,1
1789749782081,0
1789749782298,1
1789749782298,0
1789749782690,1
1789749782690,0
1789749783091,1
1789749783091,0
1789749783469,1
1789749783470,0
1789749784103,1
1789749784104,0
1789749784318,1
1789749784319,0
1789749784532,1
1789749784532,0
1789749784742,1
1789749784742,0
1789749785105,1
1789749785106,0
1789749785451,1
1789749785451,0
1789749785854,1
1789749785854,0
1789749786194,1
1789749786194,0
1789749786543,1
1789749786544,0
1789749786935,1
1789749786935,0
1789749787267,1
1789749787267,0
1789749787618,1
1789749787619,0
1789749787955,1
1789749787956,0
1789749788566,1
1789749788567,0
1789749788966,0
1789749788967,0
1789749789338,1
1789749789338,0
1789749789534,1
1789749789534,0
1789749789915,1
1789749789915,0
1789749790274,1
1789749790274,0
1789749790631,1
1789749790633,0
1789749790984,1
1789749790985,0
1789749791357,1
1789749791357,0
1789749791932,1
1789749791933,0
1789749792334,1
1789749792334,0
1789749792549,1
1789749792549,0
1789749792764,1
1789749792764,0
1789749792974,1
1789749792974,0
1789749793940,1
1789749793940,0
1789749794277,0
1789749794277,0
1789749794604,1
1789749794604,0
1789749794801,1
1789749794802,0
1789749795202,1
1789749795203,0
1789749795419,1
1789749795419,0
1789749795785,1
1789749795785,0
1789749796143,1
1789749796143,0
1789749796513,1
1789749796514,0
1789749796880,1
1789749796880,0
1789749797465,1
1789749797465,0
1789749797991,1
1789749797992,0
1789749798303,1
1789749798304,0
1789749798688,1
1789749798689,0
1789749799131,1
1789749799131,0
1789749799545,1
1789749799545,0
1789749799942,1
1789749799942,0
1789749800274,1
1789749800274,0
1789749800604,1
1789749800605,0
1789749800933,1
1789749800934,0
1789749801345,1
1789749801345,0
1789749801961,1
1789749801963,0
1789749803253,1
1789749803253,0
1789749803824,1
1789749803824,0
1789749804202,1
1789749804203,0
1789749804603,1
1789749804603,0
1789749805662,1
1789749805662,0
1789749806003,1
1789749806003,0
1789749806341,1
1789749806342,0
1789749806673,1
1789749806673,0
1789749807037,1
1789749807037,0
1789749807428,1
1789749807428,0
1789749807832,1
1789749807832,0
1789749808240,1
1789749808241,0
1789749808647,1
1789749808647,0
1789749809039,1
1789749809040,0
1789749809373,1
1789749809374,0
1789749809771,1
1789749809771,0
1789749809969,1
1789749809969,0
1789749810376,1
1789749810377,0
1789749810781,1
1789749810781,0
1789749811391,1
1789749811391,0
1789749811807,1
1789749811807,0
1789749812196,1
1789749812196,0
1789749812555,1
1789749812555,0
1789749812774,1
1789749812775,0
1789749812975,1
1789749812975,0
1789749813343,1
1789749813343,0
1789749813707,1
1789749813708,0
1789749814283,1
1789749814283,0
1789749814622,1
1789749814622,0
1789749814953,1
1789749814953,0
1789749815290,1
1789749815290,0
1789749815498,1
1789749815498,0
1789749815689,1
1789749815689,0
1789749816066,1
1789749816066,0
1789749816445,1
1789749816445,0
1789749816850,1
1789749816850,0
1789749817468,1
1789749817468,0
1789749817885,1
1789749817885,0
1789749818268,1
1789749818268,0
1789749818653,1
1789749818654,0
1789749819012,1
1789749819013,0
1789749819352,1
1789749819352,0
1789749819579,1
1789749819580,0
1789749820186,1
1789749820187,0
1789749820552,1
1789749820553,0
1789749820928,1
1789749820929,0
1789749821314,1
1789749821315,0
1789749821682,1
1789749821683,0
1789749822062,1
1789749822063,0
1789749822294,1
1789749822294,0
1789749822706,1
1789749822706,0
1789749822917,1
1789749822918,0
1789749823120,1
1789749823120,0
1789749824360,1
1789749824360,0
1789749824761,1
1789749824761,0
1789749825153,1
1789749825153,0
1789749825750,1
1789749825750,0
1789749825960,1
1789749825960,0
1789749826164,1
1789749826164,0
1789749826371,1
1789749826371,0
1789749826597,1
1789749826597,0
1789749826942,1
1789749826942,0
1789749827309,1
1789749827310,0
1789749828561,1
1789749828561,0
1789749828943,1
1789749828943,0
1789749829318,1
1789749829318,0
1789749829530,1
1789749829530,0
1789749830307,1
1789749830308,0
1789749830657,1
1789749830657,0
1789749830850,1
1789749830850,0
1789749831215,1
1789749831215,0
1789749831591,1
1789749831591,0
1789749831960,1
1789749831960,0
1789749832340,1
1789749832340,0
1789749832557,1
1789749832557,0
1789749832882,1
1789749832882,0
1789749833417,1
1789749833417,0
1789749833750,1
1789749833751,0
1789749834081,1
1789749834081,0
1789749834415,1
1789749834415,0
1789749834758,1
1789749834759,0
1789749835108,1
1789749835108,0
1789749835425,1
1789749835425,0
1789749836167,1
1789749836168,0
1789749836759,1
1789749836760,0
1789749837903,1
1789749837904,0
1789749838239,1
1789749838239,0
1789749838595,1
1789749838595,0
1789749839405,1
1789749839405,0
1789749839786,1
1789749839788,0
1789749840181,1
1789749840181,0
1789749840580,1
1789749840581,0
1789749840946,1
1789749840946,0
1789749841136,1
1789749841136,0
1789749841361,1
1789749841361,0
1789749841753,1
1789749841754,0
1789749841979,1
1789749841979,0
1789749842539,1
1789749842539,0
1789749842889,1
1789749842890,0
1789749843241,1
1789749843242,0
1789749843591,1
1789749843592,0
1789749843822,1
1789749843822,0
1789749844151,1
1789749844151,0
1789749844371,1
1789749844371,0
1789749844744,1
1789749844745,0
1789749845129,1
1789749845130,0
1789749845494,1
1789749845494,0
1789749845885,1
1789749845885,0
1789749846284,1
1789749846285,0
1789749846666,1
1789749846666,0
1789749847081,1
1789749847081,0
1789749847458,1
1789749847458,0
1789749847839,1
1789749847839,0
1789749848229,1
1789749848229,0
1789749848865,1
1789749848866,0
1789749849093,1
1789749849093,0
1789749849302,1
1789749849302,0
1789749849525,1
1789749849525,0
1789749849748,1
1789749849748,0
1789749850345,1
1789749850345,0
1789749850697,1
1789749850698,0
1789749851437,1
1789749851437,0
1789749851813,1
1789749851814,0
1789749852171,1
1789749852172,0
1789749852534,1
1789749852534,0
1789749853098,1
1789749853098,0
1789749853461,1
1789749853462,0
1789749853894,1
1789749853894,0
1789749854106,1
1789749854106,0
1789749854435,1
1789749854436,0
1789749854756,1
1789749854757,0
1789749855083,1
1789749855084,0
1789749855429,1
1789749855429,0
1789749855817,1
1789749855817,0
1789749856168,1
1789749856168,0
1789749856534,1
1789749856534,0
1789749856733,1
1789749856733,0
1789749856953,1
1789749856953,0
1789749857329,1
1789749857329,0
1789749858332,1
1789749858332,0
1789749858667,1
1789749858668,0
1789749859003,1
1789749859003,0
1789749859837,1
1789749859837,0
1789749860045,1
1789749860045,0
1789749860267,1
1789749860267,0
1789749860487,1
1789749860487,0
1789749860911,1
1789749860912,0
1789749861290,1
1789749861290,0
1789749861701,1
1789749861701,0
1789749862096,1
1789749862096,0
1789749862430,1
1789749862430,0
1789749862837,1
1789749862838,0
1789749863249,1
1789749863249,0
1789749863662,1
1789749863662,0
1789749864007,1
1789749864008,0
1789749864399,1
1789749864399,0
1789749864813,1
1789749864814,0
1789749865034,1
1789749865034,0
1789749865256,1
1789749865256,0
1789749865656,1
1789749865657,0
1789749865862,1
1789749865862,0
1789749866067,1
1789749866067,0
1789749866273,1
1789749866273,0
1789749866606,1
1789749866606,0
1789749867223,1
1789749867223,0
1789749867562,1
1789749867562,0
1789749867904,1
1789749867904,0
1789749868286,1
1789749868286,0
1789749868501,1
1789749868501,0
1789749868710,1
1789749868710,0
1789749868928,1
1789749868928,0
1789749869533,1
1789749869533,0
1789749869943,1
1789749869943,0
1789749870385,1
1789749870386,0
1789749870730,1
1789749870730,0
1789749871942,1
1789749871942,0
1789749872487,1
1789749872488,0
1789749872896,1
1789749872897,0
1789749873295,1
1789749873296,0
1789749873676,1
1789749873676,0
1789749874021,1
1789749874022,0
1789749874355,1
1789749874355,0
1789749874695,1
1789749874695,0
1789749875283,1
1789749875283,0
1789749875653,1
1789749875654,0
1789749876049,1
1789749876049,0
1789749876276,1
1789749876276,0
1789749876485,1
1789749876485,0
1789749877723,1
1789749877723,0
1789749878069,1
1789749878069,0
1789749878446,1
1789749878446,0
1789749878792,1
1789749878793,0
1789749879150,1
1789749879150,0
1789749879497,1
1789749879497,0
1789749880689,1
1789749880690,0
1789749881016,1
1789749881017,0
1789749881364,1
1789749881365,0
1789749881587,1
1789749881587,0
1789749881933,1
1789749881933,0
1789749883197,1
1789749883198,0
1789749883596,1
1789749883596,0
1789749883929,1
1789749883929,0
1789749884152,1
1789749884152,0
1789749884374,1
1789749884374,0
1789749884720,1
1789749884720,0
1789749885587,1
1789749885587,0
1789749886000,1
1789749886000,0
1789749886395,1
1789749886396,0
1789749886627,1
1789749886628,0
1789749887004,1
1789749887004,0
1789749887408,1
1789749887408,0
1789749887779,1
1789749887779,0
1789749888167,1
1789749888167,0
1789749888535,1
1789749888535,0
1789749888912,1
1789749888913,0
1789749889139,1
1789749889139,0
1789749889340,1
1789749889340,0
1789749889674,1
1789749889674,0
1789749889893,1
1789749889893,0
1789749890094,1
1789749890094,0
1789749890490,1
1789749890490,0
1789749890839,1
1789749890840,0
1789749891202,1
1789749891202,0
1789749891587,1
1789749891588,0
1789749892001,1
1789749892001,0
1789749892340,1
1789749892340,0
1789749892698,1
1789749892699,0
1789749893233,1
1789749893233,0
1789749893563,1
1789749893563,0
1789749893950,1
1789749893950,0
1789749894315,0
1789749894315,0
1789749894681,1
1789749894681,0
1789749895062,1
1789749895063,0
1789749895497,1
1789749895497,0
1789749895837,1
1789749895838,0
1789749896049,1
1789749896049,0
1789749896256,1
1789749896256,0
1789749897298,1
1789749897298,0
1789749897502,1
1789749897502,0
1789749897728,1
1789749897728,0
1789749897946,1
1789749897946,0
1789749898165,1
1789749898165,0
1789749898386,1
1789749898386,0
1789749898779,1
1789749898780,0
1789749899196,1
1789749899196,0
1789749899588,1
1789749899589,0
1789749899990,1
1789749899990,0
1789749900325,1
1789749900325,0
1789749900689,1
1789749900689,0
1789749900900,1
1789749900901,0
1789749901125,1
1789749901125,0
1789749901344,1
1789749901344,0
1789749901738,1
1789749901739,0
1789749901968,1
1789749901968,0
1789749902187,1
1789749902187,0
1789749902404,1
1789749902404,0
1789749902781,1
1789749902782,0
1789749903629,1
1789749903629,0
1789749903831,1
1789749903831,0
1789749904242,1
1789749904242,0
1789749904637,1
1789749904637,0
1789749905052,1
1789749905053,0
1789749905463,1
1789749905463,0
1789749905865,1
1789749905866,0
1789749906200,1
1789749906200,0
1789749906535,1
1789749906535,0
1789749906769,1
1789749906770,0
1789749906972,1
1789749906972,0
1789749907364,1
1789749907364,0
1789749908425,1
1789749908426,0
1789749909251,1
1789749909251,0
1789749909913,1
1789749909913,0
1789749910124,1
1789749910124,0
1789749910321,1
1789749910321,0
1789749910539,1
1789749910539,0
1789749910965,1
1789749910965,0
1789749911293,1
1789749911293,0
1789749912053,1
1789749912053,0
1789749912279,1
1789749912279,0
1789749912486,1
1789749912486,0
1789749912696,1
1789749912696,0
1789749913242,1
1789749913242,0
1789749913578,1
1789749913578,0
1789749914160,1
1789749914161,0
1789749914610,1
1789749914610,0
1789749914819,1
1789749914819,0
1789749915026,1
1789749915026,0
1789749915246,1
1789749915246,0
1789749915650,1
1789749915650,0
1789749915858,1
1789749915859,0
1789749916220,1
1789749916220,0
1789749916588,1
1789749916588,0
1789749916962,1
1789749916963,0
1789749917485,1
1789749917485,0
1789749917839,1
1789749917840,0
1789749918190,1
1789749918190,0
1789749919214,1
1789749919215,0
1789749919563,1
1789749919563,0
1789749919977,1
1789749919977,0
1789749920323,1
1789749920323,0
1789749920663,1
1789749920664,0
1789749920990,1
1789749920990,0
1789749921340,1
1789749921340,0
1789749921555,1
1789749921555,0
1789749921887,1
1789749921888,0
1789749922294,1
1789749922295,0
1789749922636,1
1789749922636,0
1789749922961,1
1789749922961,0
1789749923340,1
1789749923340,0
1789749923747,1
1789749923747,0
1789749924144,1
1789749924144,0
1789749924543,1
1789749924543,0
1789749925115,1
1789749925115,0
1789749925457,1
1789749925457,0
1789749925675,1
1789749925675,0
1789749926004,1
1789749926005,0
1789749926333,1
1789749926333,0
1789749926738,1
1789749926738,0
1789749927135,1
1789749927136,0
1789749927545,1
1789749927546,0
1789749927945,1
1789749927945,0
1789749928278,1
1789749928278,0
1789749928645,1
1789749928645,0
1789749928994,1
1789749928995,0
1789749929361,1
1789749929361,0
1789749929742,1
1789749929742,0
1789749930097,1
1789749930097,0
1789749930307,1
1789749930307,0
1789749930514,1
1789749930514,0
1789749930738,1
1789749930738,0
1789749930935,1
1789749930935,0
1789749931313,1
1789749931313,0
1789749931698,1
1789749931698,0
1789749932107,1
1789749932107,0
1789749932721,1
1789749932721,0
1789749933075,1
1789749933076,0
1789749933428,1
1789749933428,0
1789749933771,1
1789749933772,0
1789749934106,1
1789749934106,0
1789749934675,1
1789749934676,0
1789749935290,1
1789749935290,0
1789749935693,1
1789749935693,0
1789749936036,1
1789749936036,0
1789749936406,1
1789749936407,0
1789749936771,1
1789749936771,0
1789749937136,1
1789749937136,0
1789749937485,1
1789749937485,0
1789749937832,1
1789749937832,0
1789749938149,1
1789749938149,0
1789749938485,1
1789749938485,0
1789749938698,1
1789749938698,0
1789749938925,1
1789749938925,0
1789749939286,1
1789749939286,0
1789749939653,1
1789749939654,0
1789749940019,1
1789749940019,0
1789749940401,1
1789749940402,0
1789749940617,1
1789749940617,0
1789749940995,1
1789749940996,0
1789749941969,1
1789749941970,0
1789749942344,1
1789749942345,0
1789749942707,1
1789749942707,0
1789749943090,1
1789749943090,0
1789749943453,1
1789749943453,0
1789749943799,1
1789749943800,0
1789749944150,1
1789749944150,0
1789749944536,1
1789749944536,0
1789749944910,1
1789749944911,0
1789749945277,1
1789749945277,0
1789749945616,1
1789749945616,0
1789749945955,1
1789749945955,0
1789749946289,1
1789749946289,0
1789749946645,1
1789749946645,0
1789749947059,1
1789749947060,0
1789749947290,1
1789749947290,0
1789749947858,1
1789749947859,0
1789749948244,1
1789749948245,0
1789749948457,1
1789749948458,0
1789749949320,1
1789749949320,0
1789749949711,1
1789749949712,0
1789749950109,1
1789749950110,0
1789749950442,1
1789749950442,0
1789749950659,1
1789749950659,0
1789749950975,1
1789749950975,0
1789749951335,1
1789749951335,0
1789749951688,1
1789749951688,0
1789749952013,1
1789749952013,0
1789749952353,1
1789749952353,0
1789749952765,1
1789749952765,0
1789749953191,1
1789749953191,0
1789749953555,1
1789749953555,0
1789749953938,1
1789749953938,0
1789749954498,1
1789749954499,0
1789749954854,1
1789749954855,0
1789749955205,1
1789749955205,0
1789749955560,1
1789749955560,0
1789749955938,1
1789749955939,0
1789749956303,1
1789749956303,0
1789749956655,1
1789749956655,0
1789749957049,1
1789749957050,0
1789749957275,1
1789749957275,0
1789749957656,1
1789749957656,0
1789749958040,1
1789749958040,0
1789749958389,1
1789749958389,0
1789749958759,1
1789749958759,0
1789749959120,1
1789749959120,0
1789749959456,1
1789749959457,0
1789749959796,1
1789749959797,0
1789749960192,1
1789749960192,0
1789749960603,1
1789749960603,0
1789749960976,1
1789749960976,0
1789749961371,1
1789749961372,0
1789749961768,1
1789749961768,0
1789749962181,1
1789749962182,0
1789749962592,1
1789749962593,0
1789749962819,1
1789749962819,0
1789749963028,1
1789749963028,0
1789749963367,1
1789749963368,0
1789749963717,1
1789749963718,0
1789749964119,1
1789749964120,0
1789749964330,1
1789749964330,0
1789749964537,1
1789749964537,0
1789749964750,1
1789749964750,0
1789749964957,1
1789749964957,0
1789749965165,1
1789749965165,0
1789749965734,1
1789749965735,0
1789749966510,1
1789749966510,0
1789749966915,1
1789749966917,0
1789749967325,1
1789749967325,0
1789749967729,1
1789749967730,0
1789749968354,1
1789749968355,0
1789749968755,1
1789749968755,0
1789749969101,1
1789749969101,0
1789749969447,1
1789749969447,0
1789749969803,1
1789749969803,0
1789749970169,1
1789749970169,0
1789749970555,1
1789749970555,0
1789749970935,1
1789749970935,0
1789749971288,1
1789749971288,0
1789749971688,1
1789749971688,0
1789749972030,1
1789749972030,0
1789749972429,1
1789749972429,0
1789749972648,1
1789749972648,0
1789749972836,1
1789749972836,0
1789749973174,1
1789749973174,0
1789749973504,1
1789749973504,0
1789749973840,1
1789749973840,0
1789749974174,1
1789749974174,0
1789749974545,1
1789749974546,0
1789749974928,1
1789749974928,0
1789749975292,1
1789749975292,0
1789749975847,1
1789749975847,0
1789749976059,1
1789749976059,0
1789749977415,1
1789749977415,0
1789749977645,1
1789749977645,0
1789749978056,1
1789749978057,0
1789749978462,1
1789749978463,0
1789749978691,1
1789749978691,0
1789749979549,1
1789749979549,0
1789749979944,1
1789749979944,0
1789749980341,1
1789749980342,0
1789749980722,1
1789749980722,0
1789749980943,1
1789749980943,0
1789749981338,1
1789749981338,0
1789749981730,1
1789749981730,0
1789749982149,1
1789749982150,0
1789749982565,1
1789749982566,0
1789749982960,1
1789749982960,0
1789749983345,1
1789749983345,0
1789749983714,1
1789749983715,0
1789749984093,1
1789749984094,0
1789749984482,1
1789749984482,0
1789749984862,1
1789749984862,0
1789749985449,1
1789749985449,0
1789749985833,1
1789749985834,0
1789749986193,1
1789749986193,0
1789749986565,1
1789749986566,0
1789749986972,1
1789749986972,0
1789749987362,1
1789749987363,0
1789749987708,1
1789749987709,0
1789749988105,1
1789749988105,0
1789749988446,1
1789749988446,0
1789749988670,1
1789749988670,0
1789749988892,1
1789749988893,0
1789749989098,1
1789749989098,0
1789749989312,1
1789749989312,0
1789749989691,1
1789749989691,0
1789749989904,1
1789749989904,0
1789749990119,1
1789749990119,0
1789749991598,1
1789749991598,0
1789749991822,1
1789749991822,0
1789749992032,1
1789749992032,0
1789749992365,1
1789749992366,0
1789749992778,1
1789749992780,0
1789749993188,1
1789749993189,0
1789749994426,1
1789749994426,0
1789749994793,1
1789749994794,0
1789749995203,1
1789749995204,0
1789749995550,1
1789749995550,0
1789749995899,1
1789749995900,0
1789749996280,1
1789749996280,0
1789749996618,1
1789749996618,0
1789749996939,1
1789749996940,0
1789749997278,1
1789749997278,0
1789749997634,1
1789749997635,0
1789749998040,1
1789749998040,0
1789749998434,1
1789749998435,0
1789749998809,1
1789749998809,0
1789749999350,1
1789749999350,0
1789749999718,1
1789749999719,0
1789750000079,1
1789750000080,0
1789750000464,1
1789750000464,0
1789750000817,1
1789750000817,0
1789750001201,1
1789750001201,0
1789750001744,1
1789750001744,0
1789750002125,1
1789750002125,0
1789750002502,1
1789750002503,0
1789750002903,1
1789750002904,0
1789750003131,1
1789750003132,0
1789750003347,1
1789750003347,0
1789750003554,1
1789750003554,0
1789750003934,1
1789750003935,0
1789750004277,1
1789750004278,0
1789750004629,1
1789750004630,0
1789750004980,1
1789750004980,0
1789750005372,1
1789750005372,0
1789750005726,1
1789750005726,0
1789750006119,1
1789750006119,0
1789750006520,1
1789750006521,0
1789750006918,1
1789750006918,0
1789750007332,1
1789750007332,0
1789750007764,1
1789750007764,0
1789750008142,1
1789750008143,0
1789750008981,1
1789750008982,0
1789750010031,1
1789750010031,0
1789750010361,1
1789750010361,0
1789750010689,1
1789750010689,0
1789750011031,1
1789750011031,0
1789750011422,1
1789750011422,0
1789750011835,1
1789750011835,0
1789750012232,1
1789750012233,0
1789750012624,1
1789750012624,0
1789750013037,1
1789750013037,0
1789750013434,1
1789750013435,0
1789750014013,1
1789750014014,0
1789750015067,1
1789750015067,0
1789750015273,1
1789750015273,0
1789750015475,1
1789750015475,0
1789750015814,1
1789750015814,0
1789750016165,1
1789750016165,0
1789750016504,1
1789750016504,0
1789750016860,1
1789750016860,0
1789750017084,1
1789750017084,0
1789750017426,1
1789750017427,0
1789750017770,1
1789750017771,0
1789750018122,1
1789750018122,0
1789750018455,1
1789750018456,0
1789750018811,1
1789750018812,0
1789750019603,1
1789750019604,0
1789750019807,1
1789750019807,0
1789750020033,1
1789750020033,0
1789750020420,1
1789750020420,0
1789750020795,1
1789750020796,0
1789750021172,1
1789750021172,0
1789750021555,1
1789750021555,0
1789750021779,1
1789750021779,0
1789750022161,1
1789750022161,0
1789750022519,1
1789750022520,0
1789750022737,1
1789750022737,0
1789750023113,1
1789750023113,0
1789750023472,1
1789750023472,0
1789750023830,1
1789750023831,0
1789750024185,1
1789750024185,0
1789750024518,1
1789750024518,0
1789750024879,0
1789750024879,0
1789750025262,1
1789750025262,0
1789750025814,1
1789750025814,0
1789750026604,1
1789750026604,0
1789750026945,1
1789750026945,0
1789750027301,1
1789750027303,0
1789750027634,1
1789750027634,0
1789750027844,1
1789750027844,0
1789750028059,1
1789750028059,0
1789750028265,1
1789750028266,0
1789750028615,1
1789750028615,0
1789750028965,1
1789750028966,0
1789750029306,1
1789750029306,0
1789750029718,1
1789750029718,0
1789750030114,1
1789750030114,0
1789750030518,1
1789750030518,0
1789750030902,1
1789750030903,0
1789750031115,1
1789750031115,0
1789750031315,1
1789750031315,0
1789750031674,1
1789750031674,0
1789750032044,1
1789750032044,0
1789750032405,1
1789750032405,0
1789750032995,1
1789750032996,0
1789750033368,1
1789750033369,0
1789750033733,1
1789750033733,0
1789750034116,1
1789750034116,0
1789750034871,1
1789750034872,0
1789750035210,1
1789750035210,0
1789750035598,1
1789750035598,0
1789750035935,1
1789750035936,0
1789750036272,1
1789750036273,0
1789750036611,1
1789750036613,0
1789750036956,1
1789750036956,0
1789750037340,1
1789750037340,0
1789750037745,1
1789750037746,0
1789750038081,1
1789750038082,0
1789750038855,1
1789750038855,0
1789750039199,1
1789750039199,0
1789750039536,1
1789750039536,0
1789750039872,1
1789750039873,0
1789750040843,1
1789750040843,0
1789750041210,1
1789750041210,0
1789750042735,1
1789750042735,0
1789750043765,0
1789750043766,0
1789750043976,1
1789750043977,0
1789750044183,1
1789750044183,0
1789750044516,1
1789750044516,0
1789750044880,1
1789750044880,0
1789750045245,1
1789750045245,0
1789750045464,1
1789750045464,0
1789750046187,1
1789750046187,0
1789750046526,1
1789750046526,0
1789750046870,1
1789750046871,0
1789750047205,1
1789750047206,0
1789750047981,0
1789750047981,0
1789750048312,1
1789750048312,0
1789750048624,1
1789750048625,0
1789750049023,1
1789750049023,0
1789750049427,1
1789750049428,0
1789750049823,1
1789750049823,0
1789750050220,1
1789750050221,0
1789750050559,1
1789750050559,0
1789750050956,1
1789750050956,0
1789750051349,1
1789750051350,0
1789750051711,0
1789750051711,0
1789750052310,1
1789750052310,0
1789750052519,1
1789750052519,0
1789750052723,1
1789750052723,0
1789750052929,1
1789750052929,0
1789750053136,1
1789750053136,0
1789750053522,1
1789750053523,0
1789750053914,1
1789750053915,0
1789750054321,1
1789750054321,0
1789750055132,1
1789750055132,0
1789750055501,1
1789750055501,0
1789750055873,1
1789750055874,0
1789750056243,1
1789750056243,0
1789750056633,1
1789750056633,0
1789750056847,1
1789750056847,0
1789750057052,1
1789750057052,0
1789750057444,1
1789750057444,0
1789750059071,1
1789750059071,0
1789750059458,1
1789750059458,0
1789750059856,1
1789750059856,0
1789750060223,1
1789750060224,0
1789750060584,1
1789750060585,0
1789750060948,1
1789750060948,0
1789750061319,1
1789750061319,0
1789750061685,1
1789750061685,0
1789750061893,1
1789750061893,0
1789750062104,1
1789750062104,0
1789750062464,1
1789750062464,0
1789750062860,1
1789750062860,0
1789750063079,1
1789750063079,0
1789750063285,1
1789750063285,0
1789750063492,1
1789750063492,0
1789750063705,1
1789750063705,0
1789750063911,1
1789750063911,0
1789750064115,1
1789750064115,0
1789750064508,1
1789750064508,0
1789750064862,1
1789750064862,0
1789750065069,1
1789750065069,0
1789750065266,1
1789750065266,0
1789750065582,1
1789750065582,0
1789750066545,1
1789750066546,0
1789750066883,1
1789750066884,0
1789750067214,1
1789750067214,0
1789750067551,1
1789750067552,0
1789750067946,1
1789750067946,0
1789750068283,1
1789750068283,0
1789750068627,1
1789750068627,0
1789750068962,1
1789750068963,0
1789750069299,1
1789750069299,0
1789750069624,1
1789750069624,0
1789750069815,1
1789750069815,0
1789750070395,1
1789750070395,0
1789750070764,0
1789750070765,0
1789750071127,1
1789750071127,0
1789750071456,1
1789750071456,0
1789750071861,1
1789750071861,0
1789750072256,1
1789750072256,0
1789750072648,1
1789750072648,0
1789750073052,1
1789750073052,0
1789750073452,1
1789750073452,0
1789750073852,1
1789750073852,0
1789750074208,0
1789750074209,0
1789750074421,1
1789750074421,0
1789750074748,1
1789750074748,0
1789750074965,1
1789750074965,0
1789750075173,1
1789750075173,0
1789750075379,1
1789750075379,0
1789750075582,1
1789750075583,0
1789750075909,1
1789750075910,0
1789750076263,1
1789750076263,0
1789750076453,1
1789750076454,0
1789750076818,1
1789750076818,0
1789750077190,1
1789750077191,0
1789750077525,1
1789750077525,0
1789750077894,1
1789750077894,0
1789750078284,1
1789750078284,0
1789750078664,1
1789750078665,0
1789750079024,1
1789750079024,0
1789750079835,1
1789750079835,0
1789750080217,1
1789750080217,0
1789750080422,1
1789750080422,0
1789750080631,1
1789750080631,0
1789750080815,1
1789750080815,0
1789750081023,1
1789750081023,0
1789750081417,1
1789750081417,0
1789750081779,0
1789750081780,0
1789750081983,1
1789750081983,0
1789750082733,1
1789750082733,0
1789750083561,1
1789750083561,0
1789750084363,1
1789750084363,0
1789750084700,1
1789750084701,0
1789750085070,1
1789750085071,0
1789750085281,1
1789750085282,0
1789750085486,1
1789750085486,0
1789750085690,1
1789750085690,0
1789750085877,1
1789750085877,0
1789750086419,1
1789750086419,0
1789750086752,1
1789750086752,0
1789750086961,1
1789750086961,0
1789750087167,1
1789750087167,0
1789750087495,1
1789750087495,0
1789750087830,1
1789750087830,0
1789750088167,1
1789750088168,0
1789750088502,1
1789750088502,0
1789750088914,1
1789750088914,0
1789750089126,1
1789750089126,0
1789750089332,1
1789750089332,0
1789750089727,1
1789750089728,0
1789750090146,1
1789750090146,0
1789750090351,1
1789750090351,0
1789750090564,1
1789750090564,0
1789750090769,1
1789750090769,0
1789750091156,1
1789750091156,0
1789750091486,1
1789750091486,0
1789750091845,1
1789750091845,0
1789750092177,1
1789750092177,0
1789750092517,1
1789750092517,0
1789750092885,1
1789750092885,0
1789750093092,1
1789750093092,0
1789750093303,1
1789750093304,0
1789750093511,1
1789750093511,0
1789750093840,1
1789750093840,0
1789750094202,1
1789750094203,0
1789750094561,1
1789750094561,0
1789750094982,1
1789750094982,0
1789750095519,1
1789750095520,0
1789750095855,1
1789750095856,0
1789750096193,1
1789750096194,0
1789750096530,1
1789750096531,0
1789750097515,1
1789750097515,0
1789750097880,1
1789750097880,0
1789750098244,1
1789750098245,0
1789750098611,1
1789750098611,0
1789750098972,1
1789750098972,0
1789750099348,1
1789750099349,0
1789750099560,1
1789750099561,0
1789750099928,1
1789750099928,0
1789750100300,1
1789750100301,0
1789750100634,1
1789750100634,0
1789750100989,1
1789750100989,0
1789750101374,1
1789750101374,0
1789750101561,1
1789750101561,0
1789750101772,1
1789750101772,0
1789750101979,1
1789750101980,0
1789750102182,1
1789750102182,0
1789750102523,1
1789750102524,0
1789750102855,1
1789750102855,0
1789750103221,1
1789750103221,0
1789750103435,1
1789750103435,0
1789750103642,1
1789750103642,0
1789750104866,1
1789750104866,0
1789750105077,1
1789750105077,0
1789750105283,1
1789750105283,0
1789750105611,1
1789750105611,0
1789750105814,1
1789750105814,0
1789750106173,1
1789750106174,0
1789750106541,1
1789750106541,0
1789750106913,1
1789750106913,0
1789750107272,1
1789750107272,0
1789750107627,1
1789750107627,0
1789750107996,1
1789750107997,0
1789750108391,1
1789750108391,0
1789750108790,1
1789750108791,0
1789750109184,1
1789750109184,0
1789750109512,1
1789750109513,0
1789750109870,1
1789750109870,0
1789750110241,1
1789750110242,0
1789750110601,1
1789750110601,0
1789750110989,1
1789750110989,0
1789750111368,1
1789750111368,0
1789750111765,1
1789750111765,0
1789750112337,1
1789750112337,0
1789750112675,1
1789750112676,0
1789750113002,1
1789750113003,0
1789750113334,1
1789750113334,0
1789750113673,1
1789750113674,0
1789750114009,1
1789750114010,0
1789750114377,1
1789750114378,0
1789750114950,1
1789750114950,0
1789750115319,1
1789750115319,0
1789750115689,1
1789750115689,0
1789750116098,1
1789750116098,0
1789750116301,1
1789750116301,0
1789750116508,1
1789750116508,0
1789750116870,1
1789750116870,0
1789750117490,1
1789750117491,0
1789750117703,1
1789750117703,0
1789750118059,1
1789750118059,0
1789750118424,1
1789750118424,0
1789750118796,1
1789750118796,0
1789750119161,1
1789750119161,0
1789750119529,1
1789750119529,0
1789750120068,0
1789750120068,0
1789750120616,1
1789750120616,0
1789750120961,1
1789750120961,0
1789750121325,1
1789750121326,0
1789750121659,1
1789750121659,0
1789750121991,1
1789750121991,0
1789750122333,1
1789750122334,0
1789750122732,1
1789750122732,0
1789750122938,1
1789750122938,0
1789750123151,1
1789750123151,0
1789750123502,1
1789750123502,0
1789750123881,1
1789750123882,0
1789750124488,1
1789750124489,0
1789750124882,1
1789750124882,0
1789750125280,1
1789750125280,0
1789750125680,1
1789750125680,0
1789750126028,1
1789750126028,0
1789750126420,1
1789750126420,0
1789750126792,1
1789750126792,0
1789750127160,1
1789750127160,0
1789750127534,1
1789750127534,0
1789750127926,1
1789750127926,0
1789750129078,1
1789750129078,0
1789750129415,1
1789750129415,0
1789750129794,1
1789750129794,0
1789750130183,1
1789750130183,0
1789750130583,1
1789750130584,0
1789750130797,1
1789750130797,0
1789750131002,1
1789750131002,0
1789750131209,1
1789750131209,0
1789750131415,1
1789750131415,0
1789750131743,1
1789750131744,0
1789750132084,1
1789750132084,0
1789750132617,1
1789750132618,0
1789750132948,1
1789750132948,0
1789750133285,1
1789750133285,0
1789750134078,1
1789750134079,0
1789750134389,1
1789750134389,0
1789750134732,1
1789750134733,0
1789750135153,1
1789750135153,0
1789750135485,1
1789750135486,0
1789750136696,1
1789750136697,0
1789750137095,1
1789750137096,0
1789750137436,1
1789750137436,0
1789750137657,1
1789750137658,0
1789750137864,1
1789750137864,0
1789750138193,1
1789750138193,0
1789750138534,1
1789750138534,0
1789750138871,1
1789750138871,0
1789750139209,1
1789750139209,0
1789750139751,1
1789750139752,0
1789750140091,1
1789750140091,0
1789750140486,1
1789750140487,0
1789750141038,1
1789750141038,0
1789750141370,1
1789750141370,0
1789750141715,1
1789750141716,0
1789750142049,1
1789750142049,0
1789750142383,1
1789750142384,0
1789750142759,1
1789750142760,0
1789750143092,1
1789750143093,0
1789750143454,1
1789750143455,0
1789750144248,1
1789750144249,0
1789750144585,1
1789750144585,0
1789750144915,1
1789750144916,0
1789750145256,1
1789750145257,0
1789750145824,1
1789750145825,0
1789750146190,1
1789750146190,0
1789750146406,1
1789750146406,0
1789750146762,1
1789750146763,0
1789750147157,1
1789750147157,0
1789750147500,1
1789750147500,0
1789750147835,1
1789750147836,0
1789750148167,1
1789750148168,0
1789750148507,1
1789750148507,0
1789750148717,1
1789750148717,0
1789750149044,1
1789750149045,0
1789750149259,1
1789750149259,0
1789750149588,1
1789750149588,0
1789750149909,1
1789750149909,0
1789750150265,1
1789750150266,0
1789750150632,0
1789750150632,0
1789750151001,1
1789750151001,0
1789750151372,1
1789750151372,0
1789750151763,1
1789750151764,0
1789750152155,1
1789750152155,0
1789750152557,1
1789750152558,0
1789750152770,1
1789750152770,0
1789750153132,1
1789750153132,0
1789750153500,1
1789750153501,0
1789750154676,1
1789750154677,0
1789750155282,1
1789750155283,0
1789750155666,1
1789750155666,0
1789750156051,1
1789750156051,0
1789750156605,1
1789750156606,0
1789750156970,1
1789750156970,0
1789750157332,1
1789750157332,0
1789750157669,1
1789750157670,0
1789750158069,1
1789750158069,0
1789750158465,1
1789750158465,0
1789750158864,1
1789750158865,0
1789750159254,1
1789750159254,0
1789750159619,1
1789750159620,0
1789750160022,1
1789750160023,0
1789750160423,1
1789750160423,0
1789750160815,1
1789750160816,0
1789750161215,1
1789750161216,0
1789750161615,1
1789750161616,0
1789750162029,1
1789750162029,0
1789750162240,1
1789750162241,0
1789750162444,1
1789750162444,0
1789750162800,1
1789750162801,0
1789750163140,1
1789750163141,0
1789750163478,1
1789750163478,0
1789750163805,1
1789750163805,0
1789750164381,1
1789750164381,0
1789750164744,1
1789750164745,0
1789750164953,1
1789750164953,0
1789750165163,1
1789750165164,0
1789750165553,1
1789750165553,0
1789750165885,1
1789750165885,0
1789750166229,1
1789750166230,0
1789750166567,1
1789750166568,0
1789750166903,1
1789750166903,0
1789750167506,1
1789750167506,0
1789750167840,1
1789750167841,0
1789750168051,1
1789750168052,0
1789750168259,0
1789750168259,0
1789750168656,1
1789750168656,0
1789750168987,1
1789750168987,0
1789750169326,1
1789750169326,0
1789750169657,1
1789750169657,0
1789750170238,1
1789750170239,0
1789750170606,1
1789750170606,0
1789750170941,1
1789750170941,0
1789750171279,1
1789750171280,0
1789750171671,1
1789750171672,0
1789750172899,1
1789750172899,0
1789750173499,1
1789750173500,0
1789750173894,1
1789750173894,0
1789750174292,1
1789750174293,0
1789750174695,1
1789750174696,0
1789750175664,1
1789750175664,0
1789750176009,1
1789750176009,0
1789750176374,1
1789750176374,0
1789750176739,1
1789750176739,0
1789750176952,1
1789750176952,0
1789750177164,1
1789750177164,0
1789750178756,1
1789750178756,0
1789750179138,1
1789750179138,0
1789750179527,1
1789750179528,0
1789750179733,1
1789750179733,0
1789750180115,1
1789750180115,0
1789750180499,1
1789750180500,0
1789750180895,1
1789750180895,0
1789750181320,1
1789750181320,0
1789750181532,1
1789750181532,0
1789750182097,1
1789750182098,0
1789750182309,1
1789750182309,0
1789750182705,1
1789750182706,0
1789750183104,1
1789750183104,0
1789750183501,1
1789750183501,0
1789750183906,1
1789750183907,0
1789750184117,1
1789750184117,0
1789750184453,1
1789750184454,0
1789750184847,1
1789750184847,0
1789750185471,1
1789750185471,0
1789750186282,1
1789750186282,0
1789750186676,1
1789750186676,0
1789750187074,1
1789750187074,0
1789750187864,1
1789750187864,0
1789750188072,1
1789750188072,0
1789750188278,1
1789750188278,0
1789750188490,1
1789750188490,0
1789750188695,1
1789750188695,0
1789750189075,1
1789750189076,0
1789750189286,1
1789750189286,0
1789750189595,1
1789750189595,0
1789750189924,1
1789750189924,0
1789750190266,1
1789750190266,0
1789750190604,1
1789750190605,0
1789750191428,1
1789750191428,0
1789750191822,1
1789750191823,0
1789750192215,1
1789750192215,0
1789750192423,1
1789750192423,0
1789750192793,1
1789750192794,0
1789750193130,1
1789750193130,0
1789750194347,1
1789750194347,0
1789750194561,1
1789750194561,0
1789750194914,1
1789750194915,0
1789750195123,1
1789750195124,0
1789750195336,1
1789750195336,0
1789750195923,1
1789750195923,0
1789750196314,1
1789750196314,0
1789750196714,1
1789750196715,0
1789750197074,1
1789750197074,0
1789750197418,1
1789750197419,0
1789750197752,1
1789750197752,0
1789750198143,1
1789750198143,0
1789750198477,1
1789750198477,0
1789750199680,1
1789750199681,0
1789750200073,1
1789750200075,0
1789750200686,1
1789750200687,0
1789750201067,1
1789750201067,0
1789750202238,1
1789750202238,0
1789750202613,1
1789750202614,0
1789750202981,1
1789750202981,0
1789750203316,1
1789750203316,0
1789750203656,1
1789750203656,0
1789750204259,0
1789750204259,0
1789750204655,1
1789750204656,0
1789750205056,1
1789750205056,0
1789750205450,1
1789750205451,0
1789750205789,1
1789750205789,0
1789750206321,1
1789750206322,0
1789750206656,1
1789750206656,0
1789750206967,1
1789750206967,0
1789750207341,1
1789750207341,0
1789750207677,1
1789750207677,0
1789750208010,1
1789750208011,0
1789750208347,1
1789750208348,0
1789750208743,1
1789750208743,0
1789750209104,1
1789750209104,0
1789750209476,1
1789750209476,0
1789750209870,1
1789750209871,0
1789750210263,1
1789750210263,0
1789750210666,1
1789750210666,0
1789750211669,1
1789750211669,0
1789750211875,1
1789750211875,0
1789750212216,1
1789750212216,0
1789750212404,1
1789750212404,0
1789750212608,1
1789750212609,0
1789750212937,1
1789750212937,0
1789750214520,1
1789750214521,0
1789750214937,1
1789750214937,0
1789750215312,1
1789750215312,0
1789750215701,1
1789750215701,0
1789750216086,1
1789750216086,0
1789750216480,1
1789750216481,0
1789750217091,1
1789750217091,0
1789750217416,1
1789750217416,0
1789750217734,1
1789750217734,0
1789750217944,1
1789750217944,0
1789750219092,1
1789750219093,0
1789750219433,1
1789750219433,0
1789750220000,1
1789750220000,0
1789750220217,1
1789750220217,0
1789750220544,1
1789750220545,0
1789750220882,1
1789750220882,0
1789750221221,1
1789750221222,0
1789750221557,1
1789750221557,0
1789750221769,1
1789750221769,0
1789750222287,1
1789750222287,0
1789750222670,1
1789750222670,0
1789750223066,1
1789750223066,0
1789750223393,1
1789750223394,0
1789750223761,1
1789750223761,0
1789750224126,1
1789750224126,0
1789750224490,1
1789750224491,0
1789750224885,1
1789750224885,0
1789750225258,1
1789750225259,0
1789750225660,1
1789750225661,0
1789750225866,1
1789750225866,0
1789750226412,1
1789750226412,0
1789750226626,1
1789750226627,0
1789750226827,1
1789750226828,0
1789750227031,1
1789750227031,0
1789750227237,1
1789750227237,0
1789750227830,1
1789750227830,0
1789750228170,1
1789750228171,0
1789750228516,1
1789750228516,0
1789750228873,1
1789750228873,0
1789750229238,1
1789750229239,0
1789750229451,1
1789750229451,0
1789750229657,1
1789750229657,0
1789750229864,1
1789750229864,0
1789750230670,1
1789750230670,0
1789750231054,1
1789750231054,0
1789750231455,1
1789750231455,0
1789750231823,1
1789750231823,0
1789750232191,1
1789750232192,0
1789750232566,1
1789750232566,0
1789750232923,1
1789750232924,0
1789750233501,1
1789750233502,0
1789750233906,1
1789750233906,0
1789750234708,1
1789750234708,0
1789750235072,1
1789750235072,0
1789750235447,1
1789750235447,0
1789750235813,1
1789750235814,0
1789750236208,1
1789750236208,0
1789750236612,1
1789750236613,0
1789750237011,1
1789750237011,0
1789750238987,1
1789750238987,0
1789750239389,1
1789750239390,0
1789750239971,1
1789750239971,0
1789750240363,1
1789750240364,0
1789750240761,1
1789750240761,0
1789750241145,1
1789750241145,0
1789750241349,1
1789750241349,0
1789750241684,1
1789750241685,0
1789750242010,1
1789750242010,0
1789750242209,1
1789750242210,0
1789750242575,1
1789750242576,0
1789750242969,1
1789750242969,0
1789750243347,1
1789750243347,0
1789750243706,1
1789750243706,0
1789750244064,1
1789750244064,0
1789750244418,1
1789750244418,0
1789750244807,1
1789750244807,0
1789750245015,1
1789750245015,0
1789750245414,1
1789750245414,0
1789750245746,1
1789750245746,0
1789750246073,1
1789750246073,0
1789750246430,1
1789750246431,0
1789750247417,1
1789750247417,0
1789750247782,1
1789750247782,0
1789750248156,1
1789750248156,0
1789750248520,1
1789750248521,0
1789750249121,1
1789750249121,0
1789750249463,1
1789750249464,0
1789750249801,1
1789750249801,0
1789750250137,1
1789750250137,0
1789750250467,1
1789750250467,0
1789750250801,1
1789750250801,0
1789750251166,1
1789750251166,0
1789750251482,1
1789750251483,0
1789750251846,1
1789750251847,0
1789750252203,1
1789750252203,0
1789750252619,1
1789750252619,0
1789750252824,1
1789750252824,0
1789750253030,1
1789750253030,0
1789750253394,1
1789750253394,0
1789750253787,1
1789750253787,0
1789750254183,1
1789750254184,0
1789750254579,1
1789750254580,0
1789750254940,1
1789750254940,0
1789750255154,1
1789750255155,0
1789750256298,1
1789750256299,0
1789750256486,1
1789750256486,0
1789750256855,0
1789750256856,0
1789750257225,0
1789750257227,0
1789750257592,0
1789750257594,0
1789750257810,0
1789750257810,0
1789750258798,1
1789750258798,0
1789750259009,1
1789750259009,0
1789750259222,1
1789750259222,0
1789750259550,1
1789750259550,0
1789750259914,0
1789750259914,0
1789750261271,1
1789750261272,0
1789750261665,1
1789750261665,0
1789750262028,1
1789750262028,0
1789750262426,1
1789750262427,0
1789750262823,1
1789750262823,0
1789750263218,1
1789750263218,0
1789750263436,1
1789750263437,0
1789750263646,1
1789750263646,0
1789750263855,1
1789750263855,0
1789750264250,0
1789750264250,0
1789750265022,1
1789750265022,0
1789750265417,1
1789750265417,0
1789750265750,1
1789750265750,0
1789750266071,1
1789750266071,0
1789750266401,1
1789750266401,0
1789750266742,1
1789750266742,0
1789750267076,1
1789750267076,0
1789750267429,1
1789750267429,0
1789750267788,1
1789750267788,0
1789750267978,1
1789750267978,0
1789750268186,1
1789750268186,0
1789750268394,1
1789750268395,0
1789750268963,1
1789750268963,0
1789750269325,1
1789750269325,0
1789750269690,1
1789750269690,0
1789750269903,1
1789750269903,0
1789750270236,1
1789750270238,0
1789750270571,1
1789750270571,0
1789750270898,1
1789750270898,0
1789750271321,1
1789750271321,0
1789750271647,1
1789750271647,0
1789750271969,1
1789750271969,0
1789750272307,0
1789750272308,0
1789750272620,0
1789750272621,0
1789750272986,1
1789750272986,0
1789750273203,1
1789750273204,0
1789750273535,1
1789750273535,0
1789750273922,1
1789750273922,0
1789750274328,1
1789750274328,0
1789750275341,1
1789750275341,0
1789750275724,1
1789750275724,0
1789750276103,1
1789750276103,0
1789750325415,1
1789750325415,0
1789750325682,1
1789750325682,0
1789750325929,1
1789750325929,0
1789750326763,1
1789750326763,0
1789750326973,1
1789750326973,0
1789750327185,1
1789750327185,0
1789750327393,1
1789750327393,0
1789750327752,1
1789750327753,0
1789750328129,1
1789750328129,0
1789750328471,1
1789750328472,0
1789750329063,1
1789750329064,0
1789750329483,1
1789750329483,0
1789750329855,1
1789750329855,0
1789750330214,1
1789750330214,0
1789750330569,1
1789750330570,0
1789750330938,1
1789750330938,0
1789750331310,1
1789750331311,0
1789750331689,1
1789750331689,0
1789750331904,1
1789750331904,0
1789750332680,1
1789750332683,0
1789750333682,1
1789750333683,0
1789750334014,1
1789750334015,0
1789750334363,1
1789750334365,0
1789750334763,1
1789750334767,0
1789750335137,1
1789750335138,0
1789750335476,1
1789750335477,0
1789750336851,1
1789750336851,0
1789750337252,1
1789750337252,0
1789750337630,1
1789750337630,0
1789750338007,1
1789750338007,0
1789750338404,1
1789750338404,0
1789750338807,1
1789750338807,0
1789750339213,1
1789750339213,0
1789750339617,1
1789750339617,0
1789750339831,1
1789750339831,0
1789750340163,1
1789750340163,0
1789750340509,1
1789750340509,0
1789750340878,1
1789750340879,0
1789750341226,1
1789750341226,0
1789750341615,1
1789750341616,0
1789750341967,1
1789750341968,0
1789750342309,1
1789750342309,0
1789750342651,1
1789750342651,0
1789750342998,1
1789750342999,0
1789750343215,1
1789750343215,0
1789750343420,1
1789750343420,0
1789750343990,1
1789750343991,0
1789750344348,1
1789750344348,0
1789750344551,1
1789750344551,0
1789750344872,1
1789750344872,0
1789750345209,1
1789750345210,0
1789750345552,1
1789750345552,0
1789750346124,1
1789750346125,0
1789750346494,1
1789750346494,0
1789750346864,1
1789750346865,0
1789750347078,1
1789750347079,0
1789750347470,1
1789750347470,0
1789750347688,1
1789750347689,0
1789750347896,1
1789750347896,0
1789750348110,1
1789750348110,0
1789750348321,1
1789750348321,0
1789750348719,1
1789750348719,0
1789750349118,1
1789750349118,0
1789750349331,1
1789750349331,0
1789750349543,1
1789750349543,0
1789750349748,1
1789750349749,0
1789750350118,1
1789750350119,0
1789750350334,1
1789750350334,0
1789750350543,1
1789750350543,0
1789750350761,1
1789750350761,0
1789750351122,1
1789750351122,0
1789750351459,1
1789750351459,0
1789750351803,1
1789750351804,0
1789750352143,1
1789750352144,0
1789750352548,1
1789750352548,0
1789750352768,1
1789750352769,0
1789750353769,1
1789750353769,0
1789750354114,1
1789750354114,0
1789750354701,1
1789750354701,0
1789750355091,1
1789750355092,0
1789750355504,1
1789750355505,0
1789750356316,1
1789750356316,0
1789750356658,1
1789750356658,0
1789750357028,1
1789750357028,0
1789750357245,1
1789750357245,0
1789750357612,1
1789750357613,0
1789750358008,1
1789750358009,0
1789750358382,1
1789750358383,0
1789750358752,1
1789750358752,0
1789750359114,1
1789750359114,0
1789750359487,1
1789750359488,0
1789750359699,1
1789750359699,0
1789750360091,1
1789750360091,0
1789750360438,1
1789750360438,0
1789750360835,1
1789750360835,0
1789750361236,1
1789750361237,0
1789750361634,1
1789750361635,0
1789750361846,1
1789750361847,0
1789750362060,1
1789750362060,0
1789750362269,1
1789750362269,0
1789750362806,1
1789750362807,0
1789750363151,1
1789750363152,0
1789750363732,1
1789750363733,0
1789750364108,1
1789750364108,0
1789750364483,1
1789750364484,0
1789750364845,1
1789750364845,0
1789750365200,1
1789750365200,0
1789750365576,1
1789750365577,0
1789750365945,1
1789750365945,0
1789750366287,1
1789750366287,0
1789750366843,1
1789750366843,0
1789750367182,1
1789750367182,0
1789750367549,1
1789750367549,0
1789750367893,1
1789750367894,0
1789750368238,1
1789750368238,0
1789750368569,1
1789750368569,0
1789750368944,1
1789750368945,0
1789750369281,1
1789750369281,0
1789750369609,1
1789750369609,0
1789750369820,1
1789750369820,0
1789750370568,1
1789750370568,0
1789750370936,1
1789750370936,0
1789750371314,1
1789750371314,0
1789750371678,1
1789750371678,0
1789750371893,1
1789750371893,0
1789750372228,1
1789750372229,0
1789750372626,1
1789750372626,0
1789750372968,1
1789750372968,0
1789750373309,1
1789750373310,0
1789750373852,1
1789750373853,0
1789750374196,1
1789750374197,0
1789750374527,1
1789750374528,0
1789750374899,1
1789750374899,0
1789750375656,1
1789750375657,0
1789750375872,1
1789750375873,0
1789750376078,1
1789750376078,0
1789750376447,1
1789750376448,0
1789750376817,1
1789750376817,0
1789750377200,1
1789750377200,0
1789750377573,1
1789750377574,0
1789750377944,1
1789750377944,0
1789750378347,1
1789750378347,0
1789750378748,1
1789750378748,0
1789750379089,1
1789750379089,0
1789750379426,1
1789750379427,0
1789750379833,1
1789750379833,0
1789750380201,1
1789750380202,0
1789750380571,1
1789750380571,0
1789750380949,1
1789750380950,0
1789750381283,1
1789750381283,0
1789750381648,1
1789750381648,0
1789750382010,0
1789750382010,0
1789750382206,1
1789750382206,0
1789750382524,1
1789750382524,0
1789750382864,1
1789750382864,0
1789750384112,1
1789750384112,0
1789750384510,1
1789750384510,0
1789750384838,1
1789750384838,0
1789750385168,1
1789750385168,0
1789750385368,1
1789750385368,0
1789750386320,1
1789750386321,0
1789750386721,1
1789750386722,0
1789750387131,1
1789750387131,0
1789750387509,1
1789750387510,0
1789750387876,1
1789750387876,0
1789750388422,1
1789750388424,0
1789750388760,1
1789750388761,0
1789750389102,1
1789750389103,0
1789750389447,1
1789750389448,0
1789750390020,1
1789750390020,0
1789750390422,1
1789750390422,0
1789750390826,1
1789750390827,0
1789750391229,1
1789750391229,0
1789750391444,1
1789750391444,0
1789750391843,1
1789750391844,0
1789750392243,1
1789750392243,0
1789750392645,1
1789750392646,0
1789750392862,1
1789750392862,0
1789750393069,1
1789750393069,0
1789750393278,1
1789750393278,0
1789750393489,1
1789750393490,0
1789750393861,0
1789750393862,0
1789750394264,1
1789750394264,0
1789750394476,1
1789750394476,0
1789750394686,1
1789750394686,0
1789750394894,1
1789750394894,0
1789750395101,1
1789750395101,0
1789750395495,1
1789750395495,0
1789750395925,1
1789750395926,0
1789750396268,1
1789750396269,0
1789750396604,1
1789750396604,0
1789750396942,1
1789750396942,0
1789750397312,1
1789750397313,0
1789750397679,1
1789750397679,0
1789750398043,1
1789750398044,0
1789750398419,1
1789750398419,0
1789750398818,0
1789750398819,0
1789750399583,1
1789750399583,0
1789750399800,1
1789750399800,0
1789750400208,1
1789750400208,0
1789750400418,1
1789750400418,0
1789750400632,1
1789750400632,0
1789750400840,1
1789750400841,0
1789750401172,1
1789750401173,0
1789750401515,1
1789750401516,0
1789750402559,1
1789750402559,0
1789750402959,1
1789750402959,0
1789750403356,1
1789750403356,0
1789750403760,1
1789750403761,0
1789750404310,1
1789750404311,0
1789750404698,1
1789750404698,0
1789750405023,1
1789750405023,0
1789750405772,1
1789750405772,0
1789750406092,1
1789750406093,0
1789750406423,1
1789750406424,0
1789750406762,1
1789750406762,0
1789750407117,1
1789750407117,0
1789750407452,1
1789750407452,0
1789750407860,1
1789750407861,0
1789750408061,1
1789750408061,0
1789750408651,1
1789750408651,0
1789750409042,1
1789750409042,0
1789750409437,1
1789750409437,0
1789750409804,1
1789750409804,0
1789750410012,1
1789750410012,0
1789750410212,1
1789750410212,0
1789750410539,1
1789750410539,0
1789750410909,1
1789750410909,0
1789750411111,1
1789750411111,0
1789750411440,1
1789750411441,0
1789750411778,1
1789750411778,0
1789750412094,1
1789750412094,0
1789750412433,1
1789750412433,0
1789750412775,1
1789750412775,0
1789750413141,1
1789750413141,0
1789750413356,1
1789750413356,0
1789750413684,1
1789750413684,0
1789750414024,1
1789750414024,0
1789750414243,1
1789750414244,0
1789750414636,1
1789750414636,0
1789750415034,1
1789750415034,0
1789750415441,1
1789750415442,0
1789750415843,1
1789750415844,0
1789750416056,1
1789750416056,0
1789750416269,1
1789750416269,0
1789750416671,1
1789750416671,0
1789750417078,1
1789750417078,0
1789750417283,1
1789750417283,0
1789750417487,1
1789750417487,0
1789750417682,1
1789750417682,0
1789750418040,1
1789750418041,0
1789750418452,1
1789750418452,0
1789750419243,1
1789750419243,0
1789750419458,1
1789750419458,0
1789750419658,1
1789750419658,0
1789750419865,1
1789750419865,0
1789750420074,1
1789750420074,0
1789750420273,1
1789750420273,0
1789750420477,1
1789750420477,0
1789750420881,1
1789750420882,0
1789750422606,1
1789750422606,0
1789750422974,1
1789750422974,0
1789750423348,1
1789750423348,0
1789750423718,1
1789750423718,0
1789750424086,1
1789750424087,0
1789750424462,1
1789750424463,0
1789750424832,1
1789750424832,0
1789750425043,1
1789750425043,0
1789750425422,1
1789750425422,0
1789750425805,1
1789750425805,0
1789750426168,1
1789750426168,0
1789750426510,1
1789750426511,0
1789750426845,1
1789750426846,0
1789750427246,1
1789750427247,0
1789750427646,1
1789750427647,0
1789750428044,1
1789750428044,0
1789750428448,1
1789750428448,0
1789750429075,1
1789750429075,0
1789750429411,1
1789750429414,0
1789750429752,1
1789750429753,0
1789750430088,1
1789750430089,0
1789750430425,1
1789750430425,0
1789750430766,1
1789750430767,0
1789750431085,1
1789750431086,0
1789750431452,1
1789750431452,0
1789750431793,1
1789750431793,0
1789750432133,1
1789750432134,0
1789750432550,1
1789750432550,0
1789750432950,1
1789750432951,0
1789750433317,1
1789750433319,0
1789750433687,1
1789750433687,0
1789750434059,0
1789750434059,0
1789750434420,1
1789750434420,0
1789750434771,1
1789750434772,0
1789750435149,1
1789750435150,0
1789750435477,1
1789750435477,0
1789750436256,1
1789750436257,0
1789750437430,1
1789750437430,0
1789750437768,1
1789750437768,0
1789750438108,1
1789750438108,0
1789750438519,1
1789750438519,0
1789750438923,1
1789750438924,0
1789750440152,1
1789750440152,0
1789750440531,1
1789750440532,0
1789750440747,1
1789750440748,0
1789750440942,1
1789750440942,0
1789750441158,1
1789750441158,0
1789750441567,1
1789750441567,0
1789750441770,1
1789750441770,0
1789750441982,1
1789750441982,0
1789750442310,1
1789750442311,0
1789750442707,1
1789750442708,0
1789750443099,1
1789750443099,0
1789750443312,1
1789750443312,0
1789750443713,1
1789750443713,0
1789750444102,1
1789750444102,0
1789750445302,1
1789750445302,0
1789750445523,1
1789750445524,0
1789750445857,1
1789750445858,0
1789750446206,1
1789750446206,0
1789750446542,1
1789750446543,0
1789750446756,1
1789750446756,0
1789750447091,1
1789750447091,0
1789750447435,1
1789750447435,0
1789750447774,1
1789750447774,0
1789750447988,1
1789750447988,0
1789750448356,1
1789750448357,0
1789750448724,1
1789750448725,0
1789750449123,1
1789750449124,0
1789750449525,1
1789750449526,0
1789750449924,1
1789750449924,0
1789750450126,1
1789750450126,0
1789750450332,1
1789750450332,0
1789750450533,1
1789750450533,0
1789750450715,1
1789750450715,0
1789750451077,1
1789750451078,0
1789750451477,1
1789750451478,0
1789750452005,1
1789750452005,0
1789750452350,1
1789750452350,0
1789750453520,1
1789750453521,0
1789750454270,1
1789750454270,0
1789750454648,1
1789750454648,0
1789750454853,1
1789750454853,0
1789750455240,1
1789750455240,0
1789750455644,1
1789750455645,0
1789750456041,1
1789750456041,0
1789750456433,1
1789750456433,0
1789750456757,1
1789750456758,0
1789750457300,1
1789750457301,0
1789750457640,1
1789750457642,0
1789750457974,1
1789750457974,0
1789750458178,1
1789750458178,0
1789750458385,1
1789750458385,0
1789750458581,1
1789750458582,0
1789750458784,1
1789750458785,0
1789750459139,1
1789750459139,0
1789750459325,1
1789750459325,0
1789750459594,1
1789750459594,0
1789750459927,1
1789750459928,0
1789750460323,1
1789750460323,0
1789750460718,1
1789750460718,0
1789750461116,1
1789750461117,0
1789750461515,1
1789750461515,0
1789750461916,1
1789750461917,0
1789750462322,1
1789750462323,0
1789750462715,1
1789750462715,0
1789750462928,1
1789750462928,0
1789750463292,1
1789750463292,0
1789750463621,1
1789750463621,0
1789750463948,1
1789750463948,0
1789750464327,1
1789750464328,0
1789750464542,1
1789750464542,0
1789750464746,1
1789750464746,0
1789750464961,1
1789750464961,0
1789750465357,1
1789750465357,0
1789750465752,1
1789750465753,0
1789750466135,1
1789750466136,0
1789750466530,1
1789750466531,0
1789750466929,1
1789750466929,0
1789750467485,1
1789750467486,0
1789750467822,1
1789750467822,0
1789750468164,1
1789750468164,0
1789750468513,1
1789750468514,0
1789750469052,1
1789750469053,0
1789750469470,1
1789750469470,0
1789750469682,1
1789750469682,0
1789750470097,1
1789750470097,0
1789750470313,1
1789750470313,0
1789750470520,1
1789750470520,0
1789750470855,1
1789750470855,0
1789750471194,1
1789750471194,0
1789750471534,1
1789750471534,0
1789750471894,1
1789750471894,0
1789750472236,1
1789750472236,0
1789750472449,1
1789750472449,0
1789750472778,1
1789750472778,0
1789750473117,1
1789750473118,0
1789750473453,1
1789750473453,0
1789750473787,1
1789750473788,0
1789750474166,1
1789750474166,0
1789750474379,1
1789750474379,0
1789750474953,1
1789750474953,0
1789750475330,1
1789750475331,0
1789750475699,1
1789750475699,0
1789750476059,1
1789750476059,0
1789750476430,1
1789750476430,0
1789750476798,1
1789750476798,0
1789750477398,1
1789750477399,0
1789750477806,1
1789750477806,0
1789750478147,1
1789750478147,0
1789750478719,1
1789750478719,0
1789750478934,1
1789750478935,0
1789750479171,1
1789750479171,0
1789750479398,1
1789750479398,0
1789750479616,1
1789750479616,0
1789750479806,1
1789750479806,0
1789750480168,1
1789750480168,0
1789750480395,1
1789750480395,0
1789750480755,1
1789750480755,0
1789750481109,1
1789750481110,0
1789750481509,1
1789750481509,0
1789750481848,1
1789750481849,0
1789750482186,1
1789750482186,0
1789750482525,1
1789750482526,0
1789750482863,1
1789750482863,0
1789750483482,1
1789750483482,0
1789750483838,1
1789750483838,0
1789750484217,1
1789750484217,0
1789750485448,1
1789750485448,0
1789750485850,1
1789750485850,0
1789750486039,1
1789750486039,0
1789750486234,1
1789750486235,0
1789750486580,1
1789750486581,0
1789750487601,1
1789750487601,0
1789750487818,1
1789750487818,0
1789750488020,1
1789750488020,0
1789750488435,1
1789750488435,0
1789750488835,1
1789750488835,0
1789750490194,1
1789750490194,0
1789750490408,1
1789750490408,0
1789750490748,1
1789750490749,0
1789750491072,1
1789750491072,0
1789750491471,1
1789750491471,0
1789750491691,1
1789750491691,0
1789750491894,1
1789750491894,0
1789750492103,1
1789750492104,0
1789750492316,1
1789750492316,0
1789750493682,1
1789750493682,0
1789750494029,1
1789750494029,0
1789750494374,1
1789750494374,0
1789750494711,1
1789750494711,0
1789750494927,1
1789750494927,0
1789750495328,1
1789750495328,0
1789750495719,1
1789750495720,0
1789750495927,1
1789750495927,0
1789750496141,1
1789750496141,0
1789750496686,1
1789750496686,0
1789750497026,1
1789750497027,0
1789750497366,1
1789750497366,0
1789750497578,1
1789750497578,0
1789750497951,1
1789750497951,0
1789750498318,1
1789750498318,0
1789750498711,1
1789750498711,0
1789750499065,1
1789750499066,0
1789750499278,1
1789750499278,0
1789750499673,1
1789750499674,0
1789750500079,1
1789750500080,0
1789750500476,1
1789750500477,0
1789750500877,1
1789750500877,0
1789750501485,1
1789750501485,0
1789750501696,1
1789750501696,0
1789750502031,1
1789750502031,0
1789750502377,1
1789750502378,0
1789750502720,1
1789750502720,0
1789750503115,1
1789750503116,0
1789750503515,1
1789750503516,0
1789750503911,1
1789750503912,0
1789750504240,1
1789750504241,0
1789750504462,1
1789750504462,0
1789750504669,1
1789750504669,0
1789750505064,1
1789750505064,0
1789750505438,1
1789750505439,0
1789750506009,1
1789750506009,0
1789750506363,1
1789750506363,0
1789750506720,1
1789750506720,0
1789750507090,1
1789750507090,0
1789750507305,1
1789750507305,0
1789750507520,1
1789750507520,0
1789750507918,1
1789750507918,0
1789750508258,1
1789750508258,0
1789750508591,1
1789750508591,0
1789750508993,1
1789750508993,0
1789750509987,1
1789750509988,0
1789750510745,0
1789750510745,0
1789750511128,1
1789750511128,0
1789750511531,1
1789750511532,0
1789750511931,1
1789750511931,0
1789750512331,1
1789750512331,0
1789750512737,1
1789750512737,0
1789750513134,1
1789750513135,0
1789750513470,1
1789750513470,0
1789750513806,1
1789750513807,0
1789750514018,1
1789750514018,0
1789750514382,1
1789750514382,0
1789750514760,1
1789750514760,0
1789750515270,1
1789750515270,0
1789750515617,1
1789750515618,0
1789750515961,1
1789750515962,0
1789750516293,1
1789750516293,0
1789750516692,1
1789750516693,0
1789750517074,1
1789750517074,0
1789750517659,1
1789750517659,0
1789750518077,1
1789750518077,0
1789750518287,0
1789750518288,0
1789750518497,1
1789750518498,0
1789750518701,1
1789750518701,0
1789750519100,1
1789750519100,0
1789750519315,1
1789750519315,0
1789750520117,1
1789750520117,0
1789750520331,1
1789750520331,0
1789750520539,1
1789750520539,0
1789750520748,1
1789750520748,0
1789750521099,1
1789750521099,0
1789750521311,1
1789750521311,0
1789750521522,1
1789750521522,0
1789750521901,1
1789750521902,0
1789750522303,1
1789750522303,0
1789750522634,1
1789750522635,0
1789750524466,1
1789750524466,0
1789750524866,1
1789750524866,0
1789750525080,1
1789750525080,0
1789750525420,1
1789750525420,0
1789750525757,0
1789750525758,0
1789750526080,1
1789750526081,0
1789750526294,1
1789750526294,0
1789750526653,1
1789750526653,0
1789750527010,1
1789750527010,0
1789750527211,1
1789750527211,0
1789750527599,1
1789750527599,0
1789750527968,1
1789750527968,0
1789750528339,1
1789750528339,0
1789750528704,1
1789750528704,0
1789750529079,1
1789750529079,0
1789750529462,1
1789750529462,0
1789750529809,1
1789750529809,0
1789750530027,1
1789750530028,0
1789750530829,1
1789750530830,0
1789750531211,1
1789750531211,0
1789750531608,1
1789750531608,0
1789750531995,1
1789750531995,0
1789750532322,1
1789750532322,0
1789750532685,0
1789750532685,0
1789750533054,1
1789750533054,0
1789750533441,1
1789750533441,0
1789750533759,1
1789750533759,0
1789750534364,1
1789750534364,0
1789750534762,1
1789750534762,0
1789750535171,1
1789750535172,0
1789750535572,1
1789750535572,0
1789750535919,1
1789750535919,0
1789750536266,1
1789750536266,0
1789750536478,1
1789750536479,0
1789750536837,1
1789750536838,0
1789750537212,1
1789750537212,0
1789750537573,1
1789750537573,0
1789750538414,1
1789750538414,0
1789750538749,1
1789750538750,0
1789750539087,1
1789750539087,0
1789750539487,1
1789750539487,0
1789750539834,1
1789750539834,0
1789750540042,1
1789750540042,0
1789750540246,1
1789750540246,0
1789750540446,1
1789750540446,0
1789750540649,1
1789750540649,0
1789750540851,1
1789750540851,0
1789750541223,1
1789750541223,0
1789750541436,1
1789750541436,0
1789750541838,1
1789750541839,0
1789750542822,1
1789750542823,0
1789750543181,1
1789750543181,0
1789750543554,1
1789750543555,0
1789750543949,1
1789750543950,0
1789750544717,1
1789750544717,0
1789750545124,1
1789750545125,0
1789750545517,1
1789750545518,0
1789750545916,1
1789750545916,0
1789750546311,1
1789750546311,0
1789750546706,1
1789750546706,0
1789750547099,1
1789750547100,0
1789750547447,1
1789750547448,0
1789750547845,1
1789750547846,0
1789750548182,1
1789750548182,0
1789750548548,1
1789750548549,0
1789750548915,1
1789750548915,0
1789750549310,1
1789750549310,0
1789750549681,1
1789750549682,0
1789750550045,1
1789750550045,0
1789750550407,1
1789750550407,0
1789750550614,1
1789750550614,0
1789750551233,1
1789750551233,0
1789750551598,1
1789750551598,0
1789750551999,1
1789750552000,0
1789750552343,1
1789750552343,0
1789750552674,1
1789750552675,0
1789750553020,1
1789750553020,0
1789750553361,1
1789750553361,0
1789750553765,1
1789750553765,0
1789750554174,1
1789750554174,0
1789750554387,1
1789750554387,0
1789750554593,1
1789750554593,0
1789750554941,1
1789750554941,0
1789750555155,1
1789750555155,0
1789750555369,1
1789750555370,0
1789750555570,1
1789750555570,0
1789750556104,1
1789750556104,0
1789750556445,1
1789750556446,0
1789750556843,1
1789750556843,0
1789750557597,1
1789750557598,0
1789750557944,1
1789750557944,0
1789750558282,1
1789750558282,0
1789750558618,1
1789750558618,0
1789750558989,1
1789750558990,0
1789750559356,1
1789750559356,0
1789750560332,1
1789750560332,0
1789750561167,1
1789750561167,0
1789750561916,1
1789750561917,0
1789750562136,1
1789750562136,0
1789750562344,1
1789750562345,0
1789750563796,1
1789750563796,0
1789750564134,1
1789750564135,0
1789750564486,1
1789750564487,0
1789750564859,1
1789750564860,0
1789750565257,1
1789750565257,0
1789750565659,1
1789750565660,0
1789750566060,1
1789750566060,0
1789750566460,1
1789750566461,0
1789750567478,1
1789750567478,0
1789750567871,1
1789750567871,0
1789750568265,1
1789750568265,0
1789750568663,1
1789750568663,0
1789750569031,1
1789750569031,0
1789750569432,1
1789750569433,0
1789750569650,1
1789750569650,0
1789750570040,1
1789750570040,0
1789750570411,1
1789750570412,0
1789750570788,1
1789750570789,0
1789750571383,1
1789750571383,0
1789750571781,1
1789750571782,0
1789750572182,1
1789750572183,0
1789750572579,1
1789750572579,0
1789750573335,1
1789750573336,0
1789750573673,1
1789750573673,0
1789750573882,1
1789750573882,0
1789750574216,1
1789750574217,0
1789750574553,1
1789750574554,0
1789750574888,1
1789750574889,0
1789750575237,1
1789750575238,0
1789750575454,1
1789750575454,0
1789750575785,1
1789750575785,0
1789750576140,1
1789750576140,0
1789750576508,1
1789750576508,0
1789750576878,1
1789750576879,0
1789750577221,1
1789750577221,0
1789750577589,1
1789750577589,0
1789750577937,1
1789750577937,0
1789750578313,1
1789750578313,0
1789750578530,1
1789750578530,0
1789750578890,1
1789750578890,0
1789750579256,1
1789750579257,0
1789750579467,1
1789750579467,0
1789750579883,1
1789750579883,0
1789750580257,1
1789750580257,0
1789750580612,1
1789750580613,0
1789750580980,1
1789750580980,0
1789750581361,1
1789750581361,0
1789750581951,1
1789750581951,0
1789750583067,1
1789750583067,0
1789750583413,1
1789750583413,0
1789750583752,1
1789750583753,0
1789750584123,1
1789750584123,0
1789750584946,1
1789750584946,0
1789750585314,1
1789750585315,0
1789750585648,1
1789750585648,0
1789750586054,1
1789750586055,0
1789750586454,1
1789750586454,0
1789750586861,1
1789750586862,0
1789750587256,1
1789750587257,0
1789750587888,1
1789750587888,0
1789750588667,1
1789750588668,0
1789750588993,1
1789750588993,0
1789750589315,1
1789750589315,0
1789750589655,1
1789750589655,0
1789750590082,1
1789750590082,0
1789750590291,1
1789750590291,0
1789750590689,1
1789750590690,0
1789750591120,1
1789750591120,0
1789750592175,1
1789750592175,0
1789750592580,1
1789750592581,0
1789750592991,1
1789750592992,0
1789750593365,1
1789750593365,0
1789750593736,1
1789750593737,0
1789750594160,1
1789750594160,0
1789750594367,1
1789750594367,0
1789750594577,1
1789750594577,0
1789750594912,1
1789750594913,0
1789750595128,1
1789750595128,0
1789750595342,1
1789750595343,0
1789750595555,1
1789750595555,0
1789750595954,1
1789750595954,0
1789750596330,1
1789750596331,0
1789750597560,1
1789750597560,0
1789750598137,1
1789750598138,0
1789750598933,0
1789750598933,0
1789750599143,1
1789750599144,0
1789750599349,1
1789750599349,0
1789750599561,1
1789750599562,0
1789750599770,1
1789750599770,0
1789750599981,1
1789750599981,0
1789750600198,1
1789750600198,0
1789750600401,1
1789750600401,0
1789750600606,1
1789750600606,0
1789750600975,1
1789750600975,0
1789750601193,1
1789750601193,0
1789750601406,1
1789750601407,0
1789750601616,1
1789750601616,0
1789750601820,1
1789750601820,0
1789750602217,1
1789750602217,0
1789750602635,1
1789750602635,0
1789750603025,1
1789750603025,0
1789750603416,1
1789750603416,0
1789750603729,1
1789750603730,0
1789750604046,1
1789750604046,0
1789750604368,1
1789750604368,0
1789750604709,1
1789750604709,0
1789750604925,1
1789750604925,0
1789750605290,1
1789750605290,0
1789750605657,1
1789750605658,0
1789750606035,1
1789750606036,0
1789750606379,1
1789750606380,0
1789750606752,1
1789750606752,0
1789750606961,1
1789750606961,0
1789750607173,1
1789750607174,0
1789750607385,1
1789750607385,0
1789750607592,1
1789750607592,0
1789750608000,1
1789750608000,0
1789750608609,1
1789750608610,0
1789750609006,1
1789750609007,0
1789750609355,1
1789750609355,0
1789750609697,1
1789750609697,0
1789750610037,1
1789750610037,0
1789750610383,1
1789750610384,0
1789750610723,1
1789750610723,0
1789750611750,1
1789750611750,0
1789750611976,1
1789750611976,0
1789750612185,1
1789750612185,0
1789750612399,1
1789750612399,0
1789750612614,1
1789750612614,0
1789750612824,1
1789750612824,0
1789750613421,1
1789750613421,0
1789750613829,0
1789750613829,0
1789750614458,1
1789750614459,0
1789750614802,1
1789750614803,0
1789750615144,1
1789750615144,0
1789750615482,1
1789750615483,0
1789750615888,1
1789750615888,0
1789750616253,1
1789750616253,0
1789750616622,1
1789750616622,0
1789750616990,1
1789750616990,0
1789750617335,1
1789750617335,0
1789750618660,1
1789750618660,0
1789750619036,1
1789750619037,0
1789750619409,1
1789750619409,0
1789750620363,1
1789750620363,0
1789750620707,1
1789750620707,0
1789750621045,1
1789750621046,0
1789750621601,1
1789750621601,0
1789750621953,1
1789750621954,0
1789750622352,1
1789750622353,0
1789750622750,1
1789750622751,0
1789750623090,1
1789750623091,0
1789750623482,1
1789750623482,0
1789750623869,1
1789750623869,0
1789750624275,1
1789750624276,0
1789750624675,0
1789750624676,0
1789750625049,1
1789750625050,0
1789750625260,1
1789750625260,0
1789750625470,1
1789750625470,0
1789750625683,1
1789750625683,0
1789750625897,1
1789750625897,0
1789750626471,1
1789750626471,0
1789750626846,0
1789750626847,0
1789750627228,1
1789750627229,0
1789750627768,1
1789750627768,0
1789750628110,1
1789750628110,0
1789750628537,1
1789750628537,0
1789750628923,1
1789750628924,0
1789750629262,1
1789750629262,0
1789750629611,1
1789750629612,0
1789750629948,1
1789750629949,0
1789750630292,1
1789750630294,0
1789750630505,1
1789750630505,0
1789750630872,1
1789750630872,0
1789750631277,1
1789750631278,0
1789750631617,1
1789750631617,0
1789750631954,1
1789750631955,0
1789750632361,0
1789750632362,0
1789750632578,1
1789750632578,0
1789750632790,1
1789750632790,0
1789750632997,1
1789750632997,0
1789750633359,1
1789750633359,0
1789750634098,1
1789750634098,0
1789750634657,1
1789750634657,0
1789750634992,1
1789750634992,0
1789750635327,1
1789750635327,0
1789750635674,1
1789750635675,0
1789750636006,1
1789750636006,0
1789750636343,1
1789750636343,0
1789750636569,1
1789750636569,0
1789750636905,1
1789750636905,0
1789750637248,1
1789750637249,0
1789750637590,1
1789750637591,0
1789750637986,1
1789750637986,0
1789750638188,1
1789750638188,0
1789750638397,1
1789750638397,0
1789750638602,1
1789750638602,0
1789750638980,1
1789750638980,0
1789750639191,1
1789750639191,0
1789750639396,1
1789750639396,0
1789750639756,1
1789750639756,0
1789750640134,1
1789750640134,0
1789750640710,1
1789750640710,0
1789750641070,1
1789750641070,0
1789750641446,1
1789750641446,0
1789750641817,1
1789750641817,0
1789750642153,1
1789750642153,0
1789750642561,1
1789750642561,0
1789750642893,1
1789750642894,0
1789750643111,1
1789750643112,0
1789750643305,1
1789750643305,0
1789750643516,1
1789750643516,0
1789750644663,1
1789750644664,0
1789750645006,1
1789750645006,0
1789750645356,1
1789750645356,0
1789750645731,1
1789750645731,0
1789750646086,1
1789750646086,0
1789750646424,1
1789750646424,0
1789750646753,1
1789750646754,0
1789750647067,1
1789750647067,0
1789750647395,1
1789750647395,0
1789750647740,1
1789750647741,0
1789750648073,1
1789750648074,0
1789750649031,0
1789750649031,0
1789750649239,1
1789750649239,0
1789750649436,1
1789750649436,0
1789750649636,1
1789750649636,0
1789750649953,1
1789750649954,0
1789750650322,1
1789750650322,0
1789750650685,1
1789750650685,0
1789750650903,1
1789750650903,0
1789750651237,1
1789750651237,0
1789750651823,1
1789750651824,0
1789750652235,1
1789750652236,0
1789750652636,1
1789750652637,0
1789750653032,1
1789750653032,0
1789750653255,1
1789750653255,0
1789750653672,1
1789750653672,0
1789750654062,1
1789750654063,0
1789750654472,1
1789750654472,0
1789750654690,1
1789750654690,0
1789750655024,1
1789750655025,0
1789750655372,1
1789750655373,0
1789750655707,1
1789750655707,0
1789750656543,1
1789750656544,0
1789750656880,1
1789750656880,0
1789750657215,1
1789750657216,0
1789750657432,1
1789750657433,0
1789750657640,1
1789750657640,0
1789750657849,1
1789750657849,0
1789750658064,1
1789750658064,0
1789750658670,1
1789750658671,0
1789750658888,1
1789750658889,0
1789750659229,1
1789750659230,0
1789750659567,1
1789750659568,0
1789750659987,1
1789750659987,0
1789750660202,1
1789750660202,0
1789750660412,1
1789750660413,0
1789750660830,1
1789750660830,0
1789750661037,1
1789750661038,0
1789750661433,1
1789750661434,0
1789750661980,1
1789750661980,0
1789750662317,1
1789750662318,0
1789750662653,1
1789750662653,0
1789750662986,1
1789750662987,0
1789750663331,1
1789750663332,0
1789750663669,1
1789750663669,0
1789750663883,1
1789750663883,0
1789750664413,1
1789750664414,0
1789750664746,1
1789750664746,0
1789750664962,1
1789750664962,0
1789750665173,1
1789750665174,0
1789750665366,1
1789750665366,0
1789750665555,1
1789750665555,0
1789750666584,1
1789750666585,0
1789750666985,1
1789750666986,0
1789750667199,1
1789750667199,0
1789750667601,1
1789750667601,0
1789750667996,1
1789750667997,0
1789750668396,1
1789750668397,0
1789750668801,1
1789750668802,0
1789750669168,1
1789750669168,0
1789750669563,1
1789750669564,0
1789750669968,1
1789750669968,0
1789750670183,1
1789750670183,0
1789750670400,1
1789750670400,0
1789750670609,1
1789750670609,0
1789750670821,1
1789750670822,0
1789750671018,0
1789750671018,0
1789750671229,1
1789750671229,0
1789750671620,1
1789750671620,0
1789750671837,1
1789750671837,0
1789750672047,1
1789750672047,0
1789750672374,1
1789750672374,0
1789750672585,1
1789750672585,0
1789750672982,1
1789750672983,0
1789750673351,1
1789750673351,0
1789750673718,1
1789750673718,0
1789750674087,1
1789750674087,0
1789750674456,1
1789750674457,0
1789750674676,1
1789750674677,0
1789750674890,1
1789750674890,0
1789750675723,1
1789750675723,0
1789750676068,1
1789750676068,0
1789750676400,1
1789750676401,0
1789750676735,1
1789750676735,0
1789750677143,1
1789750677143,0
1789750677356,1
1789750677357,0
1789750677562,1
1789750677563,0
1789750678170,1
1789750678171,0
1789750678534,1
1789750678535,0
1789750678926,1
1789750678926,0
1789750679334,1
1789750679335,0
1789750679730,1
1789750679730,0
1789750680129,1
1789750680130,0
1789750680529,1
1789750680529,0
1789750680855,1
1789750680855,0
1789750681234,1
1789750681234,0
1789750681965,1
1789750681965,0
1789750682181,1
1789750682181,0
1789750682393,1
1789750682393,0
1789750682602,1
1789750682602,0
1789750682809,1
1789750682809,0
1789750683592,1
1789750683593,0
1789750683993,1
1789750683993,0
1789750684208,1
1789750684208,0
1789750684577,1
1789750684577,0
1789750684939,1
1789750684939,0
1789750685304,1
1789750685304,0
1789750685675,1
1789750685675,0
1789750686212,1
1789750686212,0
1789750686551,1
1789750686551,0
1789750686947,1
1789750686947,0
1789750687343,1
1789750687343,0
1789750687684,1
1789750687685,0
1789750688062,1
1789750688062,0
1789750688430,1
1789750688431,0
1789750688795,1
1789750688795,0
1789750689137,1
1789750689138,0
1789750690401,1
1789750690401,0
1789750690612,1
1789750690612,0
1789750690824,1
1789750690824,0
1789750691011,1
1789750691011,0
1789750691406,1
1789750691406,0
1789750691813,1
1789750691813,0
1789750692163,1
1789750692163,0
1789750692517,1
1789750692517,0
1789750692737,1
1789750692737,0
1789750693572,1
1789750693572,0
1789750693966,1
1789750693966,0
1789750694375,1
1789750694376,0
1789750694802,1
1789750694802,0
1789750696355,1
1789750696355,0
1789750697377,1
1789750697377,0
1789750697718,1
1789750697718,0
1789750698060,1
1789750698061,0
1789750698403,1
1789750698404,0
1789750698614,1
1789750698614,0
1789750698949,1
1789750698949,0
1789750699296,1
1789750699297,0
1789750699716,1
1789750699716,0
1789750700052,1
1789750700054,0
1789750700270,1
1789750700270,0
1789750700484,1
1789750700484,0
1789750700701,1
1789750700701,0
1789750700908,1
1789750700908,0
1789750701265,1
1789750701265,0
1789750701479,1
1789750701479,0
1789750701816,1
1789750701817,0
1789750702151,1
1789750702152,0
1789750702495,1
1789750702496,0
1789750702894,1
1789750702895,0
1789750703231,1
1789750703231,0
1789750703579,1
1789750703579,0
1789750703918,1
1789750703918,0
1789750704251,1
1789750704251,0
1789750704641,1
1789750704641,0
1789750705042,1
1789750705042,0
1789750705259,1
1789750705259,0
1789750705625,1
1789750705626,0
1789750705839,1
1789750705839,0
1789750706976,1
1789750706976,0
1789750707359,1
1789750707359,0
1789750707702,1
1789750707703,0
1789750708071,1
1789750708071,0
1789750708445,1
1789750708446,0
1789750709023,1
1789750709023,0
1789750709382,1
1789750709382,0
1789750709762,1
1789750709762,0
1789750710105,1
1789750710105,0
1789750710885,1
1789750710885,0
1789750711103,1
1789750711103,0
1789750711438,1
1789750711438,0
1789750712575,1
1789750712575,0
1789750712980,1
1789750712980,0
1789750713193,1
1789750713193,0
1789750713975,1
1789750713975,0
1789750714195,1
1789750714196,0
1789750714395,1
1789750714395,0
1789750714607,1
1789750714607,0
1789750715627,1
1789750715627,0
1789750717237,1
1789750717238,0
1789750717583,1
1789750717584,0
1789750717798,1
1789750717798,0
1789750718582,1
1789750718583,0
1789750718956,1
1789750718956,0
1789750719330,1
1789750719331,0
1789750719702,1
1789750719702,0
1789750720097,1
1789750720098,0
1789750720426,1
1789750720427,0
1789750720761,1
1789750720761,0
1789750721158,1
1789750721159,0
1789750721500,1
1789750721500,0
1789750721844,1
1789750721845,0
1789750722253,1
1789750722253,0
1789750722652,1
1789750722652,0
1789750723043,1
1789750723044,0
1789750723448,1
1789750723448,0
1789750723816,1
1789750723821,0
1789750724192,0
1789750724192,0
1789750724584,0
1789750724584,0
1789750724954,1
1789750724954,0
1789750725327,1
1789750725327,0
1789750725943,1
1789750725943,0
1789750726343,1
1789750726344,0
1789750726737,1
1789750726737,0
1789750727116,1
1789750727116,0
1789750727518,1
1789750727519,0
1789750727910,1
1789750727910,0
1789750728121,1
1789750728121,0
1789750728334,1
1789750728334,0
1789750728731,1
1789750728731,0
1789750729075,1
1789750729076,0
1789750729411,1
1789750729412,0
1789750729743,1
1789750729744,0
1789750730087,1
1789750730088,0
1789750730456,1
1789750730456,0
1789750730674,1
1789750730675,0
1789750731008,1
1789750731008,0
1789750731403,1
1789750731403,0
1789750731804,1
1789750731804,0
1789750732173,1
1789750732173,0
1789750732384,1
1789750732384,0
1789750732599,1
1789750732599,0
1789750732813,1
1789750732813,0
1789750733376,1
1789750733377,0
1789750733748,1
1789750733748,0
1789750733962,1
1789750733962,0
1789750734175,1
1789750734176,0
1789750734575,1
1789750734576,0
1789750734910,1
1789750734910,0
1789750735249,1
1789750735249,0
1789750735595,1
1789750735595,0
1789750735933,1
1789750735933,0
1789750736268,1
1789750736269,0
1789750736679,1
1789750736680,0
1789750737018,1
1789750737019,0
1789750737228,1
1789750737228,0
1789750737443,1
1789750737444,0
1789750738012,1
1789750738012,0
1789750738379,1
1789750738379,0
1789750738755,1
1789750738756,0
1789750739368,1
1789750739368,0
1789750739760,1
1789750739760,0
1789750740107,1
1789750740107,0
1789750740323,1
1789750740323,0
1789750740659,1
1789750740659,0
1789750741067,1
1789750741067,0
1789750741460,1
1789750741460,0
1789750741852,1
1789750741852,0
1789750742256,1
1789750742257,0
1789750742871,1
1789750742871,0
1789750743235,1
1789750743236,0
1789750743465,1
1789750743465,0
1789750743670,1
1789750743670,0
1789750743877,1
1789750743877,0
1789750744243,1
1789750744244,0
1789750744610,1
1789750744610,0
1789750744981,1
1789750744982,0
1789750745198,1
1789750745198,0
1789750745527,1
1789750745527,0
1789750745864,1
1789750745865,0
1789750746226,1
1789750746226,0
1789750746435,1
1789750746435,0
1789750747043,1
1789750747044,0
1789750747441,1
1789750747441,0
1789750747834,1
1789750747834,0
1789750748240,1
1789750748240,0
1789750748579,1
1789750748579,0
1789750749339,1
1789750749339,0
1789750749682,1
1789750749683,0
1789750750077,1
1789750750077,0
1789750750438,1
1789750750439,0
1789750750814,1
1789750750815,0
1789750751169,1
1789750751169,0
1789750751773,1
1789750751773,0
1789750752185,1
1789750752185,0
1789750752554,1
1789750752554,0
1789750752768,1
1789750752768,0
1789750753144,1
1789750753144,0
1789750753360,1
1789750753360,0
1789750753568,1
1789750753568,0
1789750753785,1
1789750753785,0
1789750753988,1
1789750753988,0
1789750754194,1
1789750754194,0
1789750754562,1
1789750754563,0
1789750754930,1
1789750754930,0
1789750755302,1
1789750755302,0
1789750755676,1
1789750755676,0
1789750756019,1
1789750756019,0
1789750756362,1
1789750756362,0
1789750756710,1
1789750756710,0
1789750757043,1
1789750757044,0
1789750757415,1
1789750757416,0
1789750757818,1
1789750757818,0
1789750758215,1
1789750758216,0
1789750758621,0
1789750758621,0
1789750759437,1
1789750759437,0
1789750759829,1
1789750759830,0
1789750760229,1
1789750760229,0
1789750760631,1
1789750760631,0
1789750761027,1
1789750761027,0
1789750761427,1
1789750761428,0
1789750761820,1
1789750761821,0
1789750762574,1
1789750762574,0
1789750762919,1
1789750762919,0
1789750763256,1
1789750763257,0
1789750763595,1
1789750763595,0
1789750763810,1
1789750763811,0
1789750764826,1
1789750764826,0
1789750765225,1
1789750765225,0
1789750765443,1
1789750765444,0
1789750765650,1
1789750765651,0
1789750765855,1
1789750765855,0
1789750766049,1
1789750766049,0
1789750766360,1
1789750766360,0
1789750766676,1
1789750766677,0
1789750767081,1
1789750767081,0
1789750767414,1
1789750767414,0
1789750767752,1
1789750767752,0
1789750768124,1
1789750768125,0
1789750768331,1
1789750768331,0
1789750768529,1
1789750768529,0
1789750768722,1
1789750768722,0
1789750769106,1
1789750769106,0
1789750769860,1
1789750769861,0
1789750770080,1
1789750770080,0
1789750770293,1
1789750770293,0
1789750770506,1
1789750770506,0
1789750770711,1
1789750770711,0
1789750770921,1
1789750770921,0
1789750771135,1
1789750771136,0
1789750771346,1
1789750771346,0
1789750771955,1
1789750771955,0
1789750772298,1
1789750772298,0
1789750772637,1
1789750772638,0
1789750772974,1
1789750772974,0
1789750773961,1
1789750773961,0
1789750774295,1
1789750774295,0
1789750774610,1
1789750774610,0
1789750775133,1
1789750775134,0
1789750775722,1
1789750775722,0
1789750776122,1
1789750776122,0
1789750776505,1
1789750776505,0
1789750776890,1
1789750776890,0
1789750777278,1
1789750777278,0
1789750777669,1
1789750777669,0
1789750778005,1
1789750778005,0
1789750778340,1
1789750778341,0
1789750778691,1
1789750778691,0
1789750779237,1
1789750779238,0
1789750779576,1
1789750779576,0
1789750779902,1
1789750779903,0
1789750780106,0
1789750780106,0
1789750780478,1
1789750780478,0
1789750780871,1
1789750780872,0
1789750781230,1
1789750781230,0
1789750781841,1
1789750781841,0
1789750782059,1
1789750782060,0
1789750782258,1
1789750782258,0
1789750782450,1
1789750782450,0
1789750782805,1
1789750782805,0
1789750783135,1
1789750783135,0
1789750783525,1
1789750783525,0
1789750783864,1
1789750783865,0
1789750784206,1
1789750784207,0
1789750784616,1
1789750784616,0
1789750784962,1
1789750784962,0
1789750785303,1
1789750785303,0
1789750785646,1
1789750785646,0
1789750786252,1
1789750786252,0
1789750786650,1
1789750786650,0
1789750787027,1
1789750787027,0
1789750787243,1
1789750787243,0
1789750787636,1
1789750787637,0
1789750788011,0
1789750788011,0
1789750788377,1
1789750788378,0
1789750788748,1
1789750788748,0
1789750789123,1
1789750789124,0
1789750789702,1
1789750789703,0
1789750790100,1
1789750790101,0
1789750790320,1
1789750790320,0
1789750790532,1
1789750790533,0
1789750790744,1
1789750790744,0
1789750791711,1
1789750791711,0
1789750792052,1
1789750792052,0
1789750792390,1
1789750792390,0
1789750792608,1
1789750792609,0
1789750793005,1
1789750793005,0
1789750793220,1
1789750793220,0
1789750793586,1
1789750793586,0
1789750793958,1
1789750793958,0
1789750794330,1
1789750794330,0
1789750794710,1
1789750794710,0
1789750795287,1
1789750795287,0
1789750795839,1
1789750795839,0
1789750796159,1
1789750796159,0
1789750796532,1
1789750796532,0
1789750796930,1
1789750796931,0
1789750797346,1
1789750797346,0
1789750797739,1
1789750797740,0
1789750798082,0
1789750798082,0
1789750798420,1
1789750798420,0
1789750798757,1
1789750798757,0
1789750799166,1
1789750799167,0
1789750799761,1
1789750799761,0
1789750801028,1
1789750801028,0
1789750801608,1
1789750801609,0
1789750801979,1
1789750801979,0
1789750802371,1
1789750802372,0
1789750803426,1
1789750803427,0
1789750803765,1
1789750803765,0
1789750804098,1
1789750804099,0
1789750804437,1
1789750804438,0
1789750804803,1
1789750804803,0
1789750805196,1
1789750805197,0
1789750805618,1
1789750805619,0
1789750806036,1
1789750806036,0
1789750806446,1
1789750806446,0
1789750806852,1
1789750806852,0
1789750807202,1
1789750807202,0
1789750807616,1
1789750807617,0
1789750807830,1
1789750807830,0
1789750808238,1
1789750808238,0
1789750808644,1
1789750808645,0
1789750809253,1
1789750809254,0
1789750809661,1
1789750809661,0
1789750810065,1
1789750810066,0
1789750810433,1
1789750810433,0
1789750810657,1
1789750810657,0
1789750810863,1
1789750810863,0
1789750811215,1
1789750811215,0
1789750811585,1
1789750811585,0
1789750812160,1
1789750812160,0
1789750812496,1
1789750812497,0
1789750812836,1
1789750812837,0
1789750813195,1
1789750813195,0
1789750813427,1
1789750813427,0
1789750813631,1
1789750813631,0
1789750814040,1
1789750814041,0
1789750814433,1
1789750814433,0
1789750814847,1
1789750814847,0
1789750815465,1
1789750815466,0
1789750815871,1
1789750815872,0
1789750816257,1
1789750816257,0
1789750816662,1
1789750816662,0
1789750817013,1
1789750817013,0
1789750817360,1
1789750817360,0
1789750817586,1
1789750817586,0
1789750818179,1
1789750818179,0
1789750818546,1
1789750818546,0
1789750818905,1
1789750818905,0
1789750819282,1
1789750819282,0
1789750819655,1
1789750819655,0
1789750820030,1
1789750820030,0
1789750820256,1
1789750820256,0
1789750820676,1
1789750820676,0
1789750820881,1
1789750820881,0
1789750821083,1
1789750821083,0
1789750822334,1
1789750822335,0
1789750822732,1
1789750822732,0
1789750823128,1
1789750823128,0
1789750823737,1
1789750823738,0
1789750823946,1
1789750823947,0
1789750824154,1
1789750824154,0
1789750824367,1
1789750824367,0
1789750824588,1
1789750824589,0
1789750824939,1
1789750824941,0
1789750825302,1
1789750825302,0
1789750826550,1
1789750826550,0
1789750826924,1
1789750826924,0
1789750827307,1
1789750827307,0
1789750827511,1
1789750827511,0
1789750828284,1
1789750828285,0
1789750828636,1
1789750828636,0
1789750828846,1
1789750828846,0
1789750829214,1
1789750829215,0
1789750829581,1
1789750829581,0
1789750829940,1
1789750829940,0
1789750830322,1
1789750830322,0
1789750830532,1
1789750830532,0
1789750830865,1
1789750830865,0
1789750831413,1
1789750831414,0
1789750831763,1
1789750831763,0
1789750832101,1
1789750832101,0
1789750832457,1
1789750832457,0
1789750832786,1
1789750832787,0
1789750833139,1
1789750833140,0
1789750833485,1
1789750833485,0
1789750834240,1
1789750834240,0
1789750834830,1
1789750834830,0
1789750836028,1
1789750836028,0
1789750836367,1
1789750836368,0
1789750836743,1
1789750836743,0
1789750837563,1
1789750837563,0
1789750837961,1
1789750837961,0
1789750838363,1
1789750838363,0
1789750838779,1
1789750838780,0
1789750839144,1
1789750839144,0
1789750839362,1
1789750839362,0
1789750839581,1
1789750839581,0
1789750839969,1
1789750839969,0
1789750840196,1
1789750840196,0
1789750840730,1
1789750840731,0
1789750841076,1
1789750841076,0
1789750841434,1
1789750841434,0
1789750841778,1
1789750841778,0
1789750842005,1
1789750842005,0
1789750842342,1
1789750842342,0
1789750842555,1
1789750842555,0
1789750842927,1
1789750842928,0
1789750843315,1
1789750843316,0
1789750843665,1
1789750843665,0
1789750844072,1
1789750844072,0
1789750844467,1
1789750844468,0
1789750844863,1
1789750844863,0
1789750845272,1
1789750845272,0
1789750845653,0
1789750845653,0
1789750846039,1
1789750846039,0
1789750846442,1
1789750846443,0
1789750847060,1
1789750847061,0
1789750847288,1
1789750847288,0
1789750847498,1
1789750847498,0
1789750847720,1
1789750847720,0
1789750847937,1
1789750847937,0
1789750848546,1
1789750848546,0
1789750848903,1
1789750848904,0
1789750849669,1
1789750849670,0
1789750850057,1
1789750850058,0
1789750850420,1
1789750850420,0
1789750850783,1
1789750850784,0
1789750851328,1
1789750851328,0
1789750851680,1
1789750851680,0
1789750852111,1
1789750852111,0
1789750852332,1
1789750852332,0
1789750852659,1
1789750852659,0
1789750853003,1
1789750853003,0
1789750853360,1
1789750853360,0
1789750853713,1
1789750853714,0
1789750854093,1
1789750854094,0
1789750854447,1
1789750854448,0
1789750854813,1
1789750854814,0
1789750855032,1
1789750855032,0
1789750855256,1
1789750855256,0
1789750855635,1
1789750855635,0
1789750856639,0
1789750856640,0
1789750856986,1
1789750856986,0
1789750857321,1
1789750857322,0
1789750858167,1
1789750858167,0
1789750858373,1
1789750858373,0
1789750858595,1
1789750858595,0
1789750858821,1
1789750858821,0
1789750859239,1
1789750859239,0
1789750859640,1
1789750859640,0
1789750860055,1
1789750860055,0
1789750860450,1
1789750860450,0
1789750860789,1
1789750860789,0
1789750861182,1
1789750861182,0
1789750861593,1
1789750861593,0
1789750862002,1
1789750862002,0
1789750862339,1
1789750862340,0
1789750862738,1
1789750862738,0
1789750863148,1
1789750863149,0
1789750863378,1
1789750863378,0
1789750863597,1
1789750863597,0
1789750864022,1
1789750864022,0
1789750864244,1
1789750864244,0
1789750864450,1
1789750864450,0
1789750864663,1
1789750864663,0
1789750864996,1
1789750864996,0
1789750865599,1
1789750865599,0
1789750865941,1
1789750865941,0
1789750866277,1
1789750866278,0
1789750866649,1
1789750866650,0
1789750866871,1
1789750866871,0
1789750867080,1
1789750867080,0
1789750867297,1
1789750867297,0
1789750867908,1
1789750867909,0
1789750868324,1
1789750868325,0
1789750868789,1
1789750868789,0
1789750869137,1
1789750869137,0
1789750870333,1
1789750870333,0
1789750870889,1
1789750870890,0
1789750871290,1
1789750871291,0
1789750871679,1
1789750871679,0
1789750872069,1
1789750872070,0
1789750872406,1
1789750872407,0
1789750872739,1
1789750872740,0
1789750873086,1
1789750873086,0
1789750873659,1
1789750873660,0
1789750874041,1
1789750874041,0
1789750874460,1
1789750874461,0
1789750874684,1
1789750874684,0
1789750874891,1
1789750874891,0
1789750876072,1
1789750876073,0
1789750876408,1
1789750876409,0
1789750876789,1
1789750876790,0
1789750877143,1
1789750877144,0
1789750877497,1
1789750877497,0
1789750877845,1
1789750877846,0
1789750879061,1
1789750879061,0
1789750879399,1
1789750879399,0
1789750879745,1
1789750879746,0
1789750879970,1
1789750879971,0
1789750880309,1
1789750880309,0
1789750881543,1
1789750881544,0
1789750881933,1
1789750881933,0
1789750882267,1
1789750882267,0
1789750882497,1
1789750882497,0
1789750882720,1
1789750882721,0
1789750883060,1
1789750883060,0
1789750883914,1
1789750883914,0
1789750884327,1
1789750884327,0
1789750884709,1
1789750884709,0
1789750884918,1
1789750884918,0
1789750885278,1
1789750885279,0
1789750885685,1
1789750885686,0
1789750886070,1
1789750886070,0
1789750886470,1
1789750886470,0
1789750886842,1
1789750886842,0
1789750887216,1
1789750887216,0
1789750887431,1
1789750887431,0
1789750887642,1
1789750887642,0
1789750887972,1
1789750887972,0
1789750888195,1
1789750888195,0
1789750888405,1
1789750888405,0
1789750888805,1
1789750888805,0
1789750889172,1
1789750889173,0
1789750889543,1
1789750889543,0
1789750889925,1
1789750889925,0
1789750890335,1
1789750890335,0
1789750890678,1
1789750890678,0
1789750891026,1
1789750891026,0
1789750891565,1
1789750891565,0
1789750891908,1
1789750891909,0
1789750892287,1
1789750892287,0
1789750892651,1
1789750892651,0
1789750893024,1
1789750893025,0
1789750893406,1
1789750893406,0
1789750893826,1
1789750893826,0
1789750894169,1
1789750894169,0
1789750894380,1
1789750894380,0
1789750894593,1
1789750894594,0
1789750895627,1
1789750895627,0
1789750895835,1
1789750895835,0
1789750896039,1
1789750896039,0
1789750896259,1
1789750896259,0
1789750896478,1
1789750896478,0
1789750896697,1
1789750896697,0
1789750897085,1
1789750897085,0
1789750897488,1
1789750897488,0
1789750897882,1
1789750897882,0
1789750898275,1
1789750898275,0
1789750898590,1
1789750898590,0
1789750898956,1
1789750898957,0
1789750899166,1
1789750899167,0
1789750899388,1
1789750899388,0
1789750899616,1
1789750899616,0
1789750900008,1
1789750900008,0
1789750900235,1
1789750900236,0
1789750900446,1
1789750900446,0
1789750900665,1
1789750900665,0
1789750901035,1
1789750901036,0
1789750901902,1
1789750901902,0
1789750902108,1
1789750902109,0
1789750902514,1
1789750902515,0
1789750902910,1
1789750902911,0
1789750903321,1
1789750903321,0
1789750903745,1
1789750903745,0
1789750904132,1
1789750904132,0
1789750904469,1
1789750904469,0
1789750904814,1
1789750904814,0
1789750905044,1
1789750905044,0
1789750905250,1
1789750905250,0
1789750905647,1
1789750905647,0
1789750906680,1
1789750906681,0
1789750907477,1
1789750907477,0
1789750908125,1
1789750908125,0
1789750908346,1
1789750908346,0
1789750908551,1
1789750908551,0
1789750908779,1
1789750908779,0
1789750909206,1
1789750909206,0
1789750909534,1
1789750909534,0
1789750910302,1
1789750910303,0
1789750910527,1
1789750910527,0
1789750910734,1
1789750910734,0
1789750910938,1
1789750910938,0
1789750911496,1
1789750911496,0
1789750911848,0
1789750911848,0
1789750912446,1
1789750912446,0
1789750912889,1
1789750912890,0
1789750913109,1
1789750913109,0
1789750913308,1
1789750913308,0
1789750913531,1
1789750913531,0
1789750913941,1
1789750913941,0
1789750914160,1
1789750914160,0
1789750914516,1
1789750914516,0
1789750914891,1
1789750914892,0
1789750915257,1
1789750915258,0
1789750915799,1
1789750915799,0
1789750916150,1
1789750916150,0
1789750916502,1
1789750916502,0
1789750917528,1
1789750917528,0
1789750917887,1
1789750917887,0
1789750918296,1
1789750918296,0
1789750918641,1
1789750918641,0
1789750918975,1
1789750918975,0
1789750919322,1
1789750919322,0
1789750919669,1
1789750919669,0
1789750919880,1
1789750919881,0
1789750920213,1
1789750920213,0
1789750920625,1
1789750920626,0
1789750920956,1
1789750920956,0
1789750921292,1
1789750921292,0
1789750921688,1
1789750921688,0
1789750922080,1
1789750922080,0
1789750922477,1
1789750922477,0
1789750922873,1
1789750922874,0
1789750923425,1
1789750923425,0
1789750923768,1
1789750923768,0
1789750923993,1
1789750923994,0
1789750924325,1
1789750924326,0
1789750924674,1
1789750924675,0
1789750925083,1
1789750925083,0
1789750925478,1
1789750925478,0
1789750925883,1
1789750925884,0
1789750926283,1
1789750926284,0
1789750926631,1
1789750926631,0
1789750927000,1
1789750927000,0
1789750927348,1
1789750927348,0
1789750927718,1
1789750927718,0
1789750928096,1
1789750928096,0
1789750928449,1
1789750928449,0
1789750928661,1
1789750928661,0
1789750928868,1
1789750928869,0
1789750929089,1
1789750929089,0
1789750929294,1
1789750929294,0
1789750929671,1
1789750929671,0
1789750930050,1
1789750930051,0
1789750930459,1
1789750930459,0
1789750931087,1
1789750931088,0
1789750931438,1
1789750931438,0
1789750931783,1
1789750931784,0
1789750932128,1
1789750932129,0
1789750932465,1
1789750932465,0
1789750933031,1
1789750933031,0
1789750933657,1
1789750933657,0
1789750934067,1
1789750934067,0
1789750934416,1
1789750934416,0
1789750934786,1
1789750934786,0
1789750935146,1
1789750935146,0
1789750935520,1
1789750935521,0
1789750935873,1
1789750935873,0
1789750936200,1
1789750936200,0
1789750936537,1
1789750936537,0
1789750936879,1
1789750936880,0
1789750937092,1
1789750937092,0
1789750937315,1
1789750937315,0
1789750937671,1
1789750937671,0
1789750938038,1
1789750938038,0
1789750938415,1
1789750938415,0
1789750938790,1
1789750938790,0
1789750939005,1
1789750939005,0
1789750939395,1
1789750939395,0
1789750940363,1
1789750940363,0
1789750940742,1
1789750940742,0
1789750941119,1
1789750941120,0
1789750941496,1
1789750941496,0
1789750941866,1
1789750941866,0
1789750942210,1
1789750942210,0
1789750942567,1
1789750942568,0
1789750942977,1
1789750942978,0
1789750943363,1
1789750943363,0
1789750943725,1
1789750943726,0
1789750944071,1
1789750944071,0
1789750944417,1
1789750944417,0
1789750944753,1
1789750944753,0
1789750945104,1
1789750945105,0
1789750945511,1
1789750945511,0
1789750945732,1
1789750945732,0
1789750946293,1
1789750946294,0
1789750946675,1
1789750946675,0
1789750946874,1
1789750946874,0
1789750947719,1
1789750947719,0
1789750948104,1
1789750948104,0
1789750948498,1
1789750948498,0
1789750948840,1
1789750948840,0
1789750949052,1
1789750949052,0
1789750949383,1
1789750949383,0
1789750949743,1
1789750949744,0
1789750950097,1
1789750950097,0
1789750950434,1
1789750950434,0
1789750950776,1
1789750950776,0
1789750951177,1
1789750951177,0
1789750951608,1
1789750951608,0
1789750951969,1
1789750951970,0
1789750952351,1
1789750952351,0
1789750952907,1
1789750952908,0
1789750953249,1
1789750953249,0
1789750953599,1
1789750953600,0
1789750953935,1
1789750953935,0
1789750954289,1
1789750954290,0
1789750954653,1
1789750954654,0
1789750955010,1
1789750955010,0
1789750955407,1
1789750955407,0
1789750955621,1
1789750955621,0
1789750955995,1
1789750955995,0
1789750956356,1
1789750956357,0
1789750956717,1
1789750956717,0
1789750957100,1
1789750957101,0
1789750957464,1
1789750957464,0
1789750957796,1
1789750957796,0
1789750958134,1
1789750958135,0
1789750958534,1
1789750958534,0
1789750958942,1
1789750958943,0
1789750959310,1
1789750959311,0
1789750959725,1
1789750959725,0
1789750960129,1
1789750960130,0
1789750960538,1
1789750960538,0
1789750960944,1
1789750960944,0
1789750961168,1
1789750961169,0
1789750961376,1
1789750961376,0
1789750961717,1
1789750961717,0
1789750962072,1
1789750962073,0
1789750962462,1
1789750962463,0
1789750962666,1
1789750962666,0
1789750962862,1
1789750962863,0
1789750963064,1
1789750963065,0
1789750963273,1
1789750963273,0
1789750963481,1
1789750963481,0
1789750964053,1
1789750964053,0
1789750964826,1
1789750964826,0
1789750965227,1
1789750965227,0
1789750965634,1
1789750965634,0
1789750966049,1
1789750966049,0
1789750966671,1
1789750966671,0
1789750967053,1
1789750967053,0
1789750967386,1
1789750967387,0
1789750967735,1
1789750967735,0
1789750968073,0
1789750968073,0
1789750968426,0
1789750968426,0
1789750968810,1
1789750968810,0
1789750969188,1
1789750969188,0
1789750969544,1
1789750969545,0
1789750969938,1
1789750969938,0
1789750970264,1
1789750970264,0
1789750970666,1
1789750970667,0
1789750970878,1
1789750970878,0
1789750971066,1
1789750971066,0
1789750971436,1
1789750971436,0
1789750971786,1
1789750971786,0
1789750972117,1
1789750972117,0
1789750972474,1
1789750972474,0
1789750972860,1
1789750972860,0
1789750973215,1
1789750973215,0
1789750973586,1
1789750973587,0
1789750974120,1
1789750974121,0
1789750974315,1
1789750974315,0
1789750975707,1
1789750975708,0
1789750975935,1
1789750975935,0
1789750976336,1
1789750976337,0
1789750976735,1
1789750976735,0
1789750976951,1
1789750976951,0
1789750977760,1
1789750977760,0
1789750978142,1
1789750978143,0
1789750978540,1
1789750978540,0
1789750978924,1
1789750978924,0
1789750979151,1
1789750979151,0
1789750979542,1
1789750979542,0
1789750979946,1
1789750979946,0
1789750980356,1
1789750980356,0
1789750980752,1
1789750980752,0
1789750981148,1
1789750981149,0
1789750981527,1
1789750981527,0
1789750981890,1
1789750981891,0
1789750982282,1
1789750982282,0
1789750982663,1
1789750982664,0
1789750983043,1
1789750983044,0
1789750983633,1
1789750983634,0
1789750984009,1
1789750984009,0
1789750984380,1
1789750984381,0
1789750984740,1
1789750984740,0
1789750985146,1
1789750985147,0
1789750985546,1
1789750985546,0
1789750985892,1
1789750985893,0
1789750986274,1
1789750986274,0
1789750986616,1
1789750986616,0
1789750986847,1
1789750986847,0
1789750987065,1
1789750987065,0
1789750987276,1
1789750987276,0
1789750987479,1
1789750987479,0
1789750987857,1
1789750987857,0
1789750988062,1
1789750988062,0
1789750988280,1
1789750988281,0
1789750989742,1
1789750989742,0
1789750989967,1
1789750989967,0
1789750990177,1
1789750990177,0
1789750990505,1
1789750990505,0
1789750990911,1
1789750990912,0
1789750991309,1
1789750991309,0
1789750992543,1
1789750992545,0
1789750992927,1
1789750992927,0
1789750993342,1
1789750993342,0
1789750993687,1
1789750993687,0
1789750994030,1
1789750994030,0
1789750994411,1
1789750994411,0
1789750994744,1
1789750994744,0
1789750995069,1
1789750995069,0
1789750995390,1
1789750995390,0
1789750995728,1
1789750995728,0
1789750996126,1
1789750996127,0
1789750996521,1
1789750996521,0
1789750996906,1
1789750996907,0
1789750997442,1
1789750997442,0
1789750997806,1
1789750997806,0
1789750998176,1
1789750998177,0
1789750998560,1
1789750998561,0
1789750998922,1
1789750998922,0
1789750999328,1
1789750999328,0
1789750999899,1
1789750999899,0
1789751000276,1
1789751000276,0
1789751000661,1
1789751000661,0
1789751001053,1
1789751001053,0
1789751001276,1
1789751001277,0
1789751001488,1
1789751001489,0
1789751001697,1
1789751001697,0
1789751002066,1
1789751002067,0
1789751002398,1
1789751002398,0
1789751002751,1
1789751002751,0
1789751003102,1
1789751003102,0
1789751003488,1
1789751003489,0
1789751003830,1
1789751003831,0
1789751004228,1
1789751004229,0
1789751004619,1
1789751004619,0
1789751005014,1
1789751005014,0
1789751005422,1
1789751005422,0
1789751005854,1
1789751005855,0
1789751006205,1
1789751006205,0
1789751007041,1
1789751007042,0
1789751008094,1
1789751008094,0
1789751008427,1
1789751008427,0
1789751008761,1
1789751008761,0
1789751009089,1
1789751009089,0
1789751009484,1
1789751009485,0
1789751009901,1
1789751009902,0
1789751010293,1
1789751010294,0
1789751010691,1
1789751010692,0
1789751011107,1
1789751011107,0
1789751011498,1
1789751011498,0
1789751012094,1
1789751012095,0
1789751013176,1
1789751013177,0
1789751013380,1
1789751013380,0
1789751013592,1
1789751013592,0
1789751013920,1
1789751013920,0
1789751014270,1
1789751014270,0
1789751014612,1
1789751014612,0
1789751014964,1
1789751014964,0
1789751015187,1
1789751015187,0
1789751015527,1
1789751015527,0
1789751015864,1
1789751015864,0
1789751016198,1
1789751016198,0
1789751016533,1
1789751016533,0
1789751016869,1
1789751016869,0
1789751017656,1
1789751017656,0
1789751017874,1
1789751017874,0
1789751018094,1
1789751018094,0
1789751018487,1
1789751018488,0
1789751018869,1
1789751018870,0
1789751019249,1
1789751019249,0
1789751019622,1
1789751019623,0
1789751019854,1
1789751019854,0
1789751020226,1
1789751020226,0
1789751020584,1
1789751020584,0
1789751020793,1
1789751020793,0
1789751021172,1
1789751021172,0
1789751021537,1
1789751021537,0
1789751021893,1
1789751021893,0
1789751022250,1
1789751022251,0
1789751022590,1
1789751022591,0
1789751022940,1
1789751022941,0
1789751023322,1
1789751023323,0
1789751023883,1
1789751023883,0
1789751024671,1
1789751024671,0
1789751025020,1
1789751025020,0
1789751025377,1
1789751025378,0
1789751025715,1
1789751025715,0
1789751025926,1
1789751025926,0
1789751026128,1
1789751026128,0
1789751026338,1
1789751026338,0
1789751026690,1
1789751026690,0
1789751027047,1
1789751027048,0
1789751027384,1
1789751027385,0
1789751027789,1
1789751027790,0
1789751028181,1
1789751028181,0
1789751028593,1
1789751028593,0
1789751028997,1
1789751028998,0
1789751029221,1
1789751029221,0
1789751029423,1
1789751029423,0
1789751029791,1
1789751029791,0
1789751030155,1
1789751030155,0
1789751030517,1
1789751030518,0
1789751031106,1
1789751031107,0
1789751031467,1
1789751031467,0
1789751031822,1
1789751031822,0
1789751032193,1
1789751032193,0
1789751032933,1
1789751032936,0
1789751033274,1
1789751033275,0
1789751033668,1
1789751033669,0
1789751034008,1
1789751034009,0
1789751034344,1
1789751034344,0
1789751034687,1
1789751034687,0
1789751035036,1
1789751035036,0
1789751035419,1
1789751035420,0
1789751035829,1
1789751035829,0
1789751036160,1
1789751036161,0
1789751036937,1
1789751036938,0
1789751037270,1
1789751037271,0
1789751037603,1
1789751037604,0
1789751037949,1
1789751037950,0
1789751038918,1
1789751038918,0
1789751039286,1
1789751039286,0
1789751040795,1
1789751040795,0
1789751041816,1
1789751041816,0
1789751042022,1
1789751042022,0
1789751042235,1
1789751042235,0
1789751042569,1
1789751042569,0
1789751042933,1
1789751042933,0
1789751043309,1
1789751043310,0
1789751043523,1
1789751043523,0
1789751044256,1
1789751044256,0
1789751044577,1
1789751044578,0
1789751044917,1
1789751044917,0
1789751045257,1
1789751045257,0
1789751046043,1
1789751046044,0
1789751046378,1
1789751046378,0
1789751046711,1
1789751046712,0
1789751047108,1
1789751047108,0
1789751047498,1
1789751047498,0
1789751047888,1
1789751047888,0
1789751048275,1
1789751048275,0
1789751048586,1
1789751048587,0
1789751048985,1
1789751048985,0
1789751049390,1
1789751049391,0
1789751049756,1
1789751049756,0
1789751050359,1
1789751050359,0
1789751050575,1
1789751050575,0
1789751050777,1
1789751050777,0
1789751050980,1
1789751050980,0
1789751051185,1
1789751051185,0
1789751051573,1
1789751051573,0
1789751051974,1
1789751051974,0
1789751052371,1
1789751052372,0
1789751053175,1
1789751053175,0
1789751053545,1
1789751053546,0
1789751053912,1
1789751053912,0
1789751054279,1
1789751054279,0
1789751054685,1
1789751054685,0
1789751054897,1
1789751054897,0
1789751055113,1
1789751055113,0
1789751055518,0
1789751055519,0
1789751057139,1
1789751057139,0
1789751057529,1
1789751057529,0
1789751057935,1
1789751057935,0
1789751058302,1
1789751058302,0
1789751058665,1
1789751058665,0
1789751059035,1
1789751059035,0
1789751059398,1
1789751059398,0
1789751059761,1
1789751059761,0
1789751059973,0
1789751059973,0
1789751060181,1
1789751060181,0
1789751060543,1
1789751060544,0
1789751060939,1
1789751060939,0
1789751061147,1
1789751061147,0
1789751061351,1
1789751061351,0
1789751061560,1
1789751061561,0
1789751061762,1
1789751061762,0
1789751061965,1
1789751061965,0
1789751062160,1
1789751062160,0
1789751062544,1
1789751062544,0
1789751062895,1
1789751062895,0
1789751063111,1
1789751063112,0
1789751063318,1
1789751063318,0
1789751063648,1
1789751063649,0
1789751064601,1
1789751064601,0
1789751064935,1
1789751064935,0
1789751065284,1
1789751065285,0
1789751065615,1
1789751065615,0
1789751066010,1
1789751066010,0
1789751066352,1
1789751066352,0
1789751066691,1
1789751066692,0
1789751067022,1
1789751067023,0
1789751067353,1
1789751067353,0
1789751067687,1
1789751067687,0
1789751067900,1
1789751067900,0
1789751068500,1
1789751068500,0
1789751068866,1
1789751068867,0
1789751069235,1
1789751069236,0
1789751069581,1
1789751069582,0
1789751069974,1
1789751069974,0
1789751070355,1
1789751070355,0
1789751070745,1
1789751070746,0
1789751071139,0
1789751071140,0
1789751071519,1
1789751071519,0
1789751071910,1
1789751071910,0
1789751072272,1
1789751072272,0
1789751072475,1
1789751072475,0
1789751072804,1
1789751072805,0
1789751073007,1
1789751073007,0
1789751073198,1
1789751073198,0
1789751073395,1
1789751073395,0
1789751073575,1
1789751073575,0
1789751073909,0
1789751073910,0
1789751074282,1
1789751074282,0
1789751074481,1
1789751074481,0
1789751074825,1
1789751074825,0
1789751075172,1
1789751075172,0
1789751075488,1
1789751075489,0
1789751075877,1
1789751075878,0
1789751076253,1
1789751076253,0
1789751076645,1
1789751076646,0
1789751077021,0
1789751077021,0
1789751077851,1
1789751077851,0
1789751078244,1
1789751078244,0
1789751078460,1
1789751078460,0
1789751078666,1
1789751078666,0
1789751078870,1
1789751078870,0
1789751079084,1
1789751079084,0
1789751079471,1
1789751079471,0
1789751079827,1
1789751079827,0
1789751080037,1
1789751080037,0
1789751080767,1
1789751080767,0
1789751081578,1
1789751081578,0
1789751082357,1
1789751082358,0
1789751082690,1
1789751082690,0
1789751083085,1
1789751083086,0
1789751083297,1
1789751083297,0
1789751083503,1
1789751083503,0
1789751083709,1
1789751083709,0
1789751083920,1
1789751083920,0
1789751084456,1
1789751084456,0
1789751084790,1
1789751084790,0
1789751085009,1
1789751085009,0
1789751085215,1
1789751085215,0
1789751085545,1
1789751085546,0
1789751085888,1
1789751085889,0
1789751086213,1
1789751086214,0
1789751086548,1
1789751086548,0
1789751086976,1
1789751086976,0
1789751087179,1
1789751087179,0
1789751087387,1
1789751087387,0
1789751087789,1
1789751087789,0
1789751088205,1
1789751088206,0
1789751088414,1
1789751088415,0
1789751088619,1
1789751088619,0
1789751088824,1
1789751088824,0
1789751089226,1
1789751089227,0
1789751089566,1
1789751089566,0
1789751089929,1
1789751089929,0
1789751090264,1
1789751090264,0
1789751090577,1
1789751090577,0
1789751090943,1
1789751090943,0
1789751091157,1
1789751091157,0
1789751091367,1
1789751091367,0
1789751091573,1
1789751091573,0
1789751091913,1
1789751091913,0
1789751092277,1
1789751092277,0
1789751092640,1
1789751092640,0
1789751093062,1
1789751093062,0
1789751093598,1
1789751093598,0
1789751093931,1
1789751093932,0
1789751094264,1
1789751094264,0
1789751094597,1
1789751094597,0
1789751095536,1
1789751095536,0
1789751095911,1
1789751095911,0
1789751096262,1
1789751096262,0
1789751096627,1
1789751096627,0
1789751096996,1
1789751096997,0
1789751097361,1
1789751097361,0
1789751097573,1
1789751097573,0
1789751097950,1
1789751097951,0
1789751098314,1
1789751098315,0
1789751098648,1
1789751098649,0
1789751099021,1
1789751099021,0
1789751099414,1
1789751099415,0
1789751099622,1
1789751099622,0
1789751099831,1
1789751099831,0
1789751100034,1
1789751100034,0
1789751100235,1
1789751100235,0
1789751100562,1
1789751100563,0
1789751100898,1
1789751100898,0
1789751101259,1
1789751101259,0
1789751101471,1
1789751101471,0
1789751101665,1
1789751101665,0
1789751102897,1
1789751102897,0
1789751103103,1
1789751103103,0
1789751103305,1
1789751103305,0
1789751103642,1
1789751103642,0
1789751103855,1
1789751103855,0
1789751104219,1
1789751104219,0
1789751104594,1
1789751104595,0
1789751104963,1
1789751104963,0
1789751105322,1
1789751105323,0
1789751105694,1
1789751105695,0
1789751106062,1
1789751106062,0
1789751106455,1
1789751106455,0
1789751106854,1
1789751106855,0
1789751107248,1
1789751107249,0
1789751107587,1
1789751107588,0
1789751107959,1
1789751107960,0
1789751108330,1
1789751108330,0
1789751108688,1
1789751108688,0
1789751109095,1
1789751109096,0
1789751109491,1
1789751109491,0
1789751109888,1
1789751109888,0
1789751110469,1
1789751110469,0
1789751110803,1
1789751110803,0
1789751111136,1
1789751111136,0
1789751111468,1
1789751111469,0
1789751111801,1
1789751111801,0
1789751112135,1
1789751112135,0
1789751112496,1
1789751112496,0
1789751113042,1
1789751113042,0
1789751113405,1
1789751113405,0
1789751113773,0
1789751113774,0
1789751114193,1
1789751114193,0
1789751114397,1
1789751114397,0
1789751114598,1
1789751114598,0
1789751114958,1
1789751114958,0
1789751115601,1
1789751115601,0
1789751115808,1
1789751115808,0
1789751116167,1
1789751116168,0
1789751116548,1
1789751116548,0
1789751116914,1
1789751116914,0
1789751117282,1
1789751117282,0
1789751117653,1
1789751117653,0
1789751118196,1
1789751118197,0
1789751118766,1
1789751118766,0
1789751119135,1
1789751119135,0
1789751119498,1
1789751119499,0
1789751119833,1
1789751119833,0
1789751120166,1
1789751120167,0
1789751120494,1
1789751120494,0
1789751120886,1
1789751120887,0
1789751121084,1
1789751121084,0
1789751121294,1
1789751121294,0
1789751121644,1
1789751121644,0
1789751122045,1
1789751122045,0
1789751122651,1
1789751122651,0
1789751123046,1
1789751123046,0
1789751123440,1
1789751123440,0
1789751123835,1
1789751123835,0
1789751124200,1
1789751124201,0
1789751124598,1
1789751124599,0
1789751124963,1
1789751124963,0
1789751125323,1
1789751125324,0
1789751125688,1
1789751125688,0
1789751126082,1
1789751126082,0
1789751127232,1
1789751127232,0
1789751127574,1
1789751127574,0
1789751127966,1
1789751127966,0
1789751128362,1
1789751128363,0
1789751128752,1
1789751128752,0
1789751128965,1
1789751128966,0
1789751129177,1
1789751129178,0
1789751129383,1
1789751129383,0
1789751129589,1
1789751129589,0
1789751129926,1
1789751129927,0
1789751130263,1
1789751130263,0
1789751130799,1
1789751130799,0
1789751131139,1
1789751131139,0
1789751131474,1
1789751131474,0
1789751132274,1
1789751132274,0
1789751132611,1
1789751132612,0
1789751132948,1
1789751132949,0
1789751133364,1
1789751133365,0
1789751133703,1
1789751133704,0
1789751134904,1
1789751134904,0
1789751135299,1
1789751135300,0
1789751135644,1
1789751135645,0
1789751135860,1
1789751135860,0
1789751136056,1
1789751136056,0
1789751136396,0
1789751136396,0
1789751136723,1
1789751136723,0
1789751137055,1
1789751137055,0
1789751137394,1
1789751137395,0
1789751137930,1
1789751137930,0
1789751138268,1
1789751138268,0
1789751138669,1
1789751138670,0
1789751139239,1
1789751139239,0
1789751139574,1
1789751139574,0
1789751139916,1
1789751139917,0
1789751140253,1
1789751140253,0
1789751140587,1
1789751140588,0
1789751140956,1
1789751140957,0
1789751141289,1
1789751141289,0
1789751141652,1
1789751141653,0
1789751142424,1
1789751142424,0
1789751142758,1
1789751142758,0
1789751143102,1
1789751143103,0
1789751143445,1
1789751143445,0
1789751144015,1
1789751144015,0
1789751144376,1
1789751144376,0
1789751144588,1
1789751144589,0
1789751144951,1
1789751144951,0
1789751145350,1
1789751145350,0
1789751145685,1
1789751145686,0
1789751146023,1
1789751146023,0
1789751146364,1
1789751146364,0
1789751146702,1
1789751146702,0
1789751146913,1
1789751146913,0
1789751147251,1
1789751147251,0
1789751147463,1
1789751147463,0
1789751147795,1
1789751147795,0
1789751148130,1
1789751148131,0
1789751148486,1
1789751148486,0
1789751148836,1
1789751148836,0
1789751149188,1
1789751149189,0
1789751149551,1
1789751149551,0
1789751149940,1
1789751149940,0
1789751150338,1
1789751150339,0
1789751150736,1
1789751150737,0
1789751150944,1
1789751150944,0
1789751151297,1
1789751151297,0
1789751151653,1
1789751151653,0
1789751152838,1
1789751152839,0
1789751153452,1
1789751153453,0
1789751153850,1
1789751153850,0
1789751154242,1
1789751154242,0
1789751154816,1
1789751154816,0
1789751155182,1
1789751155183,0
1789751155556,1
1789751155557,0
1789751155892,1
1789751155892,0
1789751156267,1
1789751156267,0
1789751156669,1
1789751156669,0
1789751157068,1
1789751157068,0
1789751157457,1
1789751157457,0
1789751157835,1
1789751157836,0
1789751158228,1
1789751158228,0
1789751158623,1
1789751158623,0
1789751159026,1
1789751159027,0
1789751159427,1
1789751159428,0
1789751159823,1
1789751159824,0
1789751160253,1
1789751160254,0
1789751160450,1
1789751160450,0
1789751160655,1
1789751160655,0
1789751161020,0
1789751161020,0
1789751161352,1
1789751161352,0
1789751161679,1
1789751161680,0
1789751162025,1
1789751162025,0
1789751162605,1
1789751162605,0
1789751162974,1
1789751162974,0
1789751163192,1
1789751163192,0
1789751163397,1
1789751163397,0
1789751163788,1
1789751163788,0
1789751164134,1
1789751164134,0
1789751164466,1
1789751164466,0
1789751164805,1
1789751164805,0
1789751165149,1
1789751165149,0
1789751165753,1
1789751165753,0
1789751166090,1
1789751166090,0
1789751166307,1
1789751166307,0
1789751166501,1
1789751166501,0
1789751166884,1
1789751166885,0
1789751167209,1
1789751167210,0
1789751167543,1
1789751167543,0
1789751167875,1
1789751167875,0
1789751168455,1
1789751168455,0
1789751168820,1
1789751168820,0
1789751169163,1
1789751169164,0
1789751169500,1
1789751169500,0
1789751169894,1
1789751169895,0
1789751171120,1
1789751171120,0
1789751171712,1
1789751171712,0
1789751172102,1
1789751172103,0
1789751172499,1
1789751172499,0
1789751172885,1
1789751172885,0
1789751173830,1
1789751173831,0
1789751174208,1
1789751174208,0
1789751174566,1
1789751174566,0
1789751174907,1
1789751174907,0
1789751175126,1
1789751175127,0
1789751175334,1
1789751175334,0
1789751176916,1
1789751176916,0
1789751177306,1
1789751177307,0
1789751177701,1
1789751177702,0
1789751177912,1
1789751177912,0
1789751178314,1
1789751178314,0
1789751178715,1
1789751178715,0
1789751179107,1
1789751179107,0
1789751179523,1
1789751179523,0
1789751179730,1
1789751179730,0
1789751180295,1
1789751180295,0
1789751180511,1
1789751180511,0
1789751180904,1
1789751180904,0
1789751181278,1
1789751181279,0
1789751181683,1
1789751181683,0
1789751182075,1
1789751182075,0
1789751182289,1
1789751182289,0
1789751182622,1
1789751182623,0
1789751183014,1
1789751183015,0
1789751183621,1
1789751183621,0
1789751184421,1
1789751184421,0
1789751184808,1
1789751184808,0
1789751185209,1
1789751185211,0
1789751185983,1
1789751185983,0
1789751186193,1
1789751186193,0
1789751186405,1
1789751186405,0
1789751186610,1
1789751186610,0
1789751186813,1
1789751186813,0
1789751187213,1
1789751187214,0
1789751187430,1
1789751187430,0
1789751187757,1
1789751187758,0
1789751188098,1
1789751188098,0
1789751188431,1
1789751188431,0
1789751188767,1
1789751188767,0
1789751189607,1
1789751189607,0
1789751189990,1
1789751189990,0
1789751190381,1
1789751190381,0
1789751190597,1
1789751190598,0
1789751190956,1
1789751190956,0
1789751191283,1
1789751191283,0
1789751192500,1
1789751192501,0
1789751192715,1
1789751192715,0
1789751193069,1
1789751193069,0
1789751193286,1
1789751193287,0
1789751193493,1
1789751193493,0
1789751194088,1
1789751194088,0
1789751194489,1
1789751194490,0
1789751194887,1
1789751194887,0
1789751195253,1
1789751195253,0
1789751195595,1
1789751195596,0
1789751195928,1
1789751195929,0
1789751196314,1
1789751196314,0
1789751196658,1
1789751196658,0
1789751197894,1
1789751197894,0
1789751198281,1
1789751198281,0
1789751198887,1
1789751198887,0
1789751199274,0
1789751199275,0
1789751200461,1
1789751200461,0
1789751200810,1
1789751200810,0
1789751201179,1
1789751201179,0
1789751201529,1
1789751201529,0
1789751201863,1
1789751201864,0
1789751202469,1
1789751202469,0
1789751202872,1
1789751202873,0
1789751203266,1
1789751203266,0
1789751203660,1
1789751203660,0
1789751203988,1
1789751203988,0
1789751204489,1
1789751204489,0
1789751204822,1
1789751204823,0
1789751205162,0
1789751205163,0
1789751205532,1
1789751205532,0
1789751205868,1
1789751205868,0
1789751206200,1
1789751206200,0
1789751206536,1
1789751206537,0
1789751206926,1
1789751206926,0
1789751207295,1
1789751207296,0
1789751207658,1
1789751207659,0
1789751208052,1
1789751208052,0
1789751208432,1
1789751208433,0
1789751208826,1
1789751208827,0
1789751209836,1
1789751209836,0
1789751210032,1
1789751210033,0
1789751210393,1
1789751210393,0
1789751210604,1
1789751210604,0
1789751210814,1
1789751210814,0
1789751211143,1
1789751211143,0
1789751212646,1
1789751212646,0
1789751213056,1
1789751213056,0
1789751213435,1
1789751213435,0
1789751213807,1
1789751213808,0
1789751214206,1
1789751214206,0
1789751214605,1
1789751214605,0
1789751215223,1
1789751215224,0
1789751215555,1
1789751215555,0
1789751215894,1
1789751215894,0
1789751216097,1
1789751216097,0
1789751217250,1
1789751217250,0
1789751217584,1
1789751217584,0
1789751218158,1
1789751218158,0
1789751218366,1
1789751218366,0
1789751218699,1
1789751218699,0
1789751219037,1
1789751219039,0
1789751219373,1
1789751219374,0
1789751219708,1
1789751219708,0
1789751219927,1
1789751219927,0
1789751220462,1
1789751220462,0
1789751220861,1
1789751220861,0
1789751221258,0
1789751221259,0
1789751221591,1
1789751221592,0
1789751221951,1
1789751221951,0
1789751222302,1
1789751222302,0
1789751222653,1
1789751222653,0
1789751223046,1
1789751223046,0
1789751223453,1
1789751223454,0
1789751223843,1
1789751223843,0
1789751224054,1
1789751224055,0
1789751224624,0
1789751224624,0
1789751224835,1
1789751224835,0
1789751225040,1
1789751225041,0
1789751225246,1
1789751225246,0
1789751225454,1
1789751225454,0
1789751226050,1
1789751226051,0
1789751226394,0
1789751226395,0
1789751226758,1
1789751226758,0
1789751227121,1
1789751227122,0
1789751227492,1
1789751227493,0
1789751227704,1
1789751227704,0
1789751227919,1
1789751227920,0
1789751228126,1
1789751228126,0
1789751228954,1
1789751228954,0
1789751229359,1
1789751229360,0
1789751229753,1
1789751229754,0
1789751230114,1
1789751230115,0
1789751230486,1
1789751230486,0
1789751230841,1
1789751230841,0
1789751231206,1
1789751231206,0
1789751231794,1
1789751231795,0
1789751232193,1
1789751232193,0
1789751232999,1
1789751232999,0
1789751233372,1
1789751233373,0
1789751233735,1
1789751233735,0
1789751234099,1
1789751234099,0
1789751234505,1
1789751234505,0
1789751234896,1
1789751234896,0
1789751235290,1
1789751235290,0
1789751237239,0
1789751237240,0
1789751237637,1
1789751237637,0
1789751238262,1
1789751238262,0
1789751238660,1
1789751238660,0
1789751239054,1
1789751239054,0
1789751239447,1
1789751239447,0
1789751239663,1
1789751239663,0
1789751239989,1
1789751239989,0
1789751240325,1
1789751240326,0
1789751240543,1
1789751240544,0
1789751240904,1
1789751240904,0
1789751241283,1
1789751241284,0
1789751241656,1
1789751241657,0
1789751242019,1
1789751242019,0
1789751242372,1
1789751242372,0
1789751242723,1
1789751242723,0
1789751243106,1
1789751243106,0
1789751243322,1
1789751243323,0
1789751243708,1
1789751243708,0
1789751244027,1
1789751244027,0
1789751244369,1
1789751244369,0
1789751244734,0
1789751244734,0
1789751245708,1
1789751245708,0
1789751246076,1
1789751246076,0
1789751246439,1
1789751246439,0
1789751246805,1
1789751246805,0
1789751247381,1
1789751247382,0
1789751247697,1
1789751247697,0
1789751248021,1
1789751248021,0
1789751248353,1
1789751248353,0
1789751248668,1
1789751248668,0
1789751249002,1
1789751249002,0
1789751249372,1
1789751249372,0
1789751249708,1
1789751249709,0
1789751250066,1
1789751250067,0
1789751250433,1
1789751250433,0
1789751250852,1
1789751250852,0
1789751251063,1
1789751251063,0
1789751251268,1
1789751251268,0
1789751251617,1
1789751251617,0
1789751252007,1
1789751252007,0
1789751252397,1
1789751252398,0
1789751252793,1
1789751252793,0
1789751253152,1
1789751253152,0
1789751253350,1
1789751253351,0
1789751254490,1
1789751254490,0
1789751254678,1
1789751254678,0
1789751255043,1
1789751255043,0
1789751255414,1
1789751255414,0
1789751255780,1
1789751255780,0
1789751255997,1
1789751255997,0
1789751256990,1
1789751256991,0
1789751257209,1
1789751257209,0
1789751257413,1
1789751257413,0
1789751257731,1
1789751257731,0
1789751258109,1
1789751258109,0
1789751259429,1
1789751259429,0
1789751259811,1
1789751259811,0
1789751260181,1
1789751260182,0
1789751260569,1
1789751260569,0
1789751260940,1
1789751260941,0
1789751261336,1
1789751261337,0
1789751261548,1
1789751261548,0
1789751261755,1
1789751261755,0
1789751261969,1
1789751261969,0
1789751262361,1
1789751262361,0
1789751263137,1
1789751263138,0
1789751263536,1
1789751263537,0
1789751263863,1
1789751263863,0
1789751264186,1
1789751264186,0
1789751264531,1
1789751264531,0
1789751264888,1
1789751264888,0
1789751265197,1
1789751265197,0
1789751265535,1
1789751265535,0
1789751265883,1
1789751265883,0
1789751266068,1
1789751266068,0
1789751266259,0
1789751266260,0
1789751266443,1
1789751266443,0
1789751266973,1
1789751266973,0
1789751267338,1
1789751267338,0
1789751267681,1
1789751267681,0
1789751267879,1
1789751267879,0
1789751268197,1
1789751268197,0
1789751268529,1
1789751268535,0
1789751268849,1
1789751268849,0
1789751269259,1
1789751269259,0
1789751269584,1
1789751269585,0
1789751269922,1
1789751269923,0
1789751270266,1
1789751270266,0
1789751270605,1
1789751270605,0
1789751270968,1
1789751270969,0
1789751271179,1
1789751271179,0
1789751271509,1
1789751271509,0
1789751271905,1
1789751271906,0
1789751272301,1
1789751272301,0
1789751273309,1
1789751273309,0
1789751273702,1
1789751273702,0
1789751274077,1
1789751274077,0
1790094277599,1
1790094277607,0
1790094277995,1
1790094277995,0
1790094278245,1
1790094278245,0
1790094279517,1
1790094279517,0
1790094279751,1
1790094279751,0
1790094280004,1
1790094280004,0
1790094280276,1
1790094280276,0
1790094280637,1
1790094280637,0
1790094281002,1
1790094281002,0
1790094281380,1
1790094281380,0
1790094281996,1
1790094281996,0
1790094282401,1
1790094282401,0
1790094282777,1
1790094282777,0
1790094283151,1
1790094283151,0
1790094283511,1
1790094283511,0
1790094283869,1
1790094283869,0
1790094284263,1
1790094284263,0
1790094284627,1
1790094284627,0
1790094284846,1
1790094284846,0
1790094285646,1
1790094285646,0
1790094286728,1
1790094286728,0
1790094287067,1
1790094287067,0
1790094287379,1
1790094287379,0
1790094287771,1
1790094287771,0
1790094288135,1
1790094288135,0
1790094288467,1
1790094288467,0
1790094289130,1
1790094289130,0
1790094289527,1
1790094289527,0
1790094289886,1
1790094289887,0
1790094290261,1
1790094290261,0
1790094290658,1
1790094290658,0
1790094291047,1
1790094291047,0
1790094291440,1
1790094291440,0
1790094291860,1
1790094291860,0
1790094292084,1
1790094292084,0
1790094292411,1
1790094292411,0
1790094292743,1
1790094292743,0
1790094293133,1
1790094293133,0
1790094293480,1
1790094293480,0
1790094293884,1
1790094293884,0
1790094294213,1
1790094294213,0
1790094294563,1
1790094294563,0
1790094294895,1
1790094294895,0
1790094295227,1
1790094295227,0
1790094295438,1
1790094295438,0
1790094295641,1
1790094295641,0
1790094296062,1
1790094296062,0
1790094296421,1
1790094296421,0
1790094296641,1
1790094296641,0
1790094296984,1
1790094296984,0
1790094297331,1
1790094297331,0
1790094297660,1
1790094297660,0
1790094298083,1
1790094298083,0
1790094298444,1
1790094298444,0
1790094298824,1
1790094298824,0
1790094299032,1
1790094299032,0
1790094299423,1
1790094299423,0
1790094299632,1
1790094299632,0
1790094299839,1
1790094299839,0
1790094300059,1
1790094300059,0
1790094300279,1
1790094300279,0
1790094300667,1
1790094300667,0
1790094301062,1
1790094301062,0
1790094301267,1
1790094301267,0
1790094301485,1
1790094301485,0
1790094301689,1
1790094301689,0
1790094302048,1
1790094302048,0
1790094302240,1
1790094302240,0
1790094302463,1
1790094302463,0
1790094302662,1
1790094302662,0
1790094303025,1
1790094303025,0
1790094303367,1
1790094303367,0
1790094303697,1
1790094303697,0
1790094304028,1
1790094304028,0
1790094304417,1
1790094304417,0
1790094304639,1
1790094304639,0
1790094305112,1
1790094305112,0
1790094305467,1
1790094305467,0
1790094305934,1
1790094305934,0
1790094306345,1
1790094306345,0
1790094306737,1
1790094306737,0
1790094307146,1
1790094307146,0
1790094307556,1
1790094307556,0
1790094307928,1
1790094307928,0
1790094308146,1
1790094308146,0
1790094308503,1
1790094308503,0
1790094308926,1
1790094308926,0
1790094309286,1
1790094309286,0
1790094309646,1
1790094309646,0
1790094310005,1
1790094310005,0
1790094310366,1
1790094310366,0
1790094310573,1
1790094310573,0
1790094310976,1
1790094310976,0
1790094311305,1
1790094311305,0
1790094311694,1
1790094311694,0
1790094312089,1
1790094312089,0
1790094312480,1
1790094312481,0
1790094312685,1
1790094312685,0
1790094312911,1
1790094312911,0
1790094313112,1
1790094313112,0
1790094313501,1
1790094313501,0
1790094313859,1
1790094313859,0
1790094314310,1
1790094314310,0
1790094314670,1
1790094314670,0
1790094315042,1
1790094315042,0
1790094315415,1
1790094315415,0
1790094315778,1
1790094315778,0
1790094316136,1
1790094316136,0
1790094316510,1
1790094316510,0
1790094316840,1
1790094316840,0
1790094317244,1
1790094317244,0
1790094317585,1
1790094317585,0
1790094317940,1
1790094317941,0
1790094318315,1
1790094318315,0
1790094318743,1
1790094318743,0
1790094319150,1
1790094319150,0
1790094319648,1
1790094319648,0
1790094320042,1
1790094320042,0
1790094320421,1
1790094320421,0
1790094320708,1
1790094320708,0
1790094321250,1
1790094321250,0
1790094321681,1
1790094321681,0
1790094322075,1
1790094322075,0
1790094322510,1
1790094322510,0
1790094322778,1
1790094322778,0
1790094323132,1
1790094323132,0
1790094323540,1
1790094323540,0
1790094323917,1
1790094323917,0
1790094324256,1
1790094324256,0
1790094324649,1
1790094324649,0
1790094324980,1
1790094324980,0
1790094325308,1
1790094325308,0
1790094325697,1
1790094325697,0
1790094326166,1
1790094326166,0
1790094326371,1
1790094326371,0
1790094326577,1
1790094326577,0
1790094326950,1
1790094326950,0
1790094327326,1
1790094327326,0
1790094327685,1
1790094327685,0
1790094328050,1
1790094328050,0
1790094328473,1
1790094328473,0
1790094328899,1
1790094328899,0
1790094329332,1
1790094329332,0
1790094329692,1
1790094329692,0
1790094330071,1
1790094330071,0
1790094330490,1
1790094330490,0
1790094330894,1
1790094330894,0
1790094331274,1
1790094331274,0
1790094331646,1
1790094331646,0
1790094331989,1
1790094331989,0
1790094332344,1
1790094332344,0
1790094332700,1
1790094332701,0
1790094332924,1
1790094332924,0
1790094333253,1
1790094333253,0
1790094333580,1
1790094333580,0
1790094334112,1
1790094334112,0
1790094334516,1
1790094334516,0
1790094334847,1
1790094334847,0
1790094335192,1
1790094335192,0
1790094335394,1
1790094335394,0
1790094335910,1
1790094335910,0
1790094336298,1
1790094336298,0
1790094336710,1
1790094336710,0
1790094337071,1
1790094337071,0
1790094337440,1
1790094337440,0
1790094337850,1
1790094337850,0
1790094338179,1
1790094338179,0
1790094338519,1
1790094338519,0
1790094338864,1
1790094338864,0
1790094339321,1
1790094339321,0
1790094339808,1
1790094339808,0
1790094340250,1
1790094340250,0
1790094340673,1
1790094340673,0
1790094340897,1
1790094340897,0
1790094341351,1
1790094341351,0
1790094341812,1
1790094341812,0
1790094342220,1
1790094342220,0
1790094342537,1
1790094342537,0
1790094342850,1
1790094342850,0
1790094343193,1
1790094343193,0
1790094343441,1
1790094343441,0
1790094343941,1
1790094343941,0
1790094344560,1
1790094344560,0
1790094344782,1
1790094344782,0
1790094344998,1
1790094344998,0
1790094345222,1
1790094345222,0
1790094345439,1
1790094345439,0
1790094345863,1
1790094345863,0
1790094346284,1
1790094346284,0
1790094346611,1
1790094346611,0
1790094346941,1
1790094346941,0
1790094347269,1
1790094347269,0
1790094347643,1
1790094347643,0
1790094348004,1
1790094348004,0
1790094348377,1
1790094348377,0
1790094348737,1
1790094348737,0
1790094349177,1
1790094349177,0
1790094349745,1
1790094349745,0
1790094349985,1
1790094349985,0
1790094350274,1
1790094350274,0
1790094350506,1
1790094350506,0
1790094350792,0
1790094350792,0
1790094351055,1
1790094351055,0
1790094351414,1
1790094351414,0
1790094351777,1
1790094351777,0
1790094352413,1
1790094352413,0
1790094352877,1
1790094352877,0
1790094353367,1
1790094353367,0
1790094353769,1
1790094353769,0
1790094354260,1
1790094354260,0
1790094354619,1
1790094354619,0
1790094354962,1
1790094354962,0
1790094355415,1
1790094355415,0
1790094355742,1
1790094355742,0
1790094356069,1
1790094356069,0
1790094356399,1
1790094356399,0
1790094356775,1
1790094356775,0
1790094357116,1
1790094357116,0
1790094357394,1
1790094357394,0
1790094357599,1
1790094357599,0
1790094358068,1
1790094358068,0
1790094358489,1
1790094358489,0
1790094358894,1
1790094358894,0
1790094359352,1
1790094359352,0
1790094359602,1
1790094359602,0
1790094359916,1
1790094359916,0
1790094360277,1
1790094360277,0
1790094360639,1
1790094360639,0
1790094360890,1
1790094360890,0
1790094361261,1
1790094361261,0
1790094361633,1
1790094361633,0
1790094362025,1
1790094362025,0
1790094362443,1
1790094362443,0
1790094362821,1
1790094362821,0
1790094363210,1
1790094363210,0
1790094363491,1
1790094363491,0
1790094363911,1
1790094363911,0
1790094364331,1
1790094364331,0
1790094364597,1
1790094364597,0
1790094365074,1
1790094365074,0
1790094365498,1
1790094365498,0
1790094365946,1
1790094365946,0
1790094366397,1
1790094366397,0
1790094366634,1
1790094366634,0
1790094366884,1
1790094366884,0
1790094367194,1
1790094367194,0
1790094367527,1
1790094367527,0
1790094367789,1
1790094367789,0
1790094368038,1
1790094368038,0
1790094368334,1
1790094368334,0
1790094368768,1
1790094368768,0
1790094369115,1
1790094369115,0
1790094369679,1
1790094369679,0
1790094369945,1
1790094369945,0
1790094370208,1
1790094370208,0
1790094370493,1
1790094370493,0
1790094370759,1
1790094370759,0
1790094371024,1
1790094371024,0
1790094371287,1
1790094371287,0
1790094371616,1
1790094371616,0
1790094372442,1
1790094372442,0
1790094372880,1
1790094372880,0
1790094373301,1
1790094373301,0
1790094373689,1
1790094373689,0
1790094374061,1
1790094374061,0
1790094374503,1
1790094374503,0
1790094374938,1
1790094374938,0
1790094375193,1
1790094375193,0
1790094375641,1
1790094375641,0
1790094376093,1
1790094376093,0
1790094376515,1
1790094376515,0
1790094376925,1
1790094376925,0
1790094377296,1
1790094377296,0
1790094377747,1
1790094377747,0
1790094378184,1
1790094378184,0
1790094378606,1
1790094378606,0
1790094379058,1
1790094379058,0
1790094379464,1
1790094379464,0
1790094379889,1
1790094379890,0
1790094380283,1
1790094380283,0
1790094380656,1
1790094380656,0
1790094381049,1
1790094381049,0
1790094381436,1
1790094381436,0
1790094381807,1
1790094381807,0
1790094382242,1
1790094382242,0
1790094382611,1
1790094382611,0
1790094382952,1
1790094382952,0
1790094383311,1
1790094383313,0
1790094383756,1
1790094383756,0
1790094384206,1
1790094384206,0
1790094384608,1
1790094384608,0
1790094385074,1
1790094385074,0
1790094385481,1
1790094385481,0
1790094385876,1
1790094385876,0
1790094386309,1
1790094386309,0
1790094386665,1
1790094386665,0
1790094387225,1
1790094387225,0
1790094387908,1
1790094387908,0
1790094388250,1
1790094388250,0
1790094388577,1
1790094388577,0
1790094389073,1
1790094389073,0
1790094389526,1
1790094389526,0
1790094390194,1
1790094390194,0
1790094390570,1
1790094390570,0
1790094390787,1
1790094390787,0
1790094391006,1
1790094391006,0
1790094391258,1
1790094391258,0
1790094391565,1
1790094391565,0
1790094391782,1
1790094391782,0
1790094391985,1
1790094391985,0
1790094392360,1
1790094392360,0
1790094392763,1
1790094392763,0
1790094393229,1
1790094393229,0
1790094393428,1
1790094393428,0
1790094393818,1
1790094393818,0
1790094394297,1
1790094394297,0
1790094394970,1
1790094394970,0
1790094395231,1
1790094395231,0
1790094395640,1
1790094395640,0
1790094396032,1
1790094396032,0
1790094396434,1
1790094396434,0
1790094396685,1
1790094396685,0
1790094397075,1
1790094397075,0
1790094397465,1
1790094397465,0
1790094397856,1
1790094397856,0
1790094398136,1
1790094398136,0
1790094398542,1
1790094398542,0
1790094398963,1
1790094398963,0
1790094399386,1
1790094399386,0
1790094399824,1
1790094399824,0
1790094400258,1
1790094400258,0
1790094400510,1
1790094400510,0
1790094400776,1
1790094400776,0
1790094401041,1
1790094401041,0
1790094401288,1
1790094401288,0
1790094401698,1
1790094401698,0
1790094402138,1
1790094402138,0
1790094402593,1
1790094402593,0
1790094402936,1
1790094402936,0
1790094403546,1
1790094403546,0
1790094404049,1
1790094404049,0
1790094404472,1
1790094404472,0
1790094404741,1
1790094404741,0
1790094405179,1
1790094405179,0
1790094405641,1
1790094405641,0
1790094406090,1
1790094406090,0
1790094406524,0
1790094406524,0
1790094406898,0
1790094406898,0
1790094407341,1
1790094407341,0
1790094407695,1
1790094407695,0
1790094408057,1
1790094408057,0
1790094408325,1
1790094408325,0
1790094408620,1
1790094408620,0
1790094408881,1
1790094408881,0
1790094409165,1
1790094409165,0
1790094409557,1
1790094409557,0
1790094409808,1
1790094409808,0
1790094410080,1
1790094410080,0
1790094410436,1
1790094410436,0
1790094410889,1
1790094410889,0
1790094411316,1
1790094411316,0
1790094411815,1
1790094411815,0
1790094412252,1
1790094412252,0
1790094412677,1
1790094412677,0
1790094413099,1
1790094413099,0
1790094413555,1
1790094413555,0
1790094413774,1
1790094413774,0
1790094414183,1
1790094414183,0
1790094414560,1
1790094414560,0
1790094414940,1
1790094414940,0
1790094415380,1
1790094415380,0
1790094415648,1
1790094415648,0
1790094415900,1
1790094415900,0
1790094416148,1
1790094416148,0
1790094416556,1
1790094416556,0
1790094416946,1
1790094416946,0
1790094417416,1
1790094417416,0
1790094417808,1
1790094417808,0
1790094418276,1
1790094418276,0
1790094418733,1
1790094418733,0
1790094419114,1
1790094419114,0
1790094419485,1
1790094419485,0
1790094419859,1
1790094419859,0
1790094420336,1
1790094420336,0
1790094420634,1
1790094420634,0
1790094420884,1
1790094420884,0
1790094421198,1
1790094421198,0
1790094421454,1
1790094421454,0
1790094421699,1
1790094421699,0
1790094422062,1
1790094422062,0
1790094422422,1
1790094422422,0
1790094422816,1
1790094422816,0
1790094423209,1
1790094423209,0
1790094423581,1
1790094423581,0
1790094423849,1
1790094423849,0
1790094424239,1
1790094424239,0
1790094424615,1
1790094424615,0
1790094425006,1
1790094425006,0
1790094425413,1
1790094425413,0
1790094425790,1
1790094425790,0
1790094425983,1
1790094425983,0
1790094426448,1
1790094426448,0
1790094426841,1
1790094426841,0
1790094427205,1
1790094427205,0
1790094427590,1
1790094427590,0
1790094428029,1
1790094428029,0
1790094428408,1
1790094428408,0
1790094428873,1
1790094428873,0
1790094429347,1
1790094429347,0
1790094429698,1
1790094429698,0
1790094430138,1
1790094430138,0
1790094430359,1
1790094430359,0
1790094430613,1
1790094430613,0
1790094430851,1
1790094430851,0
1790094431101,1
1790094431101,0
1790094431338,1
1790094431338,0
1790094431775,1
1790094431775,0
1790094431996,1
1790094431996,0
1790094432419,1
1790094432419,0
1790094432825,1
1790094432825,0
1790094433298,1
1790094433298,0
1790094433659,1
1790094433659,0
1790094434050,1
1790094434050,0
1790094434427,1
1790094434427,0
1790094434783,1
1790094434783,0
1790094435161,1
1790094435161,0
1790094435579,1
1790094435579,0
1790094436008,1
1790094436008,0
1790094436695,1
1790094436695,0
1790094436992,1
1790094436992,0
1790094437212,1
1790094437212,0
1790094437454,1
1790094437454,0
1790094437857,1
1790094437857,0
1790094438483,1
1790094438483,0
1790094438720,1
1790094438720,0
1790094438953,1
1790094438953,0
1790094439257,1
1790094439257,0
1790094439690,1
1790094439690,0
1790094440348,1
1790094440348,0
1790094440584,1
1790094440584,0
1790094440973,1
1790094440973,0
1790094441335,1
1790094441335,0
1790094441740,1
1790094441740,0
1790094441939,1
1790094441939,0
1790094442144,1
1790094442144,0
1790094442415,1
1790094442415,0
1790094442636,1
1790094442636,0
1790094443289,1
1790094443289,0
1790094443637,1
1790094443638,0
1790094443979,1
1790094443979,0
1790094444338,1
1790094444338,0
1790094444574,1
1790094444574,0
1790094445007,1
1790094445007,0
1790094445447,1
1790094445447,0
1790094445696,1
1790094445696,0
1790094445950,1
1790094445950,0
1790094446373,1
1790094446373,0
1790094446731,1
1790094446731,0
1790094447106,1
1790094447106,0
1790094447340,1
1790094447340,0
1790094447713,1
1790094447713,0
1790094448121,1
1790094448121,0
1790094448574,1
1790094448574,0
1790094448984,1
1790094448984,0
1790094449237,1
1790094449237,0
1790094449675,1
1790094449675,0
1790094450150,1
1790094450150,0
1790094450572,1
1790094450572,0
1790094451006,1
1790094451006,0
1790094451497,1
1790094451497,0
1790094451746,1
1790094451746,0
1790094452141,1
1790094452141,0
1790094452512,1
1790094452512,0
1790094452873,1
1790094452873,0
1790094453329,1
1790094453329,0
1790094453753,1
1790094453753,0
1790094454188,1
1790094454188,0
1790094454544,1
1790094454544,0
1790094454797,1
1790094454797,0
1790094455063,1
1790094455063,0
1790094455469,1
1790094455469,0
1790094455891,1
1790094455891,0
1790094456404,1
1790094456404,0
1790094456780,1
1790094456780,0
1790094457137,1
1790094457137,0
1790094457514,1
1790094457514,0
1790094457718,1
1790094457718,0
1790094457939,1
1790094457939,0
1790094458339,1
1790094458339,0
1790095554208,1
1790095554216,0
1790095554790,1
1790095554790,0
1790095555048,1
1790095555048,0
1790095556126,1
1790095556126,0
1790095556347,1
1790095556347,0
1790095556575,1
1790095556575,0
1790095556791,1
1790095556791,0
1790095557185,1
1790095557185,0
1790095557566,1
1790095557566,0
1790095557922,1
1790095557922,0
1790095558528,1
1790095558528,0
1790095558938,1
1790095558938,0
1790095559318,1
1790095559318,0
1790095559693,1
1790095559693,0
1790095560059,1
1790095560059,0
1790095560429,1
1790095560429,0
1790095560790,1
1790095560790,0
1790095561151,1
1790095561151,0
1790095561378,1
1790095561378,0
1790095562220,1
1790095562220,0
1790095563377,1
1790095563377,0
1790095563717,1
1790095563717,0
1790095564048,1
1790095564048,0
1790095564498,1
1790095564498,0
1790095564909,1
1790095564909,0
1790095565282,1
1790095565282,0
1790095567588,1
1790095567588,0
1790095568042,1
1790095568042,0
1790095568407,1
1790095568407,0
1790095568814,1
1790095568814,0
1790095569241,1
1790095569241,0
1790095569668,1
1790095569668,0
1790095570056,1
1790095570056,0
1790095570450,1
1790095570450,0
1790095570664,1
1790095570664,0
1790095571002,1
1790095571002,0
1790095571355,1
1790095571355,0
1790095571775,1
1790095571775,0
1790095572136,1
1790095572136,0
1790095572570,1
1790095572570,0
1790095572895,1
1790095572895,0
1790095573250,1
1790095573250,0
1790095573593,1
1790095573593,0
1790095573946,1
1790095573946,0
1790095574187,1
1790095574187,0
1790095574421,1
1790095574421,0
1790095575027,1
1790095575027,0
1790095575429,1
1790095575429,0
1790095575662,1
1790095575662,0
1790095576018,1
1790095576018,0
1790095576378,1
1790095576378,0
1790095576726,1
1790095576726,0
1790095577321,1
1790095577321,0
1790095577694,1
1790095577694,0
1790095578067,1
1790095578067,0
1790095578299,1
1790095578299,0
1790095578713,1
1790095578713,0
1790095578920,1
1790095578920,0
1790095579133,1
1790095579133,0
1790095579338,1
1790095579338,0
1790095579544,1
1790095579544,0
1790095579948,1
1790095579948,0
1790095580338,1
1790095580338,0
1790095580547,1
1790095580547,0
1790095580763,1
1790095580763,0
1790095580973,1
1790095580973,0
1790095581337,1
1790095581337,0
1790095581541,1
1790095581541,0
1790095581761,1
1790095581761,0
1790095581974,1
1790095581974,0
1790095582343,1
1790095582343,0
1790095582668,1
1790095582668,0
1790095583017,1
1790095583017,0
1790095583354,1
1790095583354,0
1790095583754,1
1790095583754,0
1790095583992,1
1790095583992,0
1790095585052,1
1790095585052,0
1790095585431,1
1790095585431,0
1790095586035,1
1790095586035,0
1790095586437,1
1790095586437,0
1790095586827,1
1790095586827,0
1790095587688,1
1790095587688,0
1790095588076,1
1790095588076,0
1790095588426,1
1790095588426,0
1790095588645,1
1790095588645,0
1790095589002,1
1790095589002,0
1790095589390,1
1790095589390,0
1790095589768,1
1790095589768,0
1790095590145,1
1790095590145,0
1790095590501,1
1790095590501,0
1790095590873,1
1790095590873,0
1790095591083,1
1790095591083,0
1790095591479,1
1790095591479,0
1790095591820,1
1790095591820,0
1790095592209,1
1790095592209,0
1790095592602,1
1790095592602,0
1790095593002,1
1790095593003,0
1790095593214,1
1790095593214,0
1790095593422,1
1790095593422,0
1790095593623,1
1790095593623,0
1790095594174,1
1790095594174,0
1790095594504,1
1790095594504,0
1790095595069,1
1790095595069,0
1790095595429,0
1790095595429,0
1790095595797,1
1790095595797,0
1790095596149,1
1790095596149,0
1790095596524,1
1790095596524,0
1790095596883,1
1790095596883,0
1790095597269,1
1790095597269,0
1790095597605,1
1790095597605,0
1790095598226,1
1790095598226,0
1790095598690,1
1790095598690,0
1790095599147,1
1790095599147,0
1790095599554,1
1790095599554,0
1790095599954,1
1790095599954,0
1790095600327,1
1790095600327,0
1790095600757,1
1790095600757,0
1790095601117,1
1790095601117,0
1790095601440,1
1790095601440,0
1790095601655,1
1790095601655,0
1790095602491,1
1790095602491,0
1790095602854,1
1790095602854,0
1790095603221,1
1790095603221,0
1790095603575,1
1790095603575,0
1790095603779,1
1790095603779,0
1790095604123,1
1790095604123,0
1790095604506,1
1790095604506,0
1790095604834,1
1790095604834,0
1790095605168,0
1790095605168,0
1790095605727,1
1790095605727,0
1790095606069,1
1790095606069,0
1790095606395,1
1790095606395,0
1790095606760,1
1790095606760,0
1790095607515,1
1790095607515,0
1790095607739,1
1790095607739,0
1790095607957,1
1790095607957,0
1790095608323,1
1790095608323,0
1790095608693,1
1790095608693,0
1790095609052,1
1790095609052,0
1790095609418,0
1790095609418,0
1790095609789,1
1790095609789,0
1790095610186,1
1790095610186,0
1790095610579,1
1790095610579,0
1790095610921,1
1790095610921,0
1790095611264,1
1790095611264,0
1790095611673,1
1790095611673,0
1790095612036,1
1790095612036,0
1790095612399,1
1790095612399,0
1790095612754,1
1790095612754,0
1790095613093,1
1790095613093,0
1790095613445,1
1790095613445,0
1790095613809,1
1790095613809,0
1790095614012,1
1790095614012,0
1790095614338,1
1790095614338,0
1790095614671,1
1790095614671,0
1790095615944,1
1790095615944,0
1790095616340,1
1790095616340,0
1790095616665,1
1790095616665,0
1790095617011,1
1790095617011,0
1790095617219,1
1790095617219,0
1790095618270,1
1790095618270,0
1790095618666,1
1790095618666,0
1790095619076,1
1790095619076,0
1790095619463,1
1790095619463,0
1790095619837,1
1790095619837,0
1790095620450,1
1790095620450,0
1790095620810,1
1790095620810,0
1790095621161,1
1790095621161,0
1790095621512,0
1790095621512,0
1790095622065,1
1790095622065,0
1790095622467,1
1790095622467,0
1790095622882,1
1790095622882,0
1790095623305,1
1790095623305,0
1790095623546,1
1790095623546,0
1790095623958,1
1790095623958,0
1790095624345,1
1790095624345,0
1790095624733,1
1790095624733,0
1790095624936,1
1790095624936,0
1790095625146,1
1790095625146,0
1790095625362,1
1790095625362,0
1790095625571,1
1790095625571,0
1790095625940,1
1790095625940,0
1790095626346,1
1790095626346,0
1790095626562,1
1790095626562,0
1790095626794,1
1790095626794,0
1790095627014,1
1790095627014,0
1790095627228,1
1790095627228,0
1790095627640,1
1790095627640,0
1790095628086,1
1790095628086,0
1790095628468,0
1790095628468,0
1790095628828,1
1790095628828,0
1790095629315,1
1790095629315,0
1790095629699,1
1790095629699,0
1790095630053,1
1790095630053,0
1790095630439,1
1790095630439,0
1790095630803,1
1790095630803,0
1790095631203,1
1790095631203,0
1790095632038,1
1790095632038,0
1790095632328,1
1790095632328,0
1790095633078,1
1790095633078,0
1790095633445,1
1790095633445,0
1790095633758,1
1790095633758,0
1790095634033,1
1790095634033,0
1790095634425,1
1790095634425,0
1790095634771,1
1790095634771,0
1790095635838,1
1790095635838,0
1790095636246,1
1790095636246,0
1790095636637,1
1790095636637,0
1790095637030,1
1790095637030,0
1790095637702,1
1790095637702,0
1790095638219,1
1790095638219,0
1790095638667,1
1790095638667,0
1790095639711,1
1790095639711,0
1790095640045,1
1790095640045,0
1790095640382,1
1790095640382,0
1790095640727,1
1790095640727,0
1790095641095,1
1790095641095,0
1790095641446,1
1790095641446,0
1790095641928,1
1790095641928,0
1790095642214,1
1790095642214,0
1790095642856,1
1790095642856,0
1790095643356,1
1790095643356,0
1790095643866,1
1790095643866,0
1790095644246,1
1790095644246,0
1790095644458,1
1790095644458,0
1790095644691,1
1790095644691,0
1790095645033,1
1790095645033,0
1790095645406,1
1790095645406,0
1790095645628,1
1790095645628,0
1790095645967,1
1790095645967,0
1790095646311,1
1790095646311,0
1790095646634,1
1790095646634,0
1790095646988,1
1790095646988,0
1790095647404,0
1790095647404,0
1790095647873,1
1790095647873,0
1790095648276,1
1790095648276,0
1790095648729,1
1790095648729,0
1790095649115,1
1790095649115,0
1790095649456,1
1790095649456,0
1790095649906,1
1790095649906,0
1790095650304,1
1790095650304,0
1790095650695,0
1790095650695,0
1790095651102,1
1790095651102,0
1790095651330,1
1790095651330,0
1790095651562,1
1790095651562,0
1790095652006,1
1790095652006,0
1790095652549,1
1790095652549,0
1790095652860,1
1790095652860,0
1790095653235,1
1790095653235,0
1790095653551,1
1790095653551,0
1790095654007,1
1790095654007,0
1790095654445,1
1790095654445,0
1790095655308,1
1790095655308,0
1790095655609,1
1790095655609,0
1790095655859,1
1790095655859,0
1790095656088,1
1790095656088,0
1790095656319,1
1790095656319,0
1790095656542,1
1790095656542,0
1790095656763,1
1790095656763,0
1790095657206,1
1790095657206,0
1790095659115,1
1790095659115,0
1790095659511,1
1790095659511,0
1790095659870,1
1790095659870,0
1790095660266,1
1790095660266,0
1790095660635,1
1790095660635,0
1790095661007,1
1790095661007,0
1790095661363,1
1790095661363,0
1790095661573,1
1790095661573,0
1790095661978,1
1790095661978,0
1790095662371,1
1790095662371,0
1790095662750,1
1790095662750,0
1790095663089,1
1790095663089,0
1790095663418,1
1790095663418,0
1790095663818,1
1790095663818,0
1790095664282,1
1790095664282,0
1790095664802,1
1790095664802,0
1790095665334,1
1790095665334,0
1790095666043,1
1790095666043,0
1790095666389,1
1790095666389,0
1790095666721,1
1790095666721,0
1790095667039,1
1790095667039,0
1790095667369,1
1790095667369,0
1790095667705,1
1790095667705,0
1790095668047,1
1790095668047,0
1790095668408,1
1790095668408,0
1790095668743,1
1790095668743,0
1790095669087,1
1790095669087,0
1790095669522,1
1790095669522,0
1790095669923,1
1790095669923,0
1790095670317,1
1790095670317,0
1790095670737,1
1790095670737,0
1790095671145,1
1790095671145,0
1790095671514,1
1790095671514,0
1790095671867,1
1790095671867,0
1790095672253,1
1790095672253,0
1790095672602,1
1790095672602,0
1790095673549,1
1790095673549,0
1790095674859,1
1790095674859,0
1790095675220,1
1790095675220,0
1790095675562,1
1790095675562,0
1790095675983,1
1790095675983,0
1790095676392,1
1790095676392,0
1790095677694,1
1790095677694,0
1790095678060,1
1790095678060,0
1790095678437,1
1790095678437,0
1790095678806,1
1790095678806,0
1790095679111,1
1790095679111,0
1790095679814,1
1790095679814,0
1790095680040,1
1790095680040,0
1790095680255,1
1790095680255,0
1790095680600,1
1790095680600,0
1790095680985,1
1790095680985,0
1790095681382,1
1790095681382,0
1790095681592,1
1790095681592,0
1790095681980,1
1790095681980,0
1790095682386,1
1790095682386,0
1790095683989,0
1790095683989,0
1790095684278,1
1790095684278,0
1790095684716,1
1790095684716,0
1790095685129,1
1790095685129,0
1790095685551,1
1790095685551,0
1790095685766,1
1790095685766,0
1790095686102,1
1790095686102,0
1790095686433,1
1790095686433,0
1790095686782,1
1790095686782,0
1790095686993,1
1790095686993,0
1790095687377,1
1790095687377,0
1790095687740,1
1790095687740,0
1790095688147,1
1790095688147,0
1790095688552,1
1790095688552,0
1790095688942,1
1790095688942,0
1790095689184,1
1790095689184,0
1790095689400,1
1790095689400,0
1790095689613,1
1790095689613,0
1790095689848,1
1790095689848,0
1790095690217,1
1790095690217,0
1790095690603,1
1790095690603,0
1790095691183,1
1790095691183,0
1790095691512,1
1790095691512,0
1790095692719,1
1790095692719,0
1790095693534,1
1790095693534,0
1790095693902,1
1790095693902,0
1790095694118,1
1790095694118,0
1790095694559,1
1790095694559,0
1790095695121,1
1790095695121,0
1790095695637,1
1790095695637,0
1790095696182,1
1790095696182,0
1790095696544,1
1790095696544,0
1790095697221,1
1790095697221,0
1790095697574,1
1790095697574,0
1790095697963,1
1790095697963,0
1790095698287,1
1790095698287,0
1790095698541,1
1790095698541,0
1790095698795,1
1790095698795,0
1790095699056,1
1790095699056,0
1790095699439,1
1790095699439,0
1790095699648,1
1790095699648,0
1790095699879,1
1790095699879,0
1790095700278,1
1790095700278,0
1790095700727,1
1790095700727,0
1790095701212,1
1790095701212,0
1790095701626,1
1790095701626,0
1790095702014,1
1790095702014,0
1790095702410,1
1790095702410,0
1790095702818,1
1790095702818,0
1790095703208,1
1790095703208,0
1790095703420,1
1790095703420,0
1790095703774,1
1790095703774,0
1790095704115,1
1790095704115,0
1790095704440,1
1790095704440,0
1790095704830,1
1790095704830,0
1790095705048,1
1790095705048,0
1790095705266,1
1790095705266,0
1790095705488,0
1790095705488,0
1790095705878,1
1790095705878,0
1790095706281,1
1790095706281,0
1790095706679,1
1790095706679,0
1790095707078,1
1790095707078,0
1790095707463,1
1790095707463,0
1790095708072,1
1790095708072,0
1790095708576,1
1790095708576,0
1790095708956,1
1790095708956,0
1790095709312,1
1790095709312,0
1790095709893,1
1790095709893,0
1790095710337,1
1790095710337,0
1790095710558,1
1790095710558,0
1790095711075,1
1790095711075,0
1790095711338,1
1790095711338,0
1790095711599,1
1790095711599,0
1790095711992,1
1790095711992,0
1790095712368,1
1790095712368,0
1790095712714,1
1790095712714,0
1790095713157,1
1790095713157,0
1790095713512,1
1790095713512,0
1790095713718,1
1790095713718,0
1790095714065,1
1790095714065,0
1790095714389,1
1790095714389,0
1790095714788,1
1790095714788,0
1790095715169,1
1790095715169,0
1790095715565,1
1790095715565,0
1790095715827,1
1790095715827,0
1790095716408,1
1790095716408,0
1790095716758,1
1790095716758,0
1790095717121,1
1790095717121,0
1790095717490,1
1790095717490,0
1790095717850,1
1790095717850,0
1790095718222,1
1790095718222,0
1790095718830,1
1790095718830,0
1790095719233,1
1790095719233,0
1790095719561,1
1790095719561,0
1790095720147,1
1790095720147,0
1790095720365,1
1790095720365,0
1790095720591,1
1790095720591,0
1790095720809,1
1790095720809,0
1790095721054,0
1790095721054,0
1790095721304,0
1790095721304,0
1790095721732,0
1790095721732,0
1790095722019,1
1790095722019,0
1790095722421,1
1790095722421,0
1790095722793,1
1790095722793,0
1790095723239,1
1790095723239,0
1790095723571,1
1790095723571,0
1790095723919,1
1790095723919,0
1790095724265,1
1790095724265,0
1790095724624,0
1790095724630,0
1790095725335,1
1790095725335,0
1790095725728,1
1790095725728,0
1790095726168,1
1790095726168,0
1790095727441,1
1790095727441,0
1790095727875,1
1790095727875,0
1790095728179,1
1790095728179,0
1790095728417,1
1790095728417,0
1790095728837,1
1790095728837,0
1790095730051,1
1790095730051,0
1790095730306,1
1790095730306,0
1790095730538,1
1790095730538,0
1790095731036,1
1790095731036,0
1790095731447,1
1790095731447,0
1790095732910,1
1790095732910,0
1790095733263,1
1790095733263,0
1790095733661,1
1790095733661,0
1790095734012,1
1790095734012,0
1790095734406,1
1790095734406,0
1790095734630,1
1790095734630,0
1790095734861,1
1790095734861,0
1790095735088,1
1790095735088,0
1790095735311,1
1790095735311,0
1790095736941,1
1790095736941,0
1790095737301,1
1790095737301,0
1790095737669,1
1790095737669,0
1790095738009,0
1790095738009,0
1790095738226,1
1790095738226,0
1790095738669,1
1790095738669,0
1790095739073,1
1790095739073,0
1790095739287,1
1790095739287,0
1790095739516,1
1790095739516,0
1790095740083,1
1790095740083,0
1790095740426,1
1790095740426,0
1790095740767,1
1790095740767,0
1790095740987,1
1790095740987,0
1790095741354,1
1790095741354,0
1790095741729,1
1790095741729,0
1790095742129,1
1790095742129,0
1790095742497,1
1790095742497,0
1790095742709,1
1790095742709,0
1790095743114,1
1790095743114,0
1790095743512,1
1790095743512,0
1790095743908,0
1790095743909,0
1790095744309,1
1790095744309,0
1790095744953,1
1790095744953,0
1790095745189,1
1790095745189,0
1790095745526,1
1790095745526,0
1790095745865,1
1790095745865,0
1790095746207,1
1790095746207,0
1790095746610,1
1790095746610,0
1790095746997,1
1790095746997,0
1790095747394,1
1790095747395,0
1790095747738,1
1790095747738,0
1790095747963,1
1790095747963,0
1790095748185,1
1790095748185,0
1790095748577,1
1790095748577,0
1790095748959,1
1790095748959,0
1790095749532,1
1790095749532,0
1790095749904,1
1790095749904,0
1790095750265,1
1790095750265,0
1790095750642,1
1790095750642,0
1790095750854,1
1790095750854,0
1790095751073,1
1790095751073,0
1790095751481,1
1790095751481,0
1790095751827,1
1790095751827,0
1790095752172,1
1790095752172,0
1790095752566,1
1790095752566,0
1790095753582,1
1790095753582,0
1790095754376,1
1790095754376,0
1790095754797,1
1790095754797,0
1790095755201,1
1790095755201,0
1790095755608,1
1790095755609,0
1790095756009,1
1790095756009,0
1790095756411,1
1790095756411,0
1790095756812,1
1790095756812,0
1790095757149,0
1790095757149,0
1790095757478,1
1790095757478,0
1790095757702,1
1790095757702,0
1790095758075,1
1790095758075,0
1790095758449,1
1790095758449,0
1790095759014,1
1790095759014,0
1790095759363,1
1790095759363,0
1790095759705,1
1790095759705,0
1790095760081,1
1790095760081,0
1790095760506,1
1790095760506,0
1790095760928,1
1790095760928,0
1790095761551,1
1790095761551,0
1790095761985,1
1790095761985,0
1790095762196,1
1790095762196,0
1790095762415,1
1790095762415,0
1790095762623,1
1790095762623,0
1790095763028,1
1790095763028,0
1790095763237,1
1790095763237,0
1790095764156,1
1790095764156,0
1790095764413,0
1790095764413,0
1790095764700,1
1790095764700,0
1790095764987,1
1790095764987,0
1790095765400,1
1790095765400,0
1790095765631,1
1790095765631,0
1790095765881,1
1790095765881,0
1790095766285,1
1790095766285,0
1790095766742,1
1790095766742,0
1790095767093,1
1790095767093,0
1790095769119,1
1790095769119,0
1790095769511,1
1790095769511,0
1790095769709,1
1790095769709,0
1790095770041,1
1790095770041,0
1790095770381,1
1790095770381,0
1790095770721,1
1790095770721,0
1790095770935,1
1790095770935,0
1790095771316,1
1790095771316,0
1790095771682,1
1790095771682,0
1790095771887,1
1790095771887,0
1790095772311,1
1790095772311,0
1790095772677,1
1790095772677,0
1790095773045,1
1790095773045,0
1790095773469,0
1790095773469,0
1790095773848,1
1790095773848,0
1790095774271,1
1790095774271,0
1790095774636,1
1790095774636,0
1790095774840,1
1790095774840,0
1790095775695,1
1790095775695,0
1790095776092,1
1790095776092,0
1790095776487,1
1790095776487,0
1790095776879,1
1790095776879,0
1790095777223,1
1790095777223,0
1790095777590,1
1790095777590,0
1790095777951,0
1790095777951,0
1790095778340,1
1790095778340,0
1790095778676,1
1790095778676,0
1790095779274,1
1790095779274,0
1790095779671,1
1790095779671,0
1790095780076,0
1790095780076,0
1790095780473,1
1790095780473,0
1790095780819,1
1790095780819,0
1790095781175,1
1790095781175,0
1790095781387,1
1790095781387,0
1790095781738,1
1790095781738,0
1790095782108,1
1790095782108,0
1790095782466,1
1790095782466,0
1790095783308,1
1790095783308,0
1790095783641,1
1790095783641,0
1790095783982,1
1790095783982,0
1790095784373,1
1790095784373,0
1790095784714,1
1790095784714,0
1790095784919,1
1790095784919,0
1790095785138,1
1790095785138,0
1790095785343,1
1790095785343,0
1790095785550,1
1790095785550,0
1790095785778,1
1790095785778,0
1790095786177,1
1790095786177,0
1790095786392,1
1790095786392,0
1790095786797,1
1790095786797,0
1790095787827,1
1790095787827,0
1790095788203,1
1790095788203,0
1790095788567,1
1790095788567,0
1790095788966,1
1790095788966,0
1790095789746,1
1790095789746,0
1790095790144,1
1790095790144,0
1790095790544,1
1790095790544,0
1790095790948,1
1790095790948,0
1790095791347,1
1790095791347,0
1790095791750,1
1790095791750,0
1790095792145,1
1790095792145,0
1790095792487,1
1790095792487,0
1790095792883,1
1790095792883,0
1790095793272,1
1790095793273,0
1790095793665,1
1790095793665,0
1790095794041,0
1790095794041,0
1790095794445,1
1790095794445,0
1790095794827,1
1790095794827,0
1790095795197,1
1790095795197,0
1790095795565,1
1790095795565,0
1790095795782,1
1790095795782,0
1790095796425,1
1790095796425,0
1790095796800,1
1790095796800,0
1790095797195,1
1790095797195,0
1790095797525,1
1790095797525,0
1790095797853,1
1790095797853,0
1790095798201,1
1790095798201,0
1790095798534,1
1790095798534,0
1790095798933,1
1790095798933,0
1790095799374,1
1790095799374,0
1790095799572,1
1790095799572,0
1790095799794,1
1790095799794,0
1790095800192,1
1790095800192,0
1790095800407,1
1790095800407,0
1790095800653,1
1790095800653,0
1790095800901,1
1790095800901,0
1790095801514,1
1790095801514,0
1790095801906,1
1790095801906,0
1790095802302,1
1790095802302,0
1790095803059,1
1790095803059,0
1790095803402,1
1790095803402,0
1790095803759,1
1790095803759,0
1790095804098,1
1790095804098,0
1790095804469,1
1790095804469,0
1790095804842,1
1790095804842,0
1790095805823,1
1790095805823,0
1790095806712,1
1790095806712,0
1790095807484,1
1790095807484,0
1790095807701,1
1790095807701,0
1790095807913,1
1790095807913,0
1790095809432,1
1790095809432,0
1790095809760,1
1790095809760,0
1790095810098,1
1790095810098,0
1790095810456,0
1790095810456,0
1790095810868,1
1790095810868,0
1790095811272,1
1790095811272,0
1790095811657,1
1790095811657,0
1790095812058,1
1790095812058,0
1790095813115,1
1790095813115,0
1790095813513,1
1790095813513,0
1790095813900,1
1790095813900,0
1790095814299,1
1790095814299,0
1790095814681,1
1790095814681,0
1790095815103,1
1790095815103,0
1790095815306,1
1790095815306,0
1790095815704,1
1790095815704,0
1790095816061,1
1790095816061,0
1790095816417,1
1790095816417,0
1790095817037,1
1790095817037,0
1790095817430,1
1790095817430,0
1790095817829,1
1790095817829,0
1790095818224,1
1790095818224,0
1790095818997,1
1790095818997,0
1790095819327,1
1790095819327,0
1790095819541,1
1790095819541,0
1790095819887,1
1790095819887,0
1790095820229,1
1790095820229,0
1790095820570,1
1790095820570,0
1790095820897,1
1790095820897,0
1790095821108,1
1790095821108,0
1790095821436,1
1790095821436,0
1790095821789,1
1790095821789,0
1790095822157,1
1790095822157,0
1790095822516,1
1790095822516,0
1790095822849,1
1790095822849,0
1790095823209,1
1790095823209,0
1790095823575,1
1790095823575,0
1790095823934,1
1790095823934,0
1790095824152,1
1790095824152,0
1790095824507,1
1790095824507,0
1790095824874,1
1790095824874,0
1790095825094,1
1790095825094,0
1790095825519,1
1790095825519,0
1790095825877,0
1790095825877,0
1790095826250,1
1790095826250,0
1790095826628,1
1790095826628,0
1790095827012,1
1790095827012,0
1790095827619,1
1790095827619,0
1790095828843,1
1790095828843,0
1790095829184,1
1790095829184,0
1790095829513,1
1790095829513,0
1790095829871,1
1790095829871,0
1790095830688,1
1790095830688,0
1790095831054,1
1790095831054,0
1790095831388,1
1790095831388,0
1790095831782,1
1790095831782,0
1790095832175,1
1790095832176,0
1790095832565,1
1790095832565,0
1790095832964,1
1790095832964,0
1790095833602,1
1790095833602,0
1790095834388,1
1790095834388,0
1790095834729,1
1790095834729,0
1790095835046,1
1790095835046,0
1790095835384,1
1790095835384,0
1790095835804,1
1790095835804,0
1790095836009,1
1790095836009,0
1790095836419,1
1790095836419,0
1790095836816,1
1790095836816,0
1790095837916,1
1790095837916,0
1790095838325,1
1790095838325,0
1790095838720,1
1790095838720,0
1790095839073,1
1790095839073,0
1790095839458,1
1790095839458,0
1790095839879,1
1790095839879,0
1790095840097,1
1790095840097,0
1790095840294,1
1790095840294,0
1790095840636,1
1790095840636,0
1790095840852,1
1790095840852,0
1790095841064,1
1790095841064,0
1790095841286,1
1790095841286,0
1790095841680,1
1790095841680,0
1790095842037,1
1790095842037,0
1790095843275,1
1790095843275,0
1790095843853,1
1790095843853,0
1790095844628,1
1790095844628,0
1790095844840,1
1790095844840,0
1790095845054,1
1790095845054,0
1790095845268,1
1790095845268,0
1790095845474,1
1790095845475,0
1790095845687,1
1790095845687,0
1790095845896,1
1790095845896,0
1790095846106,1
1790095846106,0
1790095846324,1
1790095846324,0
1790095846680,1
1790095846680,0
1790095846895,1
1790095846895,0
1790095847118,1
1790095847118,0
1790095847348,1
1790095847348,0
1790095847557,1
1790095847557,0
1790095847958,1
1790095847958,0
1790095848385,1
1790095848385,0
1790095848769,1
1790095848769,0
1790095849165,1
1790095849165,0
1790095849505,1
1790095849505,0
1790095849830,1
1790095849830,0
1790095850162,1
1790095850162,0
1790095850490,1
1790095850490,0
1790095850708,1
1790095850708,0
1790095851082,1
1790095851082,0
1790095851440,1
1790095851440,0
1790095851830,1
1790095851830,0
1790095852164,1
1790095852164,0
1790095852556,1
1790095852556,0
1790095852774,1
1790095852774,0
1790095852997,1
1790095852997,0
1790095853222,1
1790095853222,0
1790095853461,1
1790095853461,0
1790095853893,1
1790095853893,0
1790095854500,1
1790095854500,0
1790095854883,1
1790095854883,0
1790095855220,1
1790095855220,0
1790095855556,1
1790095855556,0
1790095855888,1
1790095855888,0
1790095856221,1
1790095856221,0
1790095856552,1
1790095856552,0
1790095857581,1
1790095857581,0
1790095857794,1
1790095857794,0
1790095858032,1
1790095858032,0
1790095858251,1
1790095858251,0
1790095858483,1
1790095858483,0
1790095858716,1
1790095858716,0
1790095859372,1
1790095859372,0
1790095859815,1
1790095859815,0
1790095860499,1
1790095860499,0
1790095860844,1
1790095860844,0
1790095861182,1
1790095861182,0
1790095861557,1
1790095861557,0
1790095861943,1
1790095861943,0
1790095862316,1
1790095862316,0
1790095862688,1
1790095862688,0
1790095863058,1
1790095863058,0
1790095863444,1
1790095863444,0
1790095865085,1
1790095865085,0
1790095865462,1
1790095865462,0
1790095865823,1
1790095865823,0
1790095866786,1
1790095866786,0
1790095867117,1
1790095867117,0
1790095867454,1
1790095867454,0
1790095868017,1
1790095868017,0
1790095868372,1
1790095868372,0
1790095868776,1
1790095868776,0
1790095869158,1
1790095869158,0
1790095869498,1
1790095869498,0
1790095869885,1
1790095869885,0
1790095870268,1
1790095870268,0
1790095870667,1
1790095870667,0
1790095871054,1
1790095871054,0
1790095871427,1
1790095871427,0
1790095871637,1
1790095871637,0
1790095871851,1
1790095871851,0
1790095872058,0
1790095872058,0
1790095872270,1
1790095872270,0
1790095872843,1
1790095872843,0
1790095873209,1
1790095873209,0
1790095873565,1
1790095873565,0
1790095874123,1
1790095874123,0
1790095874454,1
1790095874454,0
1790095874899,1
1790095874899,0
1790095875296,1
1790095875296,0
1790095875623,1
1790095875623,0
1790095875955,1
1790095875955,0
1790095876273,1
1790095876273,0
1790095876604,1
1790095876604,0
1790095876807,1
1790095876807,0
1790095877175,1
1790095877175,0
1790095877677,1
1790095877677,0
1790095878125,1
1790095878125,0
1790095878563,1
1790095878563,0
1790095879054,1
1790095879054,0
1790095879356,1
1790095879356,0
1790095879604,1
1790095879604,0
1790095879903,1
1790095879903,0
1790095880325,1
1790095880325,0
1790095881139,1
1790095881139,0
1790095882131,1
1790095882131,0
1790095882723,1
1790095882723,0
1790095883225,1
1790095883225,0
1790095883839,1
1790095883839,0
1790095884305,1
1790095884305,0
1790095884793,1
1790095884793,0
1790095885139,1
1790095885139,0
1790095885630,1
1790095885630,0
1790095886114,1
1790095886114,0
1790095886525,1
1790095886525,0
1790095886999,1
1790095886999,0
1790095887304,1
1790095887304,0
1790095887617,1
1790095887617,0
1790095887919,1
1790095887919,0
1790095888431,1
1790095888431,0
1790095888861,1
1790095888861,0
1790095889312,1
1790095889312,0
1790095889843,1
1790095889843,0
1790095890348,1
1790095890348,0
1790095891131,1
1790095891131,0
1790095891555,1
1790095891555,0
1790095892011,1
1790095892011,0
1790096085625,1
1790096085625,0
1790096086360,1
1790096086360,0
1790096087067,1
1790096087067,0
1790096087638,1
1790096087638,0
1790096087996,1
1790096087996,0
1790096088528,1
1790096088528,0
1790096088905,1
1790096088905,0
1790096091157,1
1790096091157,0
1790096091949,1
1790096091949,0
1790096092694,1
1790096092694,0
1790096093384,1
1790096093385,0
1790096093990,1
1790096093990,0
1790096094580,1
1790096094581,0
1790096095147,1
1790096095148,0
1790096095805,1
1790096095805,0
1790096096562,1
1790096096562,0
1790096097261,1
1790096097261,0
1790096097752,1
1790096097752,0
1790096099207,1
1790096099207,0
1790096099597,1
1790096099597,0
1790096100033,1
1790096100034,0
1790096100545,1
1790096100545,0
1790096101094,1
1790096101094,0
1790096101725,1
1790096101725,0
1790096102249,1
1790096102249,0
1790096102673,1
1790096102673,0
1790096103206,1
1790096103206,0
1790096104266,1
1790096104266,0
1790096104932,1
1790096104932,0
1790096105615,1
1790096105615,0
1790096106250,1
1790096106251,0
1790096106678,1
1790096106678,0
1790096107476,1
1790096107476,0
1790096107990,1
1790096107990,0
1790096108506,1
1790096108506,0
1790096108894,1
1790096108894,0
1790096109338,1
1790096109338,0
1790096109767,1
1790096109767,0
1790096110226,1
1790096110226,0
1790096111428,1
1790096111428,0
1790096111809,1
1790096111809,0
1790096112194,1
1790096112194,0
1790096112417,1
1790096112417,0
1790096112678,1
1790096112678,0
1790096112927,1
1790096112927,0
1790096113157,1
1790096113157,0
1790096113789,1
1790096113789,0
1790096114012,1
1790096114012,0
1790096114377,1
1790096114377,0
1790096114795,1
1790096114795,0
1790096115288,1
1790096115288,0
1790096115593,1
1790096115593,0
1790096115894,1
1790096115894,0
1790096116311,1
1790096116311,0
1790096116527,1
1790096116527,0
1790096116935,0
1790096116935,0
1790096117506,1
1790096117506,0
1790096117864,1
1790096117864,0
1790096118298,1
1790096118298,0
1790096118650,1
1790096118650,0
1790096119148,1
1790096119148,0
1790096119595,1
1790096119595,0
1790096119890,1
1790096119890,0
1790096120658,1
1790096120658,0
1790096121087,1
1790096121087,0
1790096121384,1
1790096121384,0
1790096121665,1
1790096121665,0
1790096121960,1
1790096121960,0
1790096122262,1
1790096122262,0
1790096124158,1
1790096124158,0
1790096124576,1
1790096124576,0
1790096124899,1
1790096124899,0
1790096125564,1
1790096125564,0
1790096126197,1
1790096126197,0
1790096126763,1
1790096126763,0
1790096127338,1
1790096127338,0
1790096127776,1
1790096127776,0
1790096128261,1
1790096128261,0
1790096128765,1
1790096128765,0
1790096129053,1
1790096129054,0
1790096129380,1
1790096129380,0
1790096129735,1
1790096129735,0
1790096130049,1
1790096130050,0
1790096130313,1
1790096130313,0
1790096130587,1
1790096130587,0
1790096131108,1
1790096131108,0
1790096131475,1
1790096131475,0
1790096131769,1
1790096131769,0
1790096132202,1
1790096132202,0
1790096132449,1
1790096132449,0
1790096132849,1
1790096132849,0
1790096133230,1
1790096133230,0
1790096133601,1
1790096133601,0
1790096133980,1
1790096133980,0
1790096134356,1
1790096134356,0
1790096134582,1
1790096134583,0
1790096134790,1
1790096134790,0
1790096135683,1
1790096135683,0
1790096136027,1
1790096136027,0
1790096136374,1
1790096136374,0
1790096136707,1
1790096136707,0
1790096137107,1
1790096137107,0
1790096137313,1
1790096137313,0
1790096137548,1
1790096137548,0
1790096138175,1
1790096138175,0
1790096138560,0
1790096138560,0
1790096138952,1
1790096138952,0
1790096139356,1
1790096139356,0
1790096139816,1
1790096139816,0
1790096140271,1
1790096140271,0
1790096140741,1
1790096140741,0
1790096141109,1
1790096141109,0
1790096141560,1
1790096141560,0
1790096142451,1
1790096142451,0
1790096142705,1
1790096142705,0
1790096142930,1
1790096142930,0
1790096143191,0
1790096143191,0
1790096143447,1
1790096143447,0
1790096144318,1
1790096144318,0
1790096144744,1
1790096144744,0
1790096145008,1
1790096145008,0
1790096145450,1
1790096145450,0
1790096145893,1
1790096145893,0
1790096146300,0
1790096146300,0
1790096146722,1
1790096146722,0
1790096147354,1
1790096147354,0
1790096147732,1
1790096147732,0
1790096148174,1
1790096148175,0
1790096148677,1
1790096148677,0
1790096149048,1
1790096149048,0
1790096149423,1
1790096149423,0
1790096149794,1
1790096149794,0
1790096150175,1
1790096150175,0
1790096150510,1
1790096150510,0
1790096152050,1
1790096152050,0
1790096152278,1
1790096152278,0
1790096152494,1
1790096152494,0
1790096152711,1
1790096152711,0
1790096153099,1
1790096153099,0
1790096153555,1
1790096153555,0
1790096153928,1
1790096153928,0
1790096154298,1
1790096154298,0
1790096154515,1
1790096154515,0
1790096155393,1
1790096155393,0
1790096155776,1
1790096155776,0
1790096156243,1
1790096156243,0
1790096156836,1
1790096156836,0
1790096158776,1
1790096158776,0
1790096160020,1
1790096160020,0
1790096160436,1
1790096160436,0
1790096160793,1
1790096160793,0
1790096161220,1
1790096161220,0
1790096161494,1
1790096161494,0
1790096161892,1
1790096161892,0
1790096162235,1
1790096162235,0
1790096162793,1
1790096162793,0
1790096163171,1
1790096163171,0
1790096163406,1
1790096163406,0
1790096163626,1
1790096163626,0
1790096163852,1
1790096163853,0
1790096164075,1
1790096164075,0
1790096164493,1
1790096164493,0
1790096164788,1
1790096164788,0
1790096165194,1
1790096165194,0
1790096165526,1
1790096165526,0
1790096165870,1
1790096165870,0
1790096166253,1
1790096166253,0
1790096166595,1
1790096166595,0
1790096166934,1
1790096166934,0
1790096167260,1
1790096167260,0
1790096167606,1
1790096167606,0
1790096168004,1
1790096168004,0
1790096168396,1
1790096168396,0
1790096168617,1
1790096168617,0
1790096168986,1
1790096168986,0
1790096169277,1
1790096169277,0
1790096170746,1
1790096170746,0
1790096171161,1
1790096171161,0
1790096171530,1
1790096171530,0
1790096171912,1
1790096171912,0
1790096172319,1
1790096172319,0
1790096172963,1
1790096172963,0
1790096173328,1
1790096173328,0
1790096173774,1
1790096173774,0
1790096174182,1
1790096174182,0
1790096175185,1
1790096175185,0
1790096175436,1
1790096175436,0
1790096175842,1
1790096175842,0
1790096177373,1
1790096177373,0
1790096177829,1
1790096177829,0
1790096178073,1
1790096178073,0
1790096178911,1
1790096178911,0
1790096179193,1
1790096179193,0
1790096179494,1
1790096179494,0
1790096179722,1
1790096179722,0
1790096180790,1
1790096180790,0
1790096182491,1
1790096182491,0
1790096182832,0
1790096182833,0
1790096183053,1
1790096183053,0
1790096183856,1
1790096183856,0
1790096184301,1
1790096184301,0
1790096184703,1
1790096184703,0
1790096185151,1
1790096185151,0
1790096185591,1
1790096185591,0
1790096185948,1
1790096185948,0
1790096186330,1
1790096186330,0
1790096186781,1
1790096186782,0
1790096187173,1
1790096187173,0
1790096187526,1
1790096187526,0
1790096187957,1
1790096187957,0
1790096188361,1
1790096188361,0
1790096188771,1
1790096188771,0
1790096189339,1
1790096189339,0
1790096190049,1
1790096190049,0
1790096190560,1
1790096190560,0
1790096191453,1
1790096191453,0
1790096192129,1
1790096192129,0
1790096192652,1
1790096192652,0
1790096193572,1
1790096193572,0
1790096194188,1
1790096194188,0
1790096194708,1
1790096194708,0
1790096195231,1
1790096195231,0
1790096195808,1
1790096195808,0
1790096196502,1
1790096196502,0
1790096196831,1
1790096196831,0
1790096197249,1
1790096197249,0
1790096197828,1
1790096197828,0
1790096198253,1
1790096198253,0
1790096198826,1
1790096198826,0
1790096199257,1
1790096199257,0
1790096199749,1
1790096199749,0
1790096200329,1
1790096200329,0
1790096200661,1
1790096200661,0
1790096201149,1
1790096201149,0
1790096201660,1
1790096201660,0
1790096202073,1
1790096202073,0
1790096202513,1
1790096202513,0
1790096202755,1
1790096202755,0
1790096203004,1
1790096203004,0
1790096203240,1
1790096203240,0
1790096204064,1
1790096204064,0
1790096204556,1
1790096204556,0
1790096204943,1
1790096204943,0
1790096205241,1
1790096205241,0
1790096205768,1
1790096205768,0
1790096206259,1
1790096206259,0
1790096206653,1
1790096206653,0
1790096207030,1
1790096207030,0
1790096207481,1
1790096207481,0
1790096207933,1
1790096207933,0
1790096208433,1
1790096208433,0
1790096208839,1
1790096208839,0
1790096209083,1
1790096209083,0
1790096209380,1
1790096209380,0
1790096210049,1
1790096210049,0
1790096210490,1
1790096210490,0
1790096210959,1
1790096210959,0
1790096211762,1
1790096211762,0
1790096212176,1
1790096212176,0
1790096212580,1
1790096212580,0
1790096212827,1
1790096212827,0
1790096213197,1
1790096213197,0
1790096213612,1
1790096213612,0
1790096214032,1
1790096214032,0
1790096214455,1
1790096214455,0
1790096214913,1
1790096214913,0
1790096215606,1
1790096215606,0
1790096216004,1
1790096216004,0
1790096216270,1
1790096216270,0
1790096216506,1
1790096216506,0
1790096216767,1
1790096216767,0
1790096217154,1
1790096217154,0
1790096217561,1
1790096217561,0
1790096217951,1
1790096217951,0
1790096218238,1
1790096218238,0
1790096218586,1
1790096218586,0
1790096218930,1
1790096218930,0
1790096219326,1
1790096219326,0
1790096219554,1
1790096219554,0
1790096220210,1
1790096220210,0
1790096220635,1
1790096220635,0
1790096221120,1
1790096221120,0
1790096221578,1
1790096221578,0
1790096221984,1
1790096221985,0
1790096222969,1
1790096222969,0
1790096223317,1
1790096223317,0
1790096223768,1
1790096223768,0
1790096224144,1
1790096224144,0
1790096224555,1
1790096224555,0
1790096224963,1
1790096224963,0
1790096225700,1
1790096225700,0
1790096226200,1
1790096226200,0
1790096226605,1
1790096226605,0
1790096226980,1
1790096226980,0
1790096227446,1
1790096227446,0
1790096227837,1
1790096227837,0
1790096228085,1
1790096228085,0
1790096228388,1
1790096228388,0
1790096228668,1
1790096228668,0
1790096228917,1
1790096228917,0
1790096229334,1
1790096229334,0
1790096229728,1
1790096229728,0
1790096230170,1
1790096230170,0
1790096230567,1
1790096230567,0
1790096230918,1
1790096230918,0
1790096231318,1
1790096231318,0
1790096231671,1
1790096231671,0
1790096232033,1
1790096232033,0
1790096232446,1
1790096232446,0
1790096232880,1
1790096232880,0
1790096233318,1
1790096233318,0
1790096233738,1
1790096233738,0
1790096234620,1
1790096234620,0
1790096235023,1
1790096235023,0
1790096235446,1
1790096235446,0
1790096235887,1
1790096235887,0
1790096236320,1
1790096236320,0
1790096236738,1
1790096236738,0
1790096237159,1
1790096237159,0
1790096238049,1
1790096238049,0
1790096238452,1
1790096238452,0
1790096238824,1
1790096238824,0
1790096239241,1
1790096239241,0
1790096239571,1
1790096239571,0
1790096241245,1
1790096241245,0
1790096241750,1
1790096241750,0
1790096242102,1
1790096242102,0
1790096242442,1
1790096242442,0
1790096242769,1
1790096242769,0
1790096243091,1
1790096243091,0
1790096243509,1
1790096243509,0
1790096243958,1
1790096243958,0
1790096244428,1
1790096244428,0
1790096244824,1
1790096244824,0
1790096245224,1
1790096245224,0
1790096245649,1
1790096245649,0
1790096245951,1
1790096245951,0
1790096246278,1
1790096246278,0
1790096246544,1
1790096246544,0
1790096247017,1
1790096247017,0
1790096247967,1
1790096247967,0
1790096248269,1
1790096248269,0
1790096248534,1
1790096248534,0
1790096248776,1
1790096248776,0
1790096249059,1
1790096249059,0
1790096249304,1
1790096249304,0
1790096249571,1
1790096249571,0
1790096249830,1
1790096249830,0
1790096250527,1
1790096250527,0
1790096250912,1
1790096250912,0
1790096251292,1
1790096251292,0
1790096251654,1
1790096251654,0
1790096253022,1
1790096253022,0
1790096253444,1
1790096253444,0
1790096253893,1
1790096253893,0
1790096254663,0
1790096254663,0
1790096255429,1
1790096255429,0
1790096255892,1
1790096255892,0
1790096256345,1
1790096256345,0
1790096256831,1
1790096256831,0
1790096257257,1
1790096257257,0
1790096257674,1
1790096257674,0
1790096258048,1
1790096258048,0
1790096258443,1
1790096258443,0
1790096258816,1
1790096258816,0
1790096259392,1
1790096259392,0
1790096259740,1
1790096259740,0
1790096260115,1
1790096260115,0
1790096260364,1
1790096260364,0
1790096260787,1
1790096260787,0
1790096261234,1
1790096261234,0
1790096261611,1
1790096261611,0
1790096262420,1
1790096262420,0
1790096262691,1
1790096262691,0
1790096262967,1
1790096262967,0
1790096263250,1
1790096263250,0
1790096263663,1
1790096263663,0
1790096264038,1
1790096264038,0
1790096264478,1
1790096264478,0
1790096264856,1
1790096264856,0
1790096265199,0
1790096265199,0
1790096265646,1
1790096265646,0
1790096266007,1
1790096266007,0
1790096266402,1
1790096266402,0
1790096266811,1
1790096266811,0
1790096267424,1
1790096267424,0
1790096267872,1
1790096267872,0
1790096268321,1
1790096268321,0
1790096268600,1
1790096268600,0
1790096269027,1
1790096269027,0
1790096269463,1
1790096269463,0
1790096269998,1
1790096269998,0
1790096270546,1
1790096270546,0
1790096270992,1
1790096270992,0
1790096271780,1
1790096271780,0
1790096272218,1
1790096272218,0
1790096272455,1
1790096272455,0
1790096272685,1
1790096272685,0
1790096272954,1
1790096272954,0
1790096274063,1
1790096274063,0
1790096274453,1
1790096274453,0
1790096274881,1
1790096274881,0
1790096275129,1
1790096275129,0
1790096275567,1
1790096275567,0
1790096275807,1
1790096275807,0
1790096276209,1
1790096276209,0
1790096276617,1
1790096276617,0
1790096277010,1
1790096277010,0
1790096277418,1
1790096277418,0
1790096278107,1
1790096278107,0
1790096278822,1
1790096278822,0
1790096279239,1
1790096279239,0
1790096279683,1
1790096279683,0
1790096280145,1
1790096280145,0
1790096280617,1
1790096280617,0
1790096281039,1
1790096281039,0
1790096281426,1
1790096281426,0
1790096281816,1
1790096281816,0
1790096282220,1
1790096282220,0
1790096282632,1
1790096282632,0
1790096283304,1
1790096283304,0
1790096284916,1
1790096284916,0
1790096285613,0
1790096285613,0
1790096285984,1
1790096285984,0
1790096286384,1
1790096286384,0
1790096287467,1
1790096287467,0
1790096287813,1
1790096287813,0
1790096288161,1
1790096288161,0
1790096288585,1
1790096288585,0
1790096289003,1
1790096289003,0
1790096289453,1
1790096289453,0
1790096289863,1
1790096289863,0
1790096290321,0
1790096290321,0
1790096290705,1
1790096290705,0
1790096291101,1
1790096291101,0
1790096291440,1
1790096291440,0
1790096291871,1
1790096291871,0
1790096292114,1
1790096292114,0
1790096292570,1
1790096292570,0
1790096292990,1
1790096292990,0
1790096293585,1
1790096293585,0
1790096293997,1
1790096293997,0
1790096294399,1
1790096294399,0
1790096294772,1
1790096294772,0
1790096294983,1
1790096294983,0
1790096295208,1
1790096295209,0
1790096295570,1
1790096295570,0
1790096295953,1
1790096295953,0
1790096296497,1
1790096296498,0
1790096296844,1
1790096296844,0
1790096297192,1
1790096297192,0
1790096297530,1
1790096297530,0
1790096297757,1
1790096297757,0
1790096297982,1
1790096297982,0
1790096298386,1
1790096298386,0
1790096298782,1
1790096298782,0
1790096299204,1
1790096299204,0
1790096299821,1
1790096299821,0
1790096300222,1
1790096300222,0
1790096300649,1
1790096300649,0
1790096301051,1
1790096301051,0
1790096301403,1
1790096301403,0
1790096301733,1
1790096301733,0
1790096301962,1
1790096301962,0
1790096302569,1
1790096302569,0
1790096302940,1
1790096302940,0
1790096303310,1
1790096303310,0
1790096303676,1
1790096303676,0
1790096304069,0
1790096304069,0
1790096304443,1
1790096304443,0
1790096304675,1
1790096304675,0
1790096305119,1
1790096305119,0
1790096305343,1
1790096305343,0
1790096305555,1
1790096305555,0
1790096306872,0
1790096306872,0
1790096307279,1
1790096307279,0
1790096307689,1
1790096307689,0
1790096308288,1
1790096308288,0
1790096308520,1
1790096308520,0
1790096308745,1
1790096308745,0
1790096308964,1
1790096308964,0
1790096309194,1
1790096309194,0
1790096309548,1
1790096309548,0
1790096309927,1
1790096309927,0
1790096311172,1
1790096311172,0
1790096311547,1
1790096311547,0
1790096311922,1
1790096311922,0
1790096312159,1
1790096312159,0
1790096313046,1
1790096313046,0
1790096313427,1
1790096313427,0
1790096313661,1
1790096313661,0
1790096314026,1
1790096314026,0
1790096314422,1
1790096314422,0
1790096314871,1
1790096314871,0
1790096315299,1
1790096315299,0
1790096315547,1
1790096315547,0
1790096315898,1
1790096315898,0
1790096316458,1
1790096316458,0
1790096316805,1
1790096316805,0
1790096317141,1
1790096317141,0
1790096317496,0
1790096317496,0
1790096317841,1
1790096317841,0
1790096318188,1
1790096318188,0
1790096318538,1
1790096318538,0
1790096319322,1
1790096319322,0
1790096319910,1
1790096319910,0
1790096321105,1
1790096321105,0
1790096321442,1
1790096321442,0
1790096321816,1
1790096321816,0
1790096322604,1
1790096322604,0
1790096323002,1
1790096323002,0
1790096323397,1
1790096323397,0
1790096323797,1
1790096323797,0
1790096324177,1
1790096324177,0
1790096324405,1
1790096324405,0
1790096324623,1
1790096324623,0
1790096325063,1
1790096325063,0
1790096325282,1
1790096325282,0
1790096325877,1
1790096325877,0
1790096326214,1
1790096326214,0
1790096326567,1
1790096326567,0
1790096326905,1
1790096326905,0
1790096327125,1
1790096327125,0
1790096327477,1
1790096327477,0
1790096327700,1
1790096327700,0
1790096328072,1
1790096328072,0
1790096328448,1
1790096328448,0
1790096328777,1
1790096328777,0
1790096329176,1
1790096329176,0
1790096329565,1
1790096329565,0
1790096329970,1
1790096329970,0
1790096330369,1
1790096330369,0
1790096330749,1
1790096330749,0
1790096331111,1
1790096331111,0
1790096331504,1
1790096331504,0
1790096332128,1
1790096332129,0
1790096332355,1
1790096332355,0
1790096332574,1
1790096332574,0
1790096332789,1
1790096332789,0
1790096333019,1
1790096333019,0
1790096333653,1
1790096333653,0
1790096333988,1
1790096333988,0
1790096334770,1
1790096334770,0
1790096335149,1
1790096335149,0
1790096335511,1
1790096335511,0
1790096335886,1
1790096335886,0
1790096336442,1
1790096336442,0
1790096336789,1
1790096336789,0
1790096337215,0
1790096337215,0
1790096337438,1
1790096337438,0
1790096337764,1
1790096337764,0
1790096338110,1
1790096338110,0
1790096338470,1
1790096338470,0
1790096338805,1
1790096338805,0
1790096339167,1
1790096339167,0
1790096339521,1
1790096339521,0
1790096339888,1
1790096339888,0
1790096340102,1
1790096340102,0
1790096340318,1
1790096340318,0
1790096340719,1
1790096340719,0
1790096341755,1
1790096341755,0
1790096342106,1
1790096342106,0
1790096342440,1
1790096342440,0
1790096343344,1
1790096343344,0
1790096343553,1
1790096343553,0
1790096343780,1
1790096343780,0
1790096344008,1
1790096344008,0
1790096344455,0
1790096344455,0
1790096344865,1
1790096344865,0
1790096345266,1
1790096345266,0
1790096345650,1
1790096345650,0
1790096345994,1
1790096345994,0
1790096346397,1
1790096346397,0
1790096346804,1
1790096346804,0
1790096347206,1
1790096347206,0
1790096347538,1
1790096347538,0
1790096347930,1
1790096347930,0
1790096348338,1
1790096348338,0
1790096348557,1
1790096348557,0
1790096348773,1
1790096348773,0
1790096349213,1
1790096349213,0
1790096349446,1
1790096349446,0
1790096349665,1
1790096349665,0
1790096349881,1
1790096349881,0
1790096350228,1
1790096350229,0
1790096350828,1
1790096350828,0
1790096351159,1
1790096351159,0
1790096351496,1
1790096351496,0
1790096351876,1
1790096351876,0
1790096352096,1
1790096352096,0
1790096352314,1
1790096352314,0
1790096352529,1
1790096352529,0
1790096353158,1
1790096353158,0
1790096353564,1
1790096353564,0
1790096354008,1
1790096354008,0
1790096354357,1
1790096354357,0
1790096355631,1
1790096355631,0
1790096356187,1
1790096356187,0
1790096356592,1
1790096356592,0
1790096356999,1
1790096356999,0
1790096357365,1
1790096357365,0
1790096357719,1
1790096357719,0
1790096358047,1
1790096358047,0
1790096358396,1
1790096358396,0
1790096359011,1
1790096359011,0
1790096359381,1
1790096359381,0
1790096359794,1
1790096359794,0
1790096360014,1
1790096360014,0
1790096360239,1
1790096360239,0
1790096361516,1
1790096361516,0
1790096361856,1
1790096361856,0
1790096362216,1
1790096362216,0
1790096362564,1
1790096362564,0
1790096362894,1
1790096362894,0
1790096363227,0
1790096363227,0
1790096364446,1
1790096364446,0
1790096364788,1
1790096364788,0
1790096365140,1
1790096365140,0
1790096365370,1
1790096365370,0
1790096365712,1
1790096365712,0
1790096367009,1
1790096367009,0
1790096367407,1
1790096367407,0
1790096367755,1
1790096367755,0
1790096367978,1
1790096367978,0
1790096368198,1
1790096368198,0
1790096368544,1
1790096368545,0
1790096369421,1
1790096369421,0
1790096369831,1
1790096369831,0
1790096370232,1
1790096370232,0
1790096370448,1
1790096370448,0
1790096370826,1
1790096370826,0
1790096371235,1
1790096371235,0
1790096371604,1
1790096371604,0
1790096371978,1
1790096371978,0
1790096372347,1
1790096372347,0
1790096372719,0
1790096372719,0
1790096372930,0
1790096372930,0
1790096373139,1
1790096373139,0
1790096373488,1
1790096373488,0
1790096373704,1
1790096373704,0
1790096373917,1
1790096373917,0
1790096374333,1
1790096374333,0
1790096374705,1
1790096374705,0
1790096375075,1
1790096375075,0
1790096375442,1
1790096375442,0
1790096375851,1
1790096375851,0
1790096376195,1
1790096376195,0
1790096376529,1
1790096376529,0
1790096377071,1
1790096377071,0
1790096377414,1
1790096377414,0
1790096377788,1
1790096377788,0
1790096378156,1
1790096378156,0
1790096378522,1
1790096378522,0
1790096378898,1
1790096378898,0
1790096379359,1
1790096379359,0
1790096379700,1
1790096379700,0
1790096379915,1
1790096379915,0
1790096380120,1
1790096380120,0
1790096381268,1
1790096381268,0
1790096381500,1
1790096381500,0
1790096381720,1
1790096381720,0
1790096381951,1
1790096381951,0
1790096382174,1
1790096382174,0
1790096382405,1
1790096382405,0
1790096382827,1
1790096382827,0
1790096383260,1
1790096383260,0
1790096383656,1
1790096383656,0
1790096384045,1
1790096384046,0
1790096384377,1
1790096384377,0
1790096384740,1
1790096384740,0
1790096384934,1
1790096384934,0
1790096385163,1
1790096385163,0
1790096385388,1
1790096385388,0
1790096385791,1
1790096385791,0
1790096386020,1
1790096386020,0
1790096386295,1
1790096386295,0
1790096386514,1
1790096386514,0
1790096386893,1
1790096386893,0
1790096387778,1
1790096387778,0
1790096388005,1
1790096388005,0
1790096388404,1
1790096388404,0
1790096462784,1
1790096462796,0
1790096463161,1
1790096463161,0
1790096463394,1
1790096463394,0
1790096464594,1
1790096464594,0
1790096464824,1
1790096464824,0
1790096465065,1
1790096465065,0
1790096465295,1
1790096465295,0
1790096465667,1
1790096465667,0
1790096466062,1
1790096466062,0
1790096466431,1
1790096466431,0
1790096467065,1
1790096467065,0
1790096467474,1
1790096467474,0
1790096467848,1
1790096467848,0
1790096468225,1
1790096468225,0
1790096468586,1
1790096468586,0
1790096469021,1
1790096469021,0
1790096469423,1
1790096469423,0
1790096469816,1
1790096469816,0
1790096470042,1
1790096470042,0
1790096470914,1
1790096470914,0
1790096472190,1
1790096472190,0
1790096472533,1
1790096472533,0
1790096472895,1
1790096472895,0
1790096473297,1
1790096473297,0
1790096473691,1
1790096473691,0
1790096474037,1
1790096474037,0
1790096475563,1
1790096475563,0
1790096475965,1
1790096475965,0
1790096476345,1
1790096476345,0
1790096476719,1
1790096476719,0
1790096477133,1
1790096477133,0
1790096477533,1
1790096477533,0
1790096477938,1
1790096477938,0
1790096478361,1
1790096478361,0
1790096478571,1
1790096478571,0
1790096478934,1
1790096478934,0
1790096479310,1
1790096479311,0
1790096479759,1
1790096479759,0
1790096480201,1
1790096480201,0
1790096480633,1
1790096480633,0
1790096480999,1
1790096480999,0
1790096481422,1
1790096481422,0
1790096481767,1
1790096481767,0
1790096482106,1
1790096482106,0
1790096482328,1
1790096482328,0
1790096482549,1
1790096482549,0
1790096483157,1
1790096483157,0
1790096483525,1
1790096483526,0
1790096483760,1
1790096483761,0
1790096484111,1
1790096484111,0
1790096484453,1
1790096484454,0
1790096484795,1
1790096484796,0
1790096485381,1
1790096485381,0
1790096485752,1
1790096485752,0
1790096486117,1
1790096486117,0
1790096486336,1
1790096486336,0
1790096486745,1
1790096486745,0
1790096486972,1
1790096486972,0
1790096487204,1
1790096487204,0
1790096487425,1
1790096487426,0
1790096487656,1
1790096487656,0
1790096488064,1
1790096488064,0
1790096488468,1
1790096488468,0
1790096488682,1
1790096488682,0
1790096488912,1
1790096488912,0
1790096489125,1
1790096489125,0
1790096489493,1
1790096489494,0
1790096489736,1
1790096489736,0
1790096489958,1
1790096489958,0
1790096490181,1
1790096490181,0
1790096490547,1
1790096490547,0
1790096490896,1
1790096490896,0
1790096491244,1
1790096491245,0
1790096491597,1
1790096491597,0
1790096491997,1
1790096491998,0
1790096492223,1
1790096492223,0
1790096493329,1
1790096493329,0
1790096493711,1
1790096493712,0
1790096494332,1
1790096494332,0
1790096494741,1
1790096494741,0
1790096495145,1
1790096495145,0
1790096496021,1
1790096496021,0
1790096496381,1
1790096496381,0
1790096496752,1
1790096496752,0
1790096496980,1
1790096496980,0
1790096497356,1
1790096497357,0
1790096497751,1
1790096497751,0
1790096498130,1
1790096498130,0
1790096498502,1
1790096498502,0
1790096498869,1
1790096498869,0
1790096499244,1
1790096499244,0
1790096499468,1
1790096499468,0
1790096499882,1
1790096499882,0
1790096500232,1
1790096500232,0
1790096500645,1
1790096500645,0
1790096501047,1
1790096501047,0
1790096501439,1
1790096501440,0
1790096501660,1
1790096501660,0
1790096501886,1
1790096501886,0
1790096502103,1
1790096502103,0
1790096502666,1
1790096502666,0
1790096503025,1
1790096503026,0
1790096503618,1
1790096503618,0
1790096503995,1
1790096503995,0
1790096504363,0
1790096504363,0
1790096504738,1
1790096504738,0
1790096505115,1
1790096505115,0
1790096505497,1
1790096505497,0
1790096505865,1
1790096505865,0
1790096506232,1
1790096506232,0
1790096506819,1
1790096506819,0
1790096507165,1
1790096507165,0
1790096507530,1
1790096507530,0
1790096507868,1
1790096507868,0
1790096508211,1
1790096508211,0
1790096508568,1
1790096508568,0
1790096508956,1
1790096508956,0
1790096509292,1
1790096509292,0
1790096509626,1
1790096509626,0
1790096509847,1
1790096509847,0
1790096510656,1
1790096510656,0
1790096511031,1
1790096511031,0
1790096511395,1
1790096511395,0
1790096511773,1
1790096511773,0
1790096511998,1
1790096511998,0
1790096512356,1
1790096512357,0
1790096512745,1
1790096512746,0
1790096513127,1
1790096513128,0
1790096513491,1
1790096513493,0
1790096514051,1
1790096514051,0
1790096514403,1
1790096514403,0
1790096514736,1
1790096514736,0
1790096515115,1
1790096515115,0
1790096515893,1
1790096515893,0
1790096516108,1
1790096516108,0
1790096516321,1
1790096516321,0
1790096516698,1
1790096516698,0
1790096517076,1
1790096517076,0
1790096517446,1
1790096517446,0
1790096517823,1
1790096517823,0
1790096518206,1
1790096518206,0
1790096518594,1
1790096518594,0
1790096518994,1
1790096518994,0
1790096519352,1
1790096519352,0
1790096519714,1
1790096519714,0
1790096520111,1
1790096520111,0
1790096520510,1
1790096520511,0
1790096520884,1
1790096520884,0
1790096521247,1
1790096521247,0
1790096521606,1
1790096521606,0
1790096521992,1
1790096521992,0
1790096522362,1
1790096522362,0
1790096522578,1
1790096522578,0
1790096522925,1
1790096522925,0
1790096523266,1
1790096523266,0
1790096524593,1
1790096524593,0
1790096524994,1
1790096524994,0
1790096525335,1
1790096525335,0
1790096525690,1
1790096525690,0
1790096525900,1
1790096525900,0
1790096526883,1
1790096526883,0
1790096527283,1
1790096527283,0
1790096527682,1
1790096527682,0
1790096528073,1
1790096528073,0
1790096528447,1
1790096528447,0
1790096528999,1
1790096528999,0
1790096529342,1
1790096529342,0
1790096529680,1
1790096529680,0
1790096530017,1
1790096530017,0
1790096530609,1
1790096530609,0
1790096531015,1
1790096531015,0
1790096531398,1
1790096531398,0
1790096531802,1
1790096531802,0
1790096532028,1
1790096532028,0
1790096532431,1
1790096532431,0
1790096532830,1
1790096532830,0
1790096533228,1
1790096533229,0
1790096533459,1
1790096533459,0
1790096533676,1
1790096533676,0
1790096533898,1
1790096533898,0
1790096534118,1
1790096534118,0
1790096534492,1
1790096534492,0
1790096534919,1
1790096534919,0
1790096535158,1
1790096535158,0
1790096535382,1
1790096535382,0
1790096535590,1
1790096535591,0
1790096535825,1
1790096535825,0
1790096536219,1
1790096536219,0
1790096536639,1
1790096536639,0
1790096536987,1
1790096536987,0
1790096537329,1
1790096537329,0
1790096537676,1
1790096537677,0
1790096538060,1
1790096538060,0
1790096538432,1
1790096538432,0
1790096538806,1
1790096538806,0
1790096539176,1
1790096539176,0
1790096539583,1
1790096539583,0
1790096540391,1
1790096540391,0
1790096540608,1
1790096540609,0
1790096541081,1
1790096541081,0
1790096541293,1
1790096541293,0
1790096541529,1
1790096541529,0
1790096541743,1
1790096541743,0
1790096542088,1
1790096542088,0
1790096542436,1
1790096542436,0
1790096543487,1
1790096543487,0
1790096543887,1
1790096543887,0
1790096544293,1
1790096544293,0
1790096544703,1
1790096544703,0
1790096545297,1
1790096545297,0
1790096545676,1
1790096545676,0
1790096546015,1
1790096546015,0
1790096546796,1
1790096546796,0
1790096547134,1
1790096547134,0
1790096547491,1
1790096547491,0
1790096547831,1
1790096547831,0
1790096548212,1
1790096548212,0
1790096548545,1
1790096548545,0
1790096549006,1
1790096549006,0
1790096549218,1
1790096549218,0
1790096549842,1
1790096549842,0
1790096550237,1
1790096550237,0
1790096550643,1
1790096550643,0
1790096551022,1
1790096551022,0
1790096551241,0
1790096551241,0
1790096551469,1
1790096551469,0
1790096551820,1
1790096551820,0
1790096552192,1
1790096552192,0
1790096552409,1
1790096552409,0
1790096552747,1
1790096552747,0
1790096553141,1
1790096553141,0
1790096553528,1
1790096553528,0
1790096553919,1
1790096553919,0
1790096554266,1
1790096554266,0
1790096554642,1
1790096554642,0
1790096554869,1
1790096554869,0
1790096555213,1
1790096555213,0
1790096555561,1
1790096555561,0
1790096555782,1
1790096555782,0
1790096556184,1
1790096556184,0
1790096556577,1
1790096556577,0
1790096556979,1
1790096556979,0
1790096557386,1
1790096557386,0
1790096557628,1
1790096557628,0
1790096557869,1
1790096557869,0
1790096558324,1
1790096558324,0
1790096558776,1
1790096558776,0
1790096558994,1
1790096558994,0
1790096559213,1
1790096559213,0
1790096559433,1
1790096559433,0
1790096559829,1
1790096559829,0
1790096560300,1
1790096560300,0
1790096561137,1
1790096561137,0
1790096561368,1
1790096561368,0
1790096561595,1
1790096561595,0
1790096561818,1
1790096561818,0
1790096562048,1
1790096562048,0
1790096562269,1
1790096562269,0
1790096562497,1
1790096562497,0
1790096562922,1
1790096562922,0
1790096564915,1
1790096564916,0
1790096565308,1
1790096565308,0
1790096565683,1
1790096565683,0
1790096566059,1
1790096566059,0
1790096566423,1
1790096566423,0
1790096566794,1
1790096566794,0
1790096567166,1
1790096567166,0
1790096567386,1
1790096567386,0
1790096567786,1
1790096567786,0
1790096568184,1
1790096568184,0
1790096568567,1
1790096568567,0
1790096568913,1
1790096568913,0
1790096569262,1
1790096569262,0
1790096569662,1
1790096569662,0
1790096570071,1
1790096570071,0
1790096570477,1
1790096570477,0
1790096570885,1
1790096570885,0
1790096571516,1
1790096571516,0
1790096571865,1
1790096571865,0
1790096572230,1
1790096572230,0
1790096572575,1
1790096572575,0
1790096572902,1
1790096572902,0
1790096573240,1
1790096573240,0
1790096573578,1
1790096573578,0
1790096573946,1
1790096573946,0
1790096574285,1
1790096574285,0
1790096574633,1
1790096574633,0
1790096575084,1
1790096575084,0
1790096575498,1
1790096575498,0
1790096575863,1
1790096575863,0
1790096576249,1
1790096576249,0
1790096576614,1
1790096576614,0
1790096576989,1
1790096576989,0
1790096577348,1
1790096577348,0
1790096577722,1
1790096577722,0
1790096578062,1
1790096578062,0
1790096578843,1
1790096578843,0
1790096580059,1
1790096580059,0
1790096580409,1
1790096580409,0
1790096580802,1
1790096580802,0
1790096581228,1
1790096581228,0
1790096581619,1
1790096581619,0
1790096582911,1
1790096582911,0
1790096583301,1
1790096583301,0
1790096583509,1
1790096583509,0
1790096583763,1
1790096583763,0
1790096583991,1
1790096583991,0
1790096584412,1
1790096584412,0
1790096584632,1
1790096584632,0
1790096584861,1
1790096584861,0
1790096585214,1
1790096585214,0
1790096585614,1
1790096585614,0
1790096586021,1
1790096586021,0
1790096586239,1
1790096586239,0
1790096586641,1
1790096586642,0
1790096587054,1
1790096587054,0
1790096588289,1
1790096588289,0
1790096588513,1
1790096588513,0
1790096588852,1
1790096588852,0
1790096589190,1
1790096589190,0
1790096589537,1
1790096589537,0
1790096589755,1
1790096589755,0
1790096590109,1
1790096590109,0
1790096590445,1
1790096590445,0
1790096590784,1
1790096590784,0
1790096591021,1
1790096591021,0
1790096591406,1
1790096591406,0
1790096591788,1
1790096591788,0
1790096592195,1
1790096592195,0
1790096592596,1
1790096592596,0
1790096593007,0
1790096593007,0
1790096593222,1
1790096593223,0
1790096593451,1
1790096593451,0
1790096593671,1
1790096593671,0
1790096593893,1
1790096593893,0
1790096594268,1
1790096594268,0
1790096594681,1
1790096594681,0
1790096595240,1
1790096595241,0
1790096595581,1
1790096595581,0
1790096596809,1
1790096596809,0
1790096597591,1
1790096597591,0
1790096597961,1
1790096597961,0
1790096598167,1
1790096598167,0
1790096598589,1
1790096598589,0
1790096598983,1
1790096598983,0
1790096599392,1
1790096599392,0
1790096599788,1
1790096599788,0
1790096600140,1
1790096600141,0
1790096600705,1
1790096600705,0
1790096601042,1
1790096601042,0
1790096601383,1
1790096601383,0
1790096601608,1
1790096601608,0
1790096601839,1
1790096601840,0
1790096602058,1
1790096602058,0
1790096602289,1
1790096602290,0
1790096602654,1
1790096602654,0
1790096602876,1
1790096602876,0
1790096603104,1
1790096603104,0
1790096603438,1
1790096603438,0
1790096603849,1
1790096603849,0
1790096604253,1
1790096604253,0
1790096604687,1
1790096604687,0
1790096605081,1
1790096605081,0
1790096605486,1
1790096605486,0
1790096605905,1
1790096605905,0
1790096606311,1
1790096606311,0
1790096606520,1
1790096606520,0
1790096606891,1
1790096606891,0
1790096607234,1
1790096607234,0
1790096607572,1
1790096607572,0
1790096607966,1
1790096607966,0
1790096608180,1
1790096608180,0
1790096608394,1
1790096608394,0
1790096608614,1
1790096608614,0
1790096609002,1
1790096609002,0
1790096609407,1
1790096609407,0
1790096609811,1
1790096609811,0
1790096610210,1
1790096610210,0
1790096610609,1
1790096610609,0
1790096611193,1
1790096611194,0
1790096611598,1
1790096611598,0
1790096611944,1
1790096611944,0
1790096612289,1
1790096612290,0
1790096612869,1
1790096612870,0
1790096613306,1
1790096613306,0
1790096613533,1
1790096613533,0
1790096613974,1
1790096613974,0
1790096614197,1
1790096614197,0
1790096614421,1
1790096614421,0
1790096614760,1
1790096614760,0
1790096615109,1
1790096615109,0
1790096615442,1
1790096615442,0
1790096615823,1
1790096615823,0
1790096616166,1
1790096616166,0
1790096616366,1
1790096616366,0
1790096616716,1
1790096616716,0
1790096617055,1
1790096617055,0
1790096617408,1
1790096617409,0
1790096617751,1
1790096617751,0
1790096618117,1
1790096618117,0
1790096618327,1
1790096618327,0
1790096618922,1
1790096618922,0
1790096619290,1
1790096619291,0
1790096619667,1
1790096619667,0
1790096620040,1
1790096620040,0
1790096620415,1
1790096620415,0
1790096620782,1
1790096620782,0
1790096621420,1
1790096621420,0
1790096621823,1
1790096621823,0
1790096622163,1
1790096622163,0
1790096622743,1
1790096622743,0
1790096622975,1
1790096622976,0
1790096623195,1
1790096623195,0
1790096623421,1
1790096623421,0
1790096623643,1
1790096623643,0
1790096623870,1
1790096623870,0
1790096624241,1
1790096624241,0
1790096624468,1
1790096624468,0
1790096624840,1
1790096624840,0
1790096625216,1
1790096625216,0
1790096625612,1
1790096625612,0
1790096625949,1
1790096625949,0
1790096626289,1
1790096626289,0
1790096626626,1
1790096626626,0
1790096626972,1
1790096626973,0
1790096627638,1
1790096627638,0
1790096628010,1
1790096628010,0
1790096628417,1
1790096628417,0
1790096629699,1
1790096629699,0
1790096630131,1
1790096630131,0
1790096630351,1
1790096630351,0
1790096630578,1
1790096630578,0
1790096630947,1
1790096630947,0
1790096632028,1
1790096632028,0
1790096632260,1
1790096632260,0
1790096632495,1
1790096632495,0
1790096632949,1
1790096632949,0
1790096633350,1
1790096633350,0
1790096634785,1
1790096634785,0
1790096635010,1
1790096635010,0
1790096635355,1
1790096635355,0
1790096635688,1
1790096635688,0
1790096636086,1
1790096636086,0
1790096636317,1
1790096636317,0
1790096636518,1
1790096636518,0
1790096636739,1
1790096636739,0
1790096636963,1
1790096636963,0
1790096638370,1
1790096638370,0
1790096638710,1
1790096638710,0
1790096639055,1
1790096639055,0
1790096639391,1
1790096639391,0
1790096639618,1
1790096639618,0
1790096640033,1
1790096640033,0
1790096640457,1
1790096640457,0
1790096640678,1
1790096640678,0
1790096640903,1
1790096640903,0
1790096641472,1
1790096641473,0
1790096641811,1
1790096641811,0
1790096642173,1
1790096642173,0
1790096642390,1
1790096642390,0
1790096642792,1
1790096642792,0
1790096643182,1
1790096643182,0
1790096643573,1
1790096643573,0
1790096643952,1
1790096643952,0
1790096644178,1
1790096644178,0
1790096644574,1
1790096644574,0
1790096644989,1
1790096644989,0
1790096645381,1
1790096645381,0
1790096645781,1
1790096645781,0
1790096646406,1
1790096646406,0
1790096646629,1
1790096646629,0
1790096646969,1
1790096646969,0
1790096647321,1
1790096647321,0
1790096647653,1
1790096647653,0
1790096648063,1
1790096648063,0
1790096648449,1
1790096648449,0
1790096648855,1
1790096648855,0
1790096649198,1
1790096649198,0
1790096649410,1
1790096649410,0
1790096649643,1
1790096649643,0
1790096650046,1
1790096650046,0
1790096650414,1
1790096650414,0
1790096651027,1
1790096651027,0
1790096651396,1
1790096651396,0
1790096651770,1
1790096651770,0
1790096652140,1
1790096652140,0
1790096652367,1
1790096652367,0
1790096652589,1
1790096652589,0
1790096652997,1
1790096652997,0
1790096653352,1
1790096653352,0
1790096653690,1
1790096653690,0
1790096654082,1
1790096654082,0
1790096655090,1
1790096655090,0
1790096655874,1
1790096655874,0
1790096656291,1
1790096656291,0
1790096656695,1
1790096656695,0
1790096657096,1
1790096657096,0
1790096657491,1
1790096657491,0
1790096657893,1
1790096657893,0
1790096658289,1
1790096658289,0
1790096658625,1
1790096658625,0
1790096658974,1
1790096658974,0
1790096659202,1
1790096659202,0
1790096659576,1
1790096659576,0
1790096659944,1
1790096659944,0
1790096660507,1
1790096660507,0
1790096660845,1
1790096660845,0
1790096661188,1
1790096661188,0
1790096661524,1
1790096661524,0
1790096661932,1
1790096661932,0
1790096662332,1
1790096662332,0
1790096662942,1
1790096662942,0
1790096663374,1
1790096663374,0
1790096663600,1
1790096663600,0
1790096663821,1
1790096663822,0
1790096664044,1
1790096664044,0
1790096664443,1
1790096664443,0
1790096664675,1
1790096664676,0
1790096665554,1
1790096665555,0
1790096665772,1
1790096665772,0
1790096665994,1
1790096665994,0
1790096666225,1
1790096666225,0
1790096666588,1
1790096666588,0
1790096666813,1
1790096666813,0
1790096667050,1
1790096667050,0
1790096667456,1
1790096667456,0
1790096667862,1
1790096667862,0
1790096668208,1
1790096668208,0
1790096670166,1
1790096670166,0
1790096670568,1
1790096670568,0
1790096670792,1
1790096670792,0
1790096671139,0
1790096671139,0
1790096671486,1
1790096671486,0
1790096671833,1
1790096671833,0
1790096672054,1
1790096672054,0
1790096672426,1
1790096672426,0
1790096672786,1
1790096672786,0
1790096673028,1
1790096673028,0
1790096673456,1
1790096673456,0
1790096673830,1
1790096673830,0
1790096674199,1
1790096674199,0
1790096674587,1
1790096674587,0
1790096674966,1
1790096674966,0
1790096675375,1
1790096675375,0
1790096675743,1
1790096675743,0
1790096675975,1
1790096675975,0
1790096676792,1
1790096676792,0
1790096677192,1
1790096677192,0
1790096677595,1
1790096677595,0
1790096678007,1
1790096678007,0
1790096678359,1
1790096678359,0
1790096678732,1
1790096678733,0
1790096679101,1
1790096679101,0
1790096679504,1
1790096679505,0
1790096679850,1
1790096679850,0
1790096680476,1
1790096680476,0
1790096680880,1
1790096680880,0
1790096681281,1
1790096681281,0
1790096681669,1
1790096681669,0
1790096682024,1
1790096682024,0
1790096682367,1
1790096682367,0
1790096682593,1
1790096682593,0
1790096682969,1
1790096682969,0
1790096683340,1
1790096683340,0
1790096683705,1
1790096683705,0
1790096684590,1
1790096684590,0
1790096684941,1
1790096684941,0
1790096685289,1
1790096685289,0
1790096685681,1
1790096685681,0
1790096686020,1
1790096686020,0
1790096686242,1
1790096686242,0
1790096686453,1
1790096686453,0
1790096686675,1
1790096686675,0
1790096686898,1
1790096686898,0
1790096687114,1
1790096687114,0
1790096687522,1
1790096687522,0
1790096687742,1
1790096687742,0
1790096688143,1
1790096688143,0
1790096689205,1
1790096689205,0
1790096689566,1
1790096689566,0
1790096689949,1
1790096689949,0
1790096690331,1
1790096690331,0
1790096691099,1
1790096691099,0
1790096691503,1
1790096691503,0
1790096691885,1
1790096691885,0
1790096692289,1
1790096692289,0
1790096692689,1
1790096692689,0
1790096693093,1
1790096693093,0
1790096693486,1
1790096693486,0
1790096693838,1
1790096693838,0
1790096694255,1
1790096694255,0
1790096694594,1
1790096694594,0
1790096694956,1
1790096694956,0
1790096695328,1
1790096695328,0
1790096695741,1
1790096695741,0
1790096696139,1
1790096696139,0
1790096696529,1
1790096696529,0
1790096696903,1
1790096696903,0
1790096697154,1
1790096697154,0
1790096697832,1
1790096697832,0
1790096698212,1
1790096698212,0
1790096698609,1
1790096698609,0
1790096698950,1
1790096698950,0
1790096699288,1
1790096699288,0
1790096699633,1
1790096699633,0
1790096699967,1
1790096699967,0
1790096700381,1
1790096700381,0
1790096700811,1
1790096700811,0
1790096701025,1
1790096701025,0
1790096701244,1
1790096701244,0
1790096701614,1
1790096701614,0
1790096701840,1
1790096701841,0
1790096702063,1
1790096702063,0
1790096702279,1
1790096702279,0
1790096702849,1
1790096702849,0
1790096703189,1
1790096703189,0
1790096703588,1
1790096703588,0
1790096704331,1
1790096704331,0
1790096704666,1
1790096704666,0
1790096705014,1
1790096705014,0
1790096705362,1
1790096705362,0
1790096705734,1
1790096705734,0
1790096706112,1
1790096706112,0
1790096707123,1
1790096707123,0
1790096708010,1
1790096708010,0
1790096708809,1
1790096708809,0
1790096709030,1
1790096709030,0
1790096709258,1
1790096709258,0
1790096710800,1
1790096710800,0
1790096711140,1
1790096711140,0
1790096711473,1
1790096711473,0
1790096711850,1
1790096711850,0
1790096712265,1
1790096712265,0
1790096712659,1
1790096712659,0
1790096713064,1
1790096713064,0
1790096713458,1
1790096713458,0
1790096714540,1
1790096714540,0
1790096714944,1
1790096714944,0
1790096715349,1
1790096715349,0
1790096715745,1
1790096715745,0
1790096716155,1
1790096716155,0
1790096716556,1
1790096716556,0
1790096716766,1
1790096716766,0
1790096717162,1
1790096717162,0
1790096717526,1
1790096717526,0
1790096717905,1
1790096717905,0
1790096718517,1
1790096718517,0
1790096718920,1
1790096718920,0
1790096719313,1
1790096719313,0
1790096719728,1
1790096719728,0
1790096720519,1
1790096720519,0
1790096720865,1
1790096720865,0
1790096721071,1
1790096721071,0
1790096721409,1
1790096721409,0
1790096721728,1
1790096721728,0
1790096722071,1
1790096722071,0
1790096722414,1
1790096722414,0
1790096722630,1
1790096722630,0
1790096722977,1
1790096722977,0
1790096723362,1
1790096723362,0
1790096723725,1
1790096723725,0
1790096724094,1
1790096724094,0
1790096724437,1
1790096724437,0
1790096724808,1
1790096724808,0
1790096725176,1
1790096725176,0
1790096725547,1
1790096725547,0
1790096725766,1
1790096725766,0
1790096726144,1
1790096726144,0
1790096726521,1
1790096726521,0
1790096726759,1
1790096726759,0
1790096727227,1
1790096727227,0
1790096727591,1
1790096727591,0
1790096727963,1
1790096727963,0
1790096728345,1
1790096728345,0
1790096728715,1
1790096728715,0
1790096729337,1
1790096729337,0
1790096730538,1
1790096730538,0
1790096730889,0
1790096730889,0
1790096731224,1
1790096731224,0
1790096731600,1
1790096731600,0
1790096732426,1
1790096732426,0
1790096732804,1
1790096732804,0
1790096733155,1
1790096733155,0
1790096733559,1
1790096733559,0
1790096733963,1
1790096733963,0
1790096734365,1
1790096734365,0
1790096734776,1
1790096734776,0
1790096735438,1
1790096735438,0
1790096736270,1
1790096736270,0
1790096736615,1
1790096736615,0
1790096737069,1
1790096737069,0
1790096737440,1
1790096737440,0
1790096737901,1
1790096737901,0
1790096738177,1
1790096738177,0
1790096738736,1
1790096738736,0
1790096739343,1
1790096739343,0
1790096741708,1
1790096741708,0
1790096742324,1
1790096742324,0
1790096742956,1
1790096742956,0
1790096743534,1
1790096743534,0
1790096744015,1
1790096744015,0
1790096744788,1
1790096744788,0
1790096745246,1
1790096745246,0
1790096745877,1
1790096745877,0
1790096746378,1
1790096746378,0
1790096746819,1
1790096746821,0
1790096747293,1
1790096747293,0
1790096747687,1
1790096747687,0
1790096748284,1
1790096748285,0
1790096748784,1
1790096748784,0
1790096751090,1
1790096751090,0
1790096751946,1
1790096751946,0
1790096753129,1
1790096753129,0
1790096753521,1
1790096753521,0
1790096753784,1
1790096753784,0
1790096754097,1
1790096754097,0
1790096754442,1
1790096754442,0
1790096754779,1
1790096754779,0
1790096755076,1
1790096755076,0
1790096755415,1
1790096755415,0
1790096755715,1
1790096755715,0
1790096756177,1
1790096756177,0
1790096756557,1
1790096756557,0
1790096756924,1
1790096756924,0
1790096757199,1
1790096757199,0
1790096757517,1
1790096757517,0
1790096757959,1
1790096757959,0
1790096758597,1
1790096758597,0
1790096759030,1
1790096759030,0
1790096759540,1
1790096759540,0
1790096759960,1
1790096759960,0
1790096760386,1
1790096760386,0
1790096760841,1
1790096760841,0
1790096761391,1
1790096761391,0
1790096761731,1
1790096761731,0
1790096762197,1
1790096762197,0
1790096762604,1
1790096762604,0
1790096763039,1
1790096763039,0
1790096763471,1
1790096763472,0
1790096763978,1
1790096763978,0
1790096764343,1
1790096764343,0
1790096764728,1
1790096764728,0
1790096765123,1
1790096765123,0
1790096765486,1
1790096765486,0
1790096766064,1
1790096766064,0
1790096766772,1
1790096766772,0
1790096767240,1
1790096767240,0
1790096767687,1
1790096767687,0
1790096768159,1
1790096768159,0
1790096768598,1
1790096768598,0
1790096769019,1
1790096769019,0
1790096769433,1
1790096769433,0
1790096771027,1
1790096771027,0
1790096771379,1
1790096771379,0
1790096771642,1
1790096771642,0
1790096771963,1
1790096771963,0
1790096772258,1
1790096772258,0
1790096772516,1
1790096772516,0
1790096773254,1
1790096773254,0
1790096773682,1
1790096773682,0
1790096774481,1
1790096774481,0
1790096774859,1
1790096774859,0
1790096775267,1
1790096775267,0
1790096775656,1
1790096775656,0
1790096776122,1
1790096776122,0
1790096776589,1
1790096776589,0
1790096776976,1
1790096776976,0
1790096777413,1
1790096777413,0
1790096777848,1
1790096777848,0
1790096779711,1
1790096779711,0
1790096780127,1
1790096780127,0
1790096780573,0
1790096780573,0
1790096781594,1
1790096781594,0
1790096781935,1
1790096781935,0
1790096782295,1
1790096782295,0
1790096782952,1
1790096782952,0
1790096783340,1
1790096783340,0
1790096783753,1
1790096783753,0
1790096784162,1
1790096784162,0
1790096784534,1
1790096784534,0
1790096784964,1
1790096784964,0
1790096785472,1
1790096785472,0
1790096785870,1
1790096785870,0
1790096786277,1
1790096786277,0
1790096786689,1
1790096786689,0
1790096786976,1
1790096786976,0
1790096787276,1
1790096787276,0
1790096787495,1
1790096787495,0
1790096787729,1
1790096787729,0
1790096788369,1
1790096788369,0
1790096788781,1
1790096788781,0
1790096789185,1
1790096789185,0
1790096789790,1
1790096789790,0
1790096790181,1
1790096790181,0
1790096790783,1
1790096790783,0
1790096791212,1
1790096791212,0
1790096791595,1
1790096791595,0
1790096791992,1
1790096791993,0
1790096792364,1
1790096792364,0
1790096792729,1
1790096792729,0
1790096792958,1
1790096792958,0
1790096793369,1
1790096793369,0
1790096793816,1
1790096793816,0
1790096794190,1
1790096794190,0
1790096794561,1
1790096794561,0
1790096794987,1
1790096794987,0
1790096795241,1
1790096795241,0
1790096795522,1
1790096795522,0
1790096795795,1
1790096795795,0
1790096796227,1
1790096796227,0
1790096797175,1
1790096797175,0
1790096797837,1
1790096797837,0
1790096798238,1
1790096798238,0
1790096798587,1
1790096798587,0
1790096798967,1
1790096798967,0
1790096799313,1
1790096799313,0
1790096799650,1
1790096799650,0
1790096799907,1
1790096799907,0
1790096800259,1
1790096800259,0
1790096800654,1
1790096800654,0
1790096801030,1
1790096801030,0
1790096801466,1
1790096801466,0
1790096801713,1
1790096801713,0
1790096801986,1
1790096801987,0
1790096802256,1
1790096802256,0
1790096802685,1
1790096802686,0
1790096802961,1
1790096802961,0
1790096803218,1
1790096803218,0
1790096803638,1
1790096803638,0
1790096804061,1
1790096804061,0
1790096804732,1
1790096804732,0
1790096805109,1
1790096805109,0
1790096805518,1
1790096805518,0
1790096805952,1
1790096805952,0
1790096806292,1
1790096806292,0
1790096806725,1
1790096806725,0
1790096807079,1
1790096807079,0
1790096807321,1
1790096807321,0
1790096807597,1
1790096807597,0
1790096807873,1
1790096807873,0
1790096809304,1
1790096809304,0
1790096809688,1
1790096809688,0
1790096810115,1
1790096810115,0
1790096810538,1
1790096810538,0
1790096810905,1
1790096810905,0
1790096811304,1
1790096811304,0
1790096811684,1
1790096811684,0
1790096812107,1
1790096812107,0
1790096812539,1
1790096812539,0
1790096812927,1
1790096812927,0
1790096813306,1
1790096813306,0
1790096814474,1
1790096814474,0
1790096814730,1
1790096814730,0
1790096814979,1
1790096814979,0
1790096815217,1
1790096815217,0
1790096815603,1
1790096815604,0
1790096816024,1
1790096816024,0
1790096816443,1
1790096816443,0
1790096816728,1
1790096816728,0
1790096817092,1
1790096817093,0
1790096817741,1
1790096817741,0
1790096818182,1
1790096818182,0
1790096818643,1
1790096818643,0
1790096819056,1
1790096819056,0
1790096819276,1
1790096819276,0
1790096819811,1
1790096819811,0
1790096820285,1
1790096820286,0
1790096820727,1
1790096820727,0
1790096820981,1
1790096820981,0
1790096821363,1
1790096821363,0
1790096821763,1
1790096821763,0
1790096822135,1
1790096822136,0
1790096823090,1
1790096823090,0
1790096823463,1
1790096823463,0
1790096823828,1
1790096823828,0
1790096824088,1
1790096824088,0
1790096824310,1
1790096824310,0
1790096824535,1
1790096824535,0
1790096824799,1
1790096824799,0
1790096825478,1
1790096825478,0
1790096825722,1
1790096825722,0
1790096826082,1
1790096826082,0
1790096826441,1
1790096826441,0
1790096826947,1
1790096826947,0
1790096827232,1
1790096827232,0
1790096827493,1
1790096827493,0
1790096827997,1
1790096827997,0
1790096828235,1
1790096828235,0
1790096828639,1
1790096828639,0
1790096829259,1
1790096829259,0
1790096829605,1
1790096829605,0
1790096829996,1
1790096829996,0
1790096830373,1
1790096830373,0
1790096830772,1
1790096830772,0
1790096831153,1
1790096831153,0
1790096831404,1
1790096831404,0
1790096831938,1
1790096831938,0
1790096832280,1
1790096832280,0
1790096832501,1
1790096832501,0
1790096832757,1
1790096832757,0
1790096832988,1
1790096832988,0
1790096833212,1
1790096833212,0
1790096834344,1
1790096834344,0
1790096834757,1
1790096834757,0
1790096834968,1
1790096834969,0
1790096835370,1
1790096835370,0
1790096835794,1
1790096835794,0
1790096836235,1
1790096836235,0
1790096836693,1
1790096836693,0
1790096837079,1
1790096837079,0
1790096837471,1
1790096837471,0
1790096837917,1
1790096837917,0
1790096838156,1
1790096838156,0
1790096838414,1
1790096838414,0
1790096838639,1
1790096838639,0
1790096838869,1
1790096838869,0
1790096839092,1
1790096839092,0
1790096839344,1
1790096839344,0
1790096839760,1
1790096839760,0
1790096840000,1
1790096840000,0
1790096840241,1
1790096840241,0
1790096840615,1
1790096840615,0
1790096840833,1
1790096840833,0
1790096841241,1
1790096841241,0
1790096841619,1
1790096841619,0
1790096842035,1
1790096842035,0
1790096842436,1
1790096842436,0
1790096842820,1
1790096842820,0
1790096843033,1
1790096843033,0
1790096843260,1
1790096843260,0
1790096844257,1
1790096844257,0
1790096844663,1
1790096844663,0
1790096845009,1
1790096845009,0
1790096845352,1
1790096845352,0
1790096845751,0
1790096845751,0
1790096846028,1
1790096846028,0
1790096846280,1
1790096846280,0
1790096847015,1
1790096847015,0
1790096847433,1
1790096847433,0
1790096847871,1
1790096847871,0
1790096848297,1
1790096848297,0
1790096848708,1
1790096848708,0
1790096849101,1
1790096849101,0
1790096849503,1
1790096849503,0
1790096849835,1
1790096849835,0
1790096850245,1
1790096850245,0
1790096851028,1
1790096851028,0
1790096851257,1
1790096851257,0
1790096851492,1
1790096851492,0
1790096851747,1
1790096851747,0
1790096851967,1
1790096851967,0
1790096852813,1
1790096852813,0
1790096853238,1
1790096853238,0
1790096853490,1
1790096853490,0
1790096853909,1
1790096853909,0
1790096854305,1
1790096854305,0
1790096854688,1
1790096854688,0
1790096855079,1
1790096855079,0
1790096855647,1
1790096855647,0
1790096856002,1
1790096856002,0
1790096856397,1
1790096856397,0
1790096856847,1
1790096856847,0
1790096857219,1
1790096857219,0
1790096857620,1
1790096857620,0
1790096858022,1
1790096858022,0
1790096858392,1
1790096858392,0
1790096858772,1
1790096858772,0
1790096860679,1
1790096860679,0
1790096861012,1
1790096861012,0
1790096861277,1
1790096861277,0
1790096861565,1
1790096861565,0
1790096862038,1
1790096862038,0
1790096862527,1
1790096862527,0
1790096862984,1
1790096862984,0
1790096863421,1
1790096863421,0
1790096863708,1
1790096863708,0
1790096864893,1
1790096864893,0
1790096865339,1
1790096865339,0
1790096865781,1
1790096865781,0
1790096866342,1
1790096866342,0
1790096868306,1
1790096868306,0
1790096869432,1
1790096869432,0
1790096869809,1
1790096869809,0
1790096870174,1
1790096870174,0
1790096870518,1
1790096870519,0
1790096870741,1
1790096870741,0
1790096871085,1
1790096871086,0
1790096871424,1
1790096871424,0
1790096871910,1
1790096871910,0
1790096872299,1
1790096872299,0
1790096872587,1
1790096872588,0
1790096872864,1
1790096872864,0
1790096873129,1
1790096873129,0
1790096873354,1
1790096873354,0
1790096873789,1
1790096873789,0
1790096874030,1
1790096874030,0
1790096874387,1
1790096874387,0
1790096874737,1
1790096874737,0
1790096875095,1
1790096875095,0
1790096875534,1
1790096875535,0
1790096875878,1
1790096875878,0
1790096876235,1
1790096876235,0
1790096876571,1
1790096876571,0
1790096876933,1
1790096876933,0
1790096877349,1
1790096877349,0
1790096877767,1
1790096877767,0
1790096878017,1
1790096878018,0
1790096878420,1
1790096878420,0
1790096878671,1
1790096878671,0
1790096880214,1
1790096880214,0
1790096880654,1
1790096880654,0
1790096881047,1
1790096881047,0
1790096881429,1
1790096881429,0
1790096881790,1
1790096881790,0
1790096882437,1
1790096882437,0
1790096882805,1
1790096882805,0
1790096883181,1
1790096883181,0
1790096883521,1
1790096883521,0
1790096884334,1
1790096884334,0
1790096884560,1
1790096884560,0
1790096884904,1
1790096884904,0
1790096886123,1
1790096886123,0
1790096886540,1
1790096886540,0
1790096886761,1
1790096886761,0
1790096887545,1
1790096887545,0
1790096887761,1
1790096887761,0
1790096887989,1
1790096887989,0
1790096888196,1
1790096888196,0
1790096889277,1
1790096889277,0
1790096890927,1
1790096890927,0
1790096891271,1
1790096891271,0
1790096891487,1
1790096891487,0
1790096892282,1
1790096892282,0
1790096892651,1
1790096892651,0
1790096893031,1
1790096893031,0
1790096893406,1
1790096893406,0
1790096893807,1
1790096893807,0
1790096894152,1
1790096894152,0
1790096894495,1
1790096894495,0
1790096894903,1
1790096894903,0
1790096895244,1
1790096895244,0
1790096895584,1
1790096895584,0
1790096895982,1
1790096895982,0
1790096896393,1
1790096896393,0
1790096896785,1
1790096896785,0
1790096897188,1
1790096897188,0
1790096897560,1
1790096897560,0
1790096897936,1
1790096897936,0
1790096898340,1
1790096898340,0
1790096898710,1
1790096898710,0
1790096899074,1
1790096899074,0
1790096899700,1
1790096899701,0
1790096900098,1
1790096900098,0
1790096900499,1
1790096900500,0
1790096900866,1
1790096900866,0
1790096901277,1
1790096901277,0
1790096901679,1
1790096901679,0
1790096901890,1
1790096901890,0
1790096902107,1
1790096902107,0
1790096902515,1
1790096902515,0
1790096902854,1
1790096902854,0
1790096903203,1
1790096903203,0
1790096903547,1
1790096903547,0
1790096903900,1
1790096903900,0
1790096904285,1
1790096904285,0
1790096904510,1
1790096904510,0
1790096904846,1
1790096904846,0
1790096905257,0
1790096905257,0
1790096905651,1
1790096905651,0
1790096906025,1
1790096906025,0
1790096906243,1
1790096906243,0
1790096906467,1
1790096906468,0
1790096906687,1
1790096906687,0
1790096907248,1
1790096907248,0
1790096907622,1
1790096907622,0
1790096907843,1
1790096907843,0
1790096908062,1
1790096908062,0
1790096908472,1
1790096908472,0
1790096908812,1
1790096908812,0
1790096909146,1
1790096909146,0
1790096909499,1
1790096909499,0
1790096909840,1
1790096909840,0
1790096910194,1
1790096910194,0
1790096910588,1
1790096910588,0
1790096910936,1
1790096910936,0
1790096911146,1
1790096911146,0
1790096911372,0
1790096911372,0
1790096911974,1
1790096911974,0
1790096912360,1
1790096912360,0
1790096912735,1
1790096912735,0
1790096913367,1
1790096913367,0
1790096913766,1
1790096913767,0
1790096914117,1
1790096914118,0
1790096914336,1
1790096914336,0
1790096914687,1
1790096914687,0
1790096915076,1
1790096915076,0
1790096915479,1
1790096915479,0
1790096915875,1
1790096915875,0
1790096916285,0
1790096916285,0
1790096916912,0
1790096916912,0
1790096917283,1
1790096917284,0
1790096917502,1
1790096917502,0
1790096917721,1
1790096917721,0
1790096917936,1
1790096917936,0
1790096918300,1
1790096918301,0
1790096918681,1
1790096918681,0
1790096919053,1
1790096919053,0
1790096919302,1
1790096919302,0
1790096919667,1
1790096919667,0
1790096920001,1
1790096920001,0
1790096920364,1
1790096920364,0
1790096920582,1
1790096920582,0
1790096921190,1
1790096921190,0
1790096921616,1
1790096921616,0
1790096922019,1
1790096922019,0
1790096922418,1
1790096922418,0
1790096922775,1
1790096922775,0
1790096923594,1
1790096923594,0
1790096923927,1
1790096923927,0
1790096924341,1
1790096924341,0
1790096924709,1
1790096924709,0
1790096925074,0
1790096925074,0
1790096925452,1
1790096925452,0
1790096926083,1
1790096926084,0
1790096926487,1
1790096926487,0
1790096926853,1
1790096926853,0
1790096927070,1
1790096927070,0
1790096927440,1
1790096927440,0
1790096927673,1
1790096927673,0
1790096927883,1
1790096927883,0
1790096928103,1
1790096928103,0
1790096928330,1
1790096928330,0
1790096928569,1
1790096928569,0
1790096928939,1
1790096928939,0
1790096929322,1
1790096929322,0
1790096929692,1
1790096929692,0
1790096930067,1
1790096930067,0
1790096930404,1
1790096930404,0
1790096930750,1
1790096930750,0
1790096931115,1
1790096931115,0
1790096931456,1
1790096931456,0
1790096931839,1
1790096931839,0
1790096932229,1
1790096932229,0
1790096932633,1
1790096932633,0
1790096933043,1
1790096933043,0
1790096933902,1
1790096933902,0
1790096934303,1
1790096934303,0
1790096934700,1
1790096934700,0
1790096935102,1
1790096935102,0
1790096935502,1
1790096935502,0
1790096935905,1
1790096935905,0
1790096936300,1
1790096936300,0
1790096937080,1
1790096937080,0
1790096937426,0
1790096937426,0
1790096937761,1
1790096937761,0
1790096938103,1
1790096938103,0
1790096938317,1
1790096938317,0
1790096939387,1
1790096939387,0
1790096939789,1
1790096939789,0
1790096940010,1
1790096940010,0
1790096940224,1
1790096940224,0
1790096940448,1
1790096940448,0
1790096940668,1
1790096940669,0
1790096941005,1
1790096941005,0
1790096941353,1
1790096941353,0
1790096941757,1
1790096941757,0
1790096942094,1
1790096942094,0
1790096942432,1
1790096942433,0
1790096942814,1
1790096942814,0
1790096943034,1
1790096943034,0
1790096943265,1
1790096943266,0
1790096943484,1
1790096943484,0
1790096943890,1
1790096943890,0
1790096944697,1
1790096944697,0
1790096944920,1
1790096944920,0
1790096945132,1
1790096945133,0
1790096945368,1
1790096945368,0
1790096945590,1
1790096945590,0
1790096945822,1
1790096945822,0
1790096946029,1
1790096946029,0
1790096946257,1
1790096946257,0
1790096946865,0
1790096946866,0
1790096947198,1
1790096947200,0
1790096947536,1
1790096947536,0
1790096947881,1
1790096947881,0
1790096948939,1
1790096948939,0
1790096949297,1
1790096949297,0
1790096949692,1
1790096949692,0
1790096950235,1
1790096950236,0
1790096950873,1
1790096950873,0
1790096951276,1
1790096951276,0
1790096951678,1
1790096951678,0
1790096952082,1
1790096952082,0
1790096952492,1
1790096952492,0
1790096952887,1
1790096952887,0
1790096953224,1
1790096953224,0
1790096953565,1
1790096953566,0
1790096953916,1
1790096953916,0
1790096954480,1
1790096954480,0
1790096954818,1
1790096954818,0
1790096955163,1
1790096955163,0
1790096955381,1
1790096955381,0
1790096955777,1
1790096955777,0
1790096956171,1
1790096956171,0
1790096956547,1
1790096956547,0
1790096957182,1
1790096957182,0
1790096957415,1
1790096957416,0
1790096957638,1
1790096957638,0
1790096957865,1
1790096957865,0
1790096958262,1
1790096958263,0
1790096958612,1
1790096958612,0
1790096959016,1
1790096959016,0
1790096959362,1
1790096959362,0
1790096959701,1
1790096959701,0
1790096960097,1
1790096960097,0
1790096960441,1
1790096960441,0
1790096960781,1
1790096960781,0
1790096961122,1
1790096961122,0
1790096961741,1
1790096961741,0
1790096962137,1
1790096962137,0
1790096962516,1
1790096962516,0
1790096962736,1
1790096962736,0
1790096963128,1
1790096963128,0
1790096963508,1
1790096963508,0
1790096963870,1
1790096963870,0
1790096964251,1
1790096964251,0
1790096964626,1
1790096964626,0
1790096965219,1
1790096965219,0
1790096965625,1
1790096965625,0
1790096965845,1
1790096965845,0
1790096966068,1
1790096966068,0
1790096966285,1
1790096966285,0
1790096967275,1
1790096967275,0
1790096967614,1
1790096967614,0
1790096967949,1
1790096967950,0
1790096968176,1
1790096968176,0
1790096968574,1
1790096968574,0
1790096968792,1
1790096968792,0
1790096969154,1
1790096969154,0
1790096969532,1
1790096969533,0
1790096969905,1
1790096969905,0
1790096970282,1
1790096970283,0
1790096970859,1
1790096970859,0
1790096971423,1
1790096971423,0
1790096971765,1
1790096971766,0
1790096972125,1
1790096972125,0
1790096972542,1
1790096972542,0
1790096972944,1
1790096972944,0
1790096973349,1
1790096973349,0
1790096973689,1
1790096973689,0
1790096974032,1
1790096974034,0
1790096974383,1
1790096974383,0
1790096974769,1
1790096974769,0
1790096975391,1
1790096975391,0
1790096976725,1
1790096976725,0
1790096977318,1
1790096977318,0
1790096977700,1
1790096977700,0
1790096978111,1
1790096978111,0
1790096979182,1
1790096979182,0
1790096979556,1
1790096979556,0
1790096979890,1
1790096979890,0
1790096980235,1
1790096980235,0
1790096980624,1
1790096980624,0
1790096981028,1
1790096981028,0
1790096981433,1
1790096981433,0
1790096981842,1
1790096981842,0
1790096982235,1
1790096982235,0
1790096982623,1
1790096982623,0
1790096982974,1
1790096982974,0
1790096983384,1
1790096983384,0
1790096983600,1
1790096983600,0
1790096984003,1
1790096984003,0
1790096984414,1
1790096984414,0
1790096985008,1
1790096985008,0
1790096985415,1
1790096985416,0
1790096985832,1
1790096985832,0
1790096986206,1
1790096986206,0
1790096986436,1
1790096986436,0
1790096986655,1
1790096986655,0
1790096987033,1
1790096987033,0
1790096987408,1
1790096987408,0
1790096988003,1
1790096988003,0
1790096988354,1
1790096988354,0
1790096988694,1
1790096988694,0
1790096989033,1
1790096989033,0
1790096989268,0
1790096989268,0
1790096989481,1
1790096989481,0
1790096989882,1
1790096989882,0
1790096990284,1
1790096990284,0
1790096990704,1
1790096990704,0
1790096991316,1
1790096991316,0
1790096991724,1
1790096991724,0
1790096992113,1
1790096992113,0
1790096992523,1
1790096992523,0
1790096992865,1
1790096992865,0
1790096993232,1
1790096993232,0
1790096993460,1
1790096993460,0
1790096994087,1
1790096994087,0
1790096994454,0
1790096994454,0
1790096994842,1
1790096994842,0
1790096995257,1
1790096995257,0
1790096995638,1
1790096995638,0
1790096996008,1
1790096996008,0
1790096996236,1
1790096996236,0
1790096996673,1
1790096996673,0
1790096996897,1
1790096996897,0
1790096997146,1
1790096997146,0
1790096998503,1
1790096998503,0
1790096998899,1
1790096998899,0
1790096999301,1
1790096999301,0
1790096999983,1
1790096999983,0
1790097000235,1
1790097000235,0
1790097000464,1
1790097000464,0
1790097000681,1
1790097000681,0
1790097000942,1
1790097000942,0
1790097001295,1
1790097001295,0
1790097001741,1
1790097001741,0
1790097003069,1
1790097003069,0
1790097003456,1
1790097003456,0
1790097003860,1
1790097003860,0
1790097004109,1
1790097004109,0
1790097004902,1
1790097004902,0
1790097005249,1
1790097005249,0
1790097005464,1
1790097005464,0
1790097005839,1
1790097005839,0
1790097006205,1
1790097006205,0
1790097006570,1
1790097006570,0
1790097006949,1
1790097006949,0
1790097007160,1
1790097007160,0
1790097007501,1
1790097007501,0
1790097008065,1
1790097008065,0
1790097008422,1
1790097008422,0
1790097008760,1
1790097008760,0
1790097009126,1
1790097009126,0
1790097009458,1
1790097009458,0
1790097009817,1
1790097009817,0
1790097010165,1
1790097010165,0
1790097010944,1
1790097010944,0
1790097011545,1
1790097011545,0
1790097012771,1
1790097012771,0
1790097013107,1
1790097013107,0
1790097013481,1
1790097013482,0
1790097014274,1
1790097014274,0
1790097014682,1
1790097014682,0
1790097015087,1
1790097015087,0
1790097015492,1
1790097015492,0
1790097015858,1
1790097015858,0
1790097016088,1
1790097016088,0
1790097016308,1
1790097016308,0
1790097016713,1
1790097016713,0
1790097016927,1
1790097016927,0
1790097017480,1
1790097017480,0
1790097017824,1
1790097017824,0
1790097018169,1
1790097018169,0
1790097018509,1
1790097018509,0
1790097018738,1
1790097018738,0
1790097019071,1
1790097019071,0
1790097019296,1
1790097019296,0
1790097019670,1
1790097019670,0
1790097020049,1
1790097020049,0
1790097020392,1
1790097020392,0
1790097020784,1
1790097020784,0
1790097021190,1
1790097021190,0
1790097021587,1
1790097021587,0
1790097021989,1
1790097021989,0
1790097022348,1
1790097022348,0
1790097022725,1
1790097022725,0
1790097023124,1
1790097023124,0
1790097023772,1
1790097023772,0
1790097023997,0
1790097023997,0
1790097024231,1
1790097024231,0
1790097024449,1
1790097024449,0
1790097024679,1
1790097024679,0
1790097025297,1
1790097025297,0
1790097025640,0
1790097025640,0
1790097026418,1
1790097026418,0
1790097026787,1
1790097026787,0
1790097027174,1
1790097027174,0
1790097027542,1
1790097027542,0
1790097028166,1
1790097028166,0
1790097028621,1
1790097028621,0
1790097029178,1
1790097029178,0
1790097029406,1
1790097029406,0
1790097029744,1
1790097029744,0
1790097030078,1
1790097030078,0
1790097030415,0
1790097030415,0
1790097030784,0
1790097030784,0
1790097031185,1
1790097031185,0
1790097031531,0
1790097031531,0
1790097031901,1
1790097031901,0
1790097032121,1
1790097032121,0
1790097032337,1
1790097032337,0
1790097032712,1
1790097032712,0
1790097033717,1
1790097033717,0
1790097034053,1
1790097034053,0
1790097034387,1
1790097034387,0
1790097035247,1
1790097035247,0
1790097035482,1
1790097035482,0
1790097035714,0
1790097035714,0
1790097035932,1
1790097035932,0
1790097036368,1
1790097036368,0
1790097036761,1
1790097036761,0
1790097037163,1
1790097037163,0
1790097037568,1
1790097037568,0
1790097037906,1
1790097037906,0
1790097038309,1
1790097038309,0
1790097038733,1
1790097038733,0
1790097039132,1
1790097039132,0
1790097039475,1
1790097039475,0
1790097039874,1
1790097039874,0
1790097040274,1
1790097040275,0
1790097040525,0
1790097040525,0
1790097040769,1
1790097040769,0
1790097041214,1
1790097041214,0
1790097041451,1
1790097041451,0
1790097041668,1
1790097041668,0
1790097041891,1
1790097041891,0
1790097042219,1
1790097042219,0
1790097042816,1
1790097042816,0
1790097043166,1
1790097043166,0
1790097043502,1
1790097043502,0
1790097043882,1
1790097043882,0
1790097044097,1
1790097044097,0
1790097044325,1
1790097044325,0
1790097044548,1
1790097044548,0
1790097045196,1
1790097045196,0
1790097045615,1
1790097045615,0
1790097046051,1
1790097046051,0
1790097046393,1
1790097046393,0
1790097047674,1
1790097047674,0
1790097048238,1
1790097048238,0
1790097048638,1
1790097048638,0
1790097049043,1
1790097049043,0
1790097049416,0
1790097049416,0
1790097049757,1
1790097049757,0
1790097050099,1
1790097050099,0
1790097050437,1
1790097050437,0
1790097051032,1
1790097051032,0
1790097051414,1
1790097051414,0
1790097051826,1
1790097051826,0
1790097052046,1
1790097052046,0
1790097052259,1
1790097052259,0
1790097053552,1
1790097053552,0
1790097053895,1
1790097053895,0
1790097054270,1
1790097054270,0
1790097054609,1
1790097054609,0
1790097054962,1
1790097054962,0
1790097055306,1
1790097055306,0
1790097056508,1
1790097056508,0
1790097056848,1
1790097056848,0
1790097057259,1
1790097057259,0
1790097057505,1
1790097057505,0
1790097057858,1
1790097057858,0
1790097059141,1
1790097059141,0
1790097059555,1
1790097059555,0
1790097059901,1
1790097059901,0
1790097060137,1
1790097060137,0
1790097060362,1
1790097060362,0
1790097060713,1
1790097060713,0
1790097061692,1
1790097061692,0
1790097062094,1
1790097062094,0
1790097062501,1
1790097062501,0
1790097062717,1
1790097062717,0
1790097063137,1
1790097063137,0
1790097063552,1
1790097063552,0
1790097063917,1
1790097063917,0
1790097064298,1
1790097064298,0
1790097064671,1
1790097064671,0
1790097065046,1
1790097065046,0
1790097065267,1
1790097065267,0
1790097065492,1
1790097065492,0
1790097065834,1
1790097065834,0
1790097066073,1
1790097066073,0
1790097066284,1
1790097066284,0
1790097066691,1
1790097066691,0
1790097067059,1
1790097067059,0
1790097067417,1
1790097067417,0
1790097067810,1
1790097067810,0
1790097068235,1
1790097068235,0
1790097068570,1
1790097068570,0
1790097068915,1
1790097068915,0
1790097069472,1
1790097069472,0
1790097069823,1
1790097069823,0
1790097070199,1
1790097070199,0
1790097070571,1
1790097070571,0
1790097070936,1
1790097070936,0
1790097071312,1
1790097071312,0
1790097071757,1
1790097071757,0
1790097072099,1
1790097072099,0
1790097072323,1
1790097072323,0
1790097072546,1
1790097072546,0
1790097073657,1
1790097073657,0
1790097073878,1
1790097073878,0
1790097074101,1
1790097074101,0
1790097074326,1
1790097074326,0
1790097074563,1
1790097074563,0
1790097074794,1
1790097074794,0
1790097075209,1
1790097075209,0
1790097075617,1
1790097075617,0
1790097076012,1
1790097076012,0
1790097076412,1
1790097076412,0
1790097076747,1
1790097076747,0
1790097077106,1
1790097077106,0
1790097077335,1
1790097077335,0
1790097077545,1
1790097077545,0
1790097077781,1
1790097077781,0
1790097078187,1
1790097078187,0
1790097078412,1
1790097078412,0
1790097078631,1
1790097078631,0
1790097078858,1
1790097078858,0
1790097079233,1
1790097079233,0
1790097080118,1
1790097080118,0
1790097080339,1
1790097080339,0
1790097080742,1
1790097080742,0
1790097081151,1
1790097081151,0
1790097081556,1
1790097081556,0
1790097081958,1
1790097081958,0
1790097082355,1
1790097082355,0
1790097082696,1
1790097082697,0
1790097083025,1
1790097083025,0
1790097083248,1
1790097083248,0
1790097083468,1
1790097083468,0
1790097083873,1
1790097083873,0
1790097084938,1
1790097084938,0
1790097085777,1
1790097085777,0
1790097086434,1
1790097086434,0
1790097086654,1
1790097086654,0
1790097086868,1
1790097086868,0
1790097087087,1
1790097087087,0
1790097087512,1
1790097087512,0
1790097087859,1
1790097087859,0
1790097088657,1
1790097088657,0
1790097088890,1
1790097088890,0
1790097089099,1
1790097089099,0
1790097089313,1
1790097089313,0
1790097089872,1
1790097089872,0
1790097090216,1
1790097090216,0
1790097090831,1
1790097090831,0
1790097091266,0
1790097091266,0
1790097091486,1
1790097091486,0
1790097091702,1
1790097091702,0
1790097091946,1
1790097091946,0
1790097092337,1
1790097092337,0
1790097092573,1
1790097092573,0
1790097092939,1
1790097092939,0
1790097093310,1
1790097093310,0
1790097093677,1
1790097093677,0
1790097094255,1
1790097094255,0
1790097094601,1
1790097094601,0
1790097094939,1
1790097094939,0
1790097095985,1
1790097095985,0
1790097096330,1
1790097096330,0
1790097096739,1
1790097096739,0
1790097097081,1
1790097097081,0
1790097097419,1
1790097097419,0
1790097097770,1
1790097097770,0
1790097098124,1
1790097098124,0
1790097098337,1
1790097098337,0
1790097098682,1
1790097098682,0
1790097099082,1
1790097099082,0
1790097099426,1
1790097099426,0
1790097099769,1
1790097099769,0
1790097100173,1
1790097100173,0
1790097100567,1
1790097100567,0
1790097100980,1
1790097100980,0
1790097101378,1
1790097101378,0
1790097101943,1
1790097101943,0
1790097102308,1
1790097102308,0
1790097102551,1
1790097102551,0
1790097102882,1
1790097102882,0
1790097103231,1
1790097103231,0
1790097103640,1
1790097103640,0
1790097104045,1
1790097104046,0
1790097104457,1
1790097104457,0
1790097104869,1
1790097104869,0
1790097105212,1
1790097105212,0
1790097105582,1
1790097105582,0
1790097105961,1
1790097105961,0
1790097106330,1
1790097106330,0
1790097106703,1
1790097106703,0
1790097107044,0
1790097107044,0
1790097107257,1
1790097107257,0
1790097107480,1
1790097107480,0
1790097107702,0
1790097107702,0
1790097107914,1
1790097107914,0
1790097108297,1
1790097108298,0
1790097108693,1
1790097108693,0
1790097109123,1
1790097109123,0
1790097109761,1
1790097109761,0
1790097110095,0
1790097110095,0
1790097110436,1
1790097110436,0
1790097110786,1
1790097110786,0
1790097111141,1
1790097111141,0
1790097111729,1
1790097111730,0
1790097112360,1
1790097112360,0
1790097112769,1
1790097112769,0
1790097113110,1
1790097113110,0
1790097113478,1
1790097113478,0
1790097113842,1
1790097113842,0
1790097114214,1
1790097114214,0
1790097114558,1
1790097114558,0
1790097114905,1
1790097114905,0
1790097115232,1
1790097115232,0
1790097115588,1
1790097115588,0
1790097115820,1
1790097115820,0
1790097116051,1
1790097116051,0
1790097116413,1
1790097116413,0
1790097116795,1
1790097116796,0
1790097117189,1
1790097117189,0
1790097117567,1
1790097117567,0
1790097117779,1
1790097117779,0
1790097118160,1
1790097118160,0
1790097119153,1
1790097119153,0
1790097119529,1
1790097119529,0
1790097119919,1
1790097119919,0
1790097120283,1
1790097120283,0
1790097120662,1
1790097120662,0
1790097121024,1
1790097121024,0
1790097121368,1
1790097121368,0
1790097121774,1
1790097121774,0
1790097122148,1
1790097122148,0
1790097122542,1
1790097122542,0
1790097122930,1
1790097122930,0
1790097123289,1
1790097123289,0
1790097123633,1
1790097123633,0
1790097123980,1
1790097123980,0
1790097124374,1
1790097124374,0
1790097124601,1
1790097124601,0
1790097125199,1
1790097125199,0
1790097125575,1
1790097125575,0
1790097125792,1
1790097125792,0
1790097126678,1
1790097126678,0
1790097127081,1
1790097127081,0
1790097127473,1
1790097127473,0
1790097127807,1
1790097127807,0
1790097128041,1
1790097128041,0
1790097128374,1
1790097128374,0
1790097128716,1
1790097128716,0
1790097129065,0
1790097129065,0
1790097129412,1
1790097129412,0
1790097129755,1
1790097129755,0
1790097130183,1
1790097130183,0
1790097130629,0
1790097130629,0
1790097131009,1
1790097131009,0
1790097131389,1
1790097131389,0
1790097131960,1
1790097131960,0
1790097132299,1
1790097132299,0
1790097132647,1
1790097132647,0
1790097132999,1
1790097132999,0
1790097133367,1
1790097133367,0
1790097133744,1
1790097133744,0
1790097134098,1
1790097134098,0
1790097134495,1
1790097134495,0
1790097134722,1
1790097134722,0
1790097135097,1
1790097135097,0
1790097135468,1
1790097135468,0
1790097135840,1
1790097135840,0
1790097136219,1
1790097136219,0
1790097136598,1
1790097136598,0
1790097136941,1
1790097136941,0
1790097137278,1
1790097137278,0
1790097137681,1
1790097137681,0
1790097138095,1
1790097138095,0
1790097138458,1
1790097138458,0
1790097138872,1
1790097138872,0
1790097139270,1
1790097139270,0
1790097139674,1
1790097139674,0
1790097140082,0
1790097140082,0
1790097140302,1
1790097140302,0
1790097140513,1
1790097140513,0
1790097140864,1
1790097140864,0
1790097141217,1
1790097141217,0
1790097141606,1
1790097141606,0
1790097141826,1
1790097141826,0
1790097142050,1
1790097142050,0
1790097142254,1
1790097142254,0
1790097142486,1
1790097142486,0
1790097142720,1
1790097142720,0
1790097143339,1
1790097143339,0
1790097144167,1
1790097144167,0
1790097144570,1
1790097144570,0
1790097144961,1
1790097144961,0
1790097145364,1
1790097145364,0
1790097145991,1
1790097145991,0
1790097146394,1
1790097146394,0
1790097146734,1
1790097146734,0
1790097147071,1
1790097147071,0
1790097147416,1
1790097147416,0
1790097147788,1
1790097147788,0
1790097148157,1
1790097148157,0
1790097148535,1
1790097148535,0
1790097148903,1
1790097148903,0
1790097149316,1
1790097149316,0
1790097149674,1
1790097149674,0
1790097150085,1
1790097150085,0
1790097150298,1
1790097150298,0
1790097150525,1
1790097150525,0
1790097150900,1
1790097150900,0
1790097151227,1
1790097151227,0
1790097151575,1
1790097151575,0
1790097151919,1
1790097151919,0
1790097152314,1
1790097152314,0
1790097152687,1
1790097152687,0
1790097153107,1
1790097153107,0
1790097153743,1
1790097153743,0
1790097154021,1
1790097154021,0
1790097155468,1
1790097155468,0
1790097155690,1
1790097155690,0
1790097156103,1
1790097156103,0
1790097156504,1
1790097156504,0
1790097156736,1
1790097156736,0
1790097157708,1
1790097157708,0
1790097158164,1
1790097158164,0
1790097158578,1
1790097158578,0
1790097158951,1
1790097158951,0
1790097159167,1
1790097159167,0
1790097159570,1
1790097159570,0
1790097159979,1
1790097159979,0
1790097160381,1
1790097160381,0
1790097160787,1
1790097160787,0
1790097161179,1
1790097161179,0
1790097161566,1
1790097161566,0
1790097161939,1
1790097161939,0
1790097162329,0
1790097162329,0
1790097162698,1
1790097162698,0
1790097163070,1
1790097163070,0
1790097163680,1
1790097163680,0
1790097164054,1
1790097164054,0
1790097164422,1
1790097164422,0
1790097164805,1
1790097164805,0
1790097165216,1
1790097165216,0
1790097165613,1
1790097165613,0
1790097165945,1
1790097165945,0
1790097166356,1
1790097166356,0
1790097166699,1
1790097166699,0
1790097166914,1
1790097166914,0
1790097167135,1
1790097167135,0
1790097167347,1
1790097167347,0
1790097167558,1
1790097167558,0
1790097167935,1
1790097167935,0
1790097168157,1
1790097168157,0
1790097168371,1
1790097168371,0
1790097169934,1
1790097169934,0
1790097170166,1
1790097170166,0
1790097170386,1
1790097170386,0
1790097170732,1
1790097170732,0
1790097171150,1
1790097171150,0
1790097171563,1
1790097171563,0
1790097172810,1
1790097172810,0
1790097173198,1
1790097173198,0
1790097173614,1
1790097173614,0
1790097173964,1
1790097173964,0
1790097174312,1
1790097174313,0
1790097174708,1
1790097174708,0
1790097175054,1
1790097175054,0
1790097175397,1
1790097175397,0
1790097175739,1
1790097175739,0
1790097176086,1
1790097176086,0
1790097176488,1
1790097176488,0
1790097176883,1
1790097176883,0
1790097177286,1
1790097177286,0
1790097177889,1
1790097177889,0
1790097178300,1
1790097178300,0
1790097178668,1
1790097178668,0
1790097179030,0
1790097179030,0
1790097179416,1
1790097179416,0
1790097179838,1
1790097179838,0
1790097180478,1
1790097180478,0
1790097180846,1
1790097180846,0
1790097181246,1
1790097181246,0
1790097181664,1
1790097181664,0
1790097181892,1
1790097181892,0
1790097182106,1
1790097182106,0
1790097182332,1
1790097182332,0
1790097182715,1
1790097182715,0
1790097183064,1
1790097183064,0
1790097183421,1
1790097183421,0
1790097183762,1
1790097183762,0
1790097184202,1
1790097184202,0
1790097184556,1
1790097184556,0
1790097184951,1
1790097184951,0
1790097185355,1
1790097185355,0
1790097185749,1
1790097185749,0
1790097186177,0
1790097186178,0
1790097186612,1
1790097186612,0
1790097186997,1
1790097186997,0
1790097187862,1
1790097187862,0
1790097189039,1
1790097189039,0
1790097189382,1
1790097189382,0
1790097189739,1
1790097189739,0
1790097190109,1
1790097190109,0
1790097190506,1
1790097190506,0
1790097190917,1
1790097190917,0
1790097191293,1
1790097191293,0
1790097191691,1
1790097191691,0
1790097192088,0
1790097192088,0
1790097192487,1
1790097192487,0
1790097193087,1
1790097193087,0
1790097194200,1
1790097194200,0
1790097194412,1
1790097194412,0
1790097194623,1
1790097194623,0
1790097194973,1
1790097194973,0
1790097195318,1
1790097195318,0
1790097195665,1
1790097195665,0
1790097196002,1
1790097196002,0
1790097196231,1
1790097196231,0
1790097196585,1
1790097196585,0
1790097196927,0
1790097196927,0
1790097197289,1
1790097197289,0
1790097197619,1
1790097197619,0
1790097197957,1
1790097197957,0
1790097198767,1
1790097198767,0
1790097198995,1
1790097198995,0
1790097199213,1
1790097199213,0
1790097199628,1
1790097199628,0
1790097200006,1
1790097200006,0
1790097200395,1
1790097200395,0
1790097200762,1
1790097200762,0
1790097200987,1
1790097200987,0
1790097201364,1
1790097201364,0
1790097201734,1
1790097201734,0
1790097201965,1
1790097201965,0
1790097202337,0
1790097202344,0
1790097202690,1
1790097202690,0
1790097203041,1
1790097203041,0
1790097203386,1
1790097203386,0
1790097203747,1
1790097203747,0
1790097204097,0
1790097204097,0
1790097204465,1
1790097204465,0
1790097205017,1
1790097205017,0
1790097205843,1
1790097205843,0
1790097206182,1
1790097206182,0
1790097206528,1
1790097206528,0
1790097206867,1
1790097206867,0
1790097207093,1
1790097207093,0
1790097207307,1
1790097207307,0
1790097207536,1
1790097207536,0
1790097207883,1
1790097207883,0
1790097208231,1
1790097208231,0
1790097208595,1
1790097208595,0
1790097208997,1
1790097208997,0
1790097209391,1
1790097209391,0
1790097209796,1
1790097209796,0
1790097210206,1
1790097210206,0
1790097210437,1
1790097210437,0
1790097210654,1
1790097210654,0
1790097211021,1
1790097211021,0
1790097211400,1
1790097211400,0
1790097211773,1
1790097211773,0
1790097212369,1
1790097212369,0
1790097212742,1
1790097212742,0
1790097213122,1
1790097213122,0
1790097213499,0
1790097213499,0
1790097214264,1
1790097214264,0
1790097214608,1
1790097214608,0
1790097214997,1
1790097214999,0
1790097215337,1
1790097215337,0
1790097215681,1
1790097215681,0
1790097216019,1
1790097216019,0
1790097216358,1
1790097216358,0
1790097216736,1
1790097216736,0
1790097217140,1
1790097217140,0
1790097217502,1
1790097217502,0
1790097218278,1
1790097218278,0
1790097218620,1
1790097218620,0
1790097218956,1
1790097218956,0
1790097219296,1
1790097219296,0
1790097220290,1
1790097220290,0
1790097220663,1
1790097220663,0
1790097222223,1
1790097222223,0
1790097223331,1
1790097223331,0
1790097223557,1
1790097223557,0
1790097223780,1
1790097223780,0
1790097224118,1
1790097224118,0
1790097224490,1
1790097224490,0
1790097224893,1
1790097224893,0
1790097225111,1
1790097225111,0
1790097225888,1
1790097225888,0
1790097226224,1
1790097226224,0
1790097226563,1
1790097226563,0
1790097226911,1
1790097226911,0
1790097227703,1
1790097227703,0
1790097228031,1
1790097228031,0
1790097228384,1
1790097228384,0
1790097228777,1
1790097228777,0
1790097229184,1
1790097229184,0
1790097229581,1
1790097229581,0
1790097229986,1
1790097229987,0
1790097230316,1
1790097230316,0
1790097230717,1
1790097230717,0
1790097231118,1
1790097231118,0
1790097231485,1
1790097231485,0
1790097232123,1
1790097232123,0
1790097232344,1
1790097232344,0
1790097232554,1
1790097232554,0
1790097232776,1
1790097232776,0
1790097233000,1
1790097233000,0
1790097233397,1
1790097233397,0
1790097233792,1
1790097233792,0
1790097234194,1
1790097234195,0
1790097235026,1
1790097235026,0
1790097235394,1
1790097235394,0
1790097235772,1
1790097235772,0
1790097236142,1
1790097236142,0
1790097236553,1
1790097236553,0
1790097236771,1
1790097236771,0
1790097237005,1
1790097237005,0
1790097237442,1
1790097237442,0
1790097239221,1
1790097239221,0
1790097239635,1
1790097239635,0
1790097240025,1
1790097240025,0
1790097240405,1
1790097240405,0
1790097240770,1
1790097240770,0
1790097241169,1
1790097241169,0
1790097241537,1
1790097241537,0
1790097241911,1
1790097241911,0
1790097242127,1
1790097242127,0
1790097242351,1
1790097242351,0
1790097242719,1
1790097242719,0
1790097243128,1
1790097243128,0
1790097243345,1
1790097243345,0
1790097243564,1
1790097243564,0
1790097243772,1
1790097243772,0
1790097243996,1
1790097243996,0
1790097244208,1
1790097244208,0
1790097244436,1
1790097244436,0
1790097244842,1
1790097244842,0
1790097245211,1
1790097245211,0
1790097245446,1
1790097245446,0
1790097245670,1
1790097245670,0
1790097246024,1
1790097246024,0
1790097247017,1
1790097247017,0
1790097247354,1
1790097247354,0
1790097247684,1
1790097247684,0
1790097248033,1
1790097248033,0
1790097248411,1
1790097248411,0
1790097248750,1
1790097248750,0
1790097249093,1
1790097249093,0
1790097249431,1
1790097249431,0
1790097249778,1
1790097249778,0
1790097250118,1
1790097250118,0
1790097250343,1
1790097250343,0
1790097250949,1
1790097250949,0
1790097251326,1
1790097251326,0
1790097251699,1
1790097251699,0
1790097252047,1
1790097252047,0
1790097252448,1
1790097252448,0
1790097252851,1
1790097252851,0
1790097253253,1
1790097253253,0
1790097253659,1
1790097253660,0
1790097254058,1
1790097254058,0
1790097254462,1
1790097254462,0
1790097254832,1
1790097254832,0
1790097255053,1
1790097255053,0
1790097255390,1
1790097255390,0
1790097255607,1
1790097255607,0
1790097255833,1
1790097255833,0
1790097256036,1
1790097256036,0
1790097256262,1
1790097256262,0
1790097256598,1
1790097256598,0
1790097256959,1
1790097256960,0
1790097257192,1
1790097257192,0
1790097257570,1
1790097257570,0
1790097257946,1
1790097257946,0
1790097258294,1
1790097258294,0
1790097258699,1
1790097258699,0
1790097259098,1
1790097259098,0
1790097259491,1
1790097259491,0
1790097259869,1
1790097259869,0
1790097260754,1
1790097260754,0
1790097261144,1
1790097261144,0
1790097261367,1
1790097261367,0
1790097261578,1
1790097261578,0
1790097261800,1
1790097261800,0
1790097262012,1
1790097262012,0
1790097262406,1
1790097262406,0
1790097262766,1
1790097262766,0
1790097262988,1
1790097262988,0
1790097263765,1
1790097263765,0
1790097264628,1
1790097264628,0
1790097265475,1
1790097265475,0
1790097265843,1
1790097265843,0
1790097266249,1
1790097266249,0
1790097266470,1
1790097266470,0
1790097266690,1
1790097266690,0
1790097266908,1
1790097266908,0
1790097267119,1
1790097267119,0
1790097267669,1
1790097267669,0
1790097268009,1
1790097268009,0
1790097268209,1
1790097268210,0
1790097268426,1
1790097268426,0
1790097268763,1
1790097268763,0
1790097269097,1
1790097269097,0
1790097269453,1
1790097269453,0
1790097269787,1
1790097269787,0
1790097270234,1
1790097270234,0
1790097270451,1
1790097270451,0
1790097270680,1
1790097270680,0
1790097271090,1
1790097271090,0
1790097271547,1
1790097271547,0
1790097271780,1
1790097271780,0
1790097271996,1
1790097271996,0
1790097272226,1
1790097272226,0
1790097272629,1
1790097272630,0
1790097272968,1
1790097272968,0
1790097273344,1
1790097273344,0
1790097273681,1
1790097273681,0
1790097274024,1
1790097274024,0
1790097274391,1
1790097274391,0
1790097274613,1
1790097274613,0
1790097274830,1
1790097274830,0
1790097275051,1
1790097275052,0
1790097275392,1
1790097275392,0
1790097275767,1
1790097275767,0
1790097276130,1
1790097276130,0
1790097276562,1
1790097276563,0
1790097277129,1
1790097277129,0
1790097277485,1
1790097277485,0
1790097277830,1
1790097277830,0
1790097278168,1
1790097278168,0
1790097279171,1
1790097279171,0
1790097279546,1
1790097279546,0
1790097279914,1
1790097279914,0
1790097280280,1
1790097280280,0
1790097280648,1
1790097280648,0
1790097281028,1
1790097281028,0
1790097281257,1
1790097281257,0
1790097281630,1
1790097281630,0
1790097282000,1
1790097282000,0
1790097282346,1
1790097282346,0
1790097282710,1
1790097282710,0
1790097283112,1
1790097283112,0
1790097283330,1
1790097283330,0
1790097283551,1
1790097283551,0
1790097283780,1
1790097283780,0
1790097283993,1
1790097283993,0
1790097284344,1
1790097284344,0
1790097284696,1
1790097284696,0
1790097285076,1
1790097285076,0
1790097285302,1
1790097285302,0
1790097285513,1
1790097285513,0
1790097286824,1
1790097286824,0
1790097287040,1
1790097287040,0
1790097287258,1
1790097287258,0
1790097287619,1
1790097287619,0
1790097287840,1
1790097287840,0
1790097288220,1
1790097288220,0
1790097288577,1
1790097288577,0
1790097288960,1
1790097288960,0
1790097289319,1
1790097289319,0
1790097289701,1
1790097289701,0
1790097290063,1
1790097290063,0
1790097290472,1
1790097290472,0
1790097290884,1
1790097290884,0
1790097291287,1
1790097291287,0
1790097291634,1
1790097291634,0
1790097292011,1
1790097292011,0
1790097292376,1
1790097292376,0
1790097292733,1
1790097292733,0
1790097293139,1
1790097293139,0
1790097293543,1
1790097293543,0
1790097293942,1
1790097293943,0
1790097294536,1
1790097294537,0
1790097294880,1
1790097294880,0
1790097295220,1
1790097295220,0
1790097295557,1
1790097295557,0
1790097295897,1
1790097295897,0
1790097296237,1
1790097296237,0
1790097296611,1
1790097296611,0
1790097297223,1
1790097297223,0
1790097297593,1
1790097297593,0
1790097297977,1
1790097297977,0
1790097298429,1
1790097298429,0
1790097298653,1
1790097298653,0
1790097298873,1
1790097298873,0
1790097299238,1
1790097299238,0
1790097299879,1
1790097299879,0
1790097300097,1
1790097300097,0
1790097300470,1
1790097300470,0
1790097300851,1
1790097300851,0
1790097301217,1
1790097301217,0
1790097301593,1
1790097301593,0
1790097301962,1
1790097301962,0
1790097302518,1
1790097302518,0
1790097303118,1
1790097303118,0
1790097303482,1
1790097303482,0
1790097303852,1
1790097303852,0
1790097304199,1
1790097304199,0
1790097304532,1
1790097304532,0
1790097304875,1
1790097304875,0
1790097305278,1
1790097305278,0
1790097305515,1
1790097305515,0
1790097305745,1
1790097305745,0
1790097306109,1
1790097306109,0
1790097306505,1
1790097306505,0
1790097307125,1
1790097307125,0
1790097307524,1
1790097307524,0
1790097307923,1
1790097307923,0
1790097308326,1
1790097308326,0
1790097308703,1
1790097308703,0
1790097309098,1
1790097309098,0
1790097309469,1
1790097309469,0
1790097309837,1
1790097309837,0
1790097310211,1
1790097310211,0
1790097310616,1
1790097310616,0
1790097311883,1
1790097311883,0
1790097312233,1
1790097312233,0
1790097312631,1
1790097312631,0
1790097313053,1
1790097313053,0
1790097313447,1
1790097313447,0
1790097313679,1
1790097313679,0
1790097313889,1
1790097313890,0
1790097314114,1
1790097314114,0
1790097314334,1
1790097314334,0
1790097314673,1
1790097314673,0
1790097315023,1
1790097315023,0
1790097315591,1
1790097315591,0
1790097315949,1
1790097315949,0
1790097316280,1
1790097316280,0
1790097317158,1
1790097317158,0
1790097317507,1
1790097317507,0
1790097317825,1
1790097317825,0
1790097318285,1
1790097318285,0
1790097318624,1
1790097318624,0
1790097319884,1
1790097319884,0
1790097320290,1
1790097320290,0
1790097320626,1
1790097320626,0
1790097320925,1
1790097320925,0
1790097321217,1
1790097321217,0
1790097321597,1
1790097321597,0
1790097321985,1
1790097321985,0
1790097322461,1
1790097322461,0
1790097322842,1
1790097322842,0
1790097323459,1
1790097323459,0
1790097323833,1
1790097323833,0
1790097324261,1
1790097324261,0
1790097324895,1
1790097324895,0
1790097325286,1
1790097325286,0
1790097325685,1
1790097325685,0
1790097326129,1
1790097326129,0
1790097326500,1
1790097326500,0
1790097326867,1
1790097326867,0
1790097327378,1
1790097327378,0
1790097327871,1
1790097327871,0
1790097329032,1
1790097329032,0
1790097329420,1
1790097329420,0
1790097329800,1
1790097329800,0
1790097330173,1
1790097330173,0
1790097330844,1
1790097330844,0
1790097331274,1
1790097331274,0
1790097331531,1
1790097331531,0
1790097331930,1
1790097331930,0
1790097332386,1
1790097332386,0
1790097332744,1
1790097332744,0
1790097333117,1
1790097333117,0
1790097333488,1
1790097333488,0
1790097333858,1
1790097333858,0
1790097334125,1
1790097334125,0
1790097334507,1
1790097334507,0
1790097334778,1
1790097334778,0
1790097335191,1
1790097335191,0
1790097335615,1
1790097335615,0
1790097336073,1
1790097336073,0
1790097336506,1
1790097336506,0
1790097336929,1
1790097336929,0
1790097337394,1
1790097337394,0
1790097337824,1
1790097337824,0
1790097338315,1
1790097338315,0
1790097338764,1
1790097338764,0
1790097339040,1
1790097339040,0
1790097339489,0
1790097339489,0
1790097339878,1
1790097339878,0
1790097341357,1
1790097341358,0
1790097342097,1
1790097342097,0
1790097342550,1
1790097342550,0
1790097342985,1
1790097342985,0
1790097343648,1
1790097343648,0
1790097344086,1
1790097344086,0
1790097344474,1
1790097344474,0
1790097344816,1
1790097344816,0
1790097345242,1
1790097345242,0
1790097345642,1
1790097345642,0
1790097346048,1
1790097346048,0
1790097346452,1
1790097346452,0
1790097346814,1
1790097346814,0
1790097347250,1
1790097347250,0
1790097347810,1
1790097347810,0
1790097348344,1
1790097348344,0
1790097348792,1
1790097348792,0
1790097349185,1
1790097349185,0
1790097349843,1
1790097349843,0
1790097350187,1
1790097350187,0
1790097350539,1
1790097350539,0
1790097351015,1
1790097351015,0
1790097351475,1
1790097351475,0
1790097351897,1
1790097351897,0
1790097352342,1
1790097352342,0
1790097353402,1
1790097353402,0
1790097353942,1
1790097353942,0
1790097354327,1
1790097354327,0
1790097354645,1
1790097354645,0
1790097355120,1
1790097355120,0
1790097355493,1
1790097355493,0
1790097355864,1
1790097355864,0
1790097356293,1
1790097356293,0
1790097356683,1
1790097356683,0
1790097357458,1
1790097357458,0
1790097357816,1
1790097357816,0
1790097358104,1
1790097358104,0
1790097358385,1
1790097358385,0
1790097358840,1
1790097358841,0
1790097359240,1
1790097359240,0
1790097359608,1
1790097359608,0
1790097359988,1
1790097359988,0
1790097360675,1
1790097360675,0
1790097361130,1
1790097361130,0
1790097361554,1
1790097361554,0
1790097361998,1
1790097361998,0
1790097362442,1
1790097362442,0
1790097364076,1
1790097364076,0
1790097364789,1
1790097364789,0
1790097365266,1
1790097365266,0
1790097365739,1
1790097365739,0
1790097366228,1
1790097366228,0
1790097367618,1
1790097367618,0
1790097368063,1
1790097368063,0
1790097368507,1
1790097368507,0
1790097368918,1
1790097368918,0
1790097369194,1
1790097369194,0
1790097369483,1
1790097369483,0
1790097371461,1
1790097371461,0
1790097371921,1
1790097371921,0
1790097372341,1
1790097372341,0
1790097372579,1
1790097372579,0
1790097373067,1
1790097373067,0
1790097373515,1
1790097373515,0
1790097373972,1
1790097373972,0
1790097374485,1
1790097374485,0
1790097374750,1
1790097374750,0
1790097375420,1
1790097375420,0
1790097375664,1
1790097375664,0
1790097376124,1
1790097376124,0
1790097376581,1
1790097376581,0
1790097377057,1
1790097377057,0
1790097377461,1
1790097377461,0
1790097377701,1
1790097377701,0
1790097378153,1
1790097378153,0
1790097378595,1
1790097378595,0
1790097379244,1
1790097379244,0
1790097380144,1
1790097380144,0
1790097380553,1
1790097380553,0
1790097380976,1
1790097380976,0
1790097381797,1
1790097381797,0
1790097382017,1
1790097382017,0
1790097382244,1
1790097382244,0
1790097382468,1
1790097382468,0
1790097382694,1
1790097382694,0
1790097383091,1
1790097383091,0
1790097383377,1
1790097383377,0
1790097383718,1
1790097383718,0
1790097384065,1
1790097384065,0
1790097384407,1
1790097384407,0
1790097384752,1
1790097384752,0
1790097385618,1
1790097385618,0
1790097386033,1
1790097386033,0
1790097386430,1
1790097386430,0
1790097386658,1
1790097386658,0
1790097387031,1
1790097387031,0
1790097387373,1
1790097387374,0
1790097388667,1
1790097388667,0
1790097388888,1
1790097388888,0
1790097389266,1
1790097389266,0
1790097389486,1
1790097389486,0
1790097389701,1
1790097389701,0
1790097390323,1
1790097390323,0
1790097390708,1
1790097390708,0
1790097391112,1
1790097391112,0
1790097391476,1
1790097391476,0
1790097391824,1
1790097391824,0
1790097392174,1
1790097392174,0
1790097392569,1
1790097392569,0
1790097392901,1
1790097392901,0
1790097394209,1
1790097394209,0
1790097394623,1
1790097394624,0
1790097395244,1
1790097395244,0
1790097395648,1
1790097395648,0
1790097396933,1
1790097396933,0
1790097397312,1
1790097397312,0
1790097397680,1
1790097397680,0
1790097398034,1
1790097398034,0
1790097398378,1
1790097398378,0
1790097398984,1
1790097398984,0
1790097399394,1
1790097399394,0
1790097399788,1
1790097399788,0
1790097400177,1
1790097400177,0
1790097400516,1
1790097400516,0
1790097401081,1
1790097401081,0
1790097401422,1
1790097401422,0
1790097401752,1
1790097401752,0
1790097402118,1
1790097402118,0
1790097402461,1
1790097402461,0
1790097402806,1
1790097402806,0
1790097403150,1
1790097403150,0
1790097403546,1
1790097403546,0
1790097403912,1
1790097403912,0
1790097404299,1
1790097404299,0
1790097404705,1
1790097404705,0
1790097405100,1
1790097405100,0
1790097405512,1
1790097405512,0
1790097406593,1
1790097406593,0
1790097406824,1
1790097406824,0
1790097407194,1
1790097407194,0
1790097407417,1
1790097407417,0
1790097407639,1
1790097407639,0
1790097407960,1
1790097407960,0
1790097409638,1
1790097409638,0
1790097410070,1
1790097410070,0
1790097410466,1
1790097410466,0
1790097410857,1
1790097410857,0
1790097411257,1
1790097411257,0
1790097411651,1
1790097411651,0
1790097412304,1
1790097412304,0
1790097412666,1
1790097412666,0
1790097413018,1
1790097413018,0
1790097413280,1
1790097413280,0
1790097414497,1
1790097414497,0
1790097414860,1
1790097414860,0
1790097415454,1
1790097415454,0
1790097415679,1
1790097415679,0
1790097416016,1
1790097416016,0
1790097416364,1
1790097416364,0
1790097416705,1
1790097416705,0
1790097417044,1
1790097417044,0
1790097417262,1
1790097417262,0
1790097417825,1
1790097417825,0
1790097418229,1
1790097418229,0
1790097418629,1
1790097418629,0
1790097418965,1
1790097418965,0
1790097419338,1
1790097419338,0
1790097419710,1
1790097419710,0
1790097420073,1
1790097420073,0
1790097420475,1
1790097420475,0
1790097420890,1
1790097420890,0
1790097421290,1
1790097421290,0
1790097421510,1
1790097421510,0
1790097422097,1
1790097422097,0
1790097422327,1
1790097422327,0
1790097422546,1
1790097422546,0
1790097422752,1
1790097422752,0
1790097422967,1
1790097422967,0
1790097423581,1
1790097423581,0
1790097423916,1
1790097423916,0
1790097424293,1
1790097424293,0
1790097424661,1
1790097424661,0
1790097425043,1
1790097425043,0
1790097425261,1
1790097425261,0
1790097425486,1
1790097425486,0
1790097425704,1
1790097425704,0
1790097426602,1
1790097426602,0
1790097427005,1
1790097427005,0
1790097427395,1
1790097427395,0
1790097427760,1
1790097427760,0
1790097428124,1
1790097428124,0
1790097428620,1
1790097428620,0
1790097429038,1
1790097429038,0
1790097429732,1
1790097429732,0
1790097430163,1
1790097430163,0
1790097431113,1
1790097431113,0
1790097431514,1
1790097431514,0
1790097431905,1
1790097431905,0
1790097432321,1
1790097432321,0
1790097432757,1
1790097432757,0
1790097433171,1
1790097433171,0
1790097433582,1
1790097433582,0
1790097435974,1
1790097435976,0
1790097436511,1
1790097436511,0
1790097437292,1
1790097437292,0
1790097437778,1
1790097437778,0
1790097438240,1
1790097438240,0
1790097438674,1
1790097438674,0
1790097438959,1
1790097438959,0
1790097439358,1
1790097439358,0
1790097439734,1
1790097439734,0
1790097439997,1
1790097439997,0
1790097440414,1
1790097440414,0
1790097440887,1
1790097440887,0
1790097441311,1
1790097441311,0
1790097441718,0
1790097441718,0
1790097442119,1
1790097442119,0
1790097442522,1
1790097442523,0
1790097442983,1
1790097442983,0
1790097443246,1
1790097443246,0
1790097443666,1
1790097443666,0
1790097444048,1
1790097444048,0
1790097444448,1
1790097444448,0
1790097444877,1
1790097444877,0
1790097446106,1
1790097446106,0
1790097446521,1
1790097446521,0
1790097446924,1
1790097446924,0
1790097447330,1
1790097447330,0
1790097448041,1
1790097448041,0
1790097448462,1
1790097448462,0
1790097448854,1
1790097448854,0
1790097449290,1
1790097449290,0
1790097449683,0
1790097449684,0
1790097450091,0
1790097450091,0
1790097450523,1
1790097450524,0
1790097450925,1
1790097450925,0
1790097451336,1
1790097451336,0
1790097451767,1
1790097451767,0
1790097452312,1
1790097452312,0
1790097452567,1
1790097452567,0
1790097452829,1
1790097452829,0
1790097453247,1
1790097453247,0
1790097453792,1
1790097453792,0
1790097454256,1
1790097454256,0
1790097454756,1
1790097454756,0
1790097455175,1
1790097455175,0
1790097455456,1
1790097455456,0
1790097456850,1
1790097456850,0
1790097457085,1
1790097457085,0
1790097457512,1
1790097457512,0
1790097457914,1
1790097457914,0
1790097458331,1
1790097458331,0
1790097458611,1
1790097458611,0
1790097459721,1
1790097459721,0
1790097459976,1
1790097459976,0
1790097460259,1
1790097460259,0
1790097460630,1
1790097460630,0
1790097461075,1
1790097461075,0
1790097462910,1
1790097462910,0
1790097463371,1
1790097463371,0
1790097463792,1
1790097463792,0
1790097464235,1
1790097464235,0
1790097464631,1
1790097464631,0
1790097465070,1
1790097465070,0
1790097465295,1
1790097465295,0
1790097465569,1
1790097465569,0
1790097465851,1
1790097465851,0
1790097466264,1
1790097466264,0
1790097467095,1
1790097467095,0
1790097467521,1
1790097467522,0
1790097467872,1
1790097467872,0
1790097468212,1
1790097468212,0
1790097468606,1
1790097468606,0
1790097469015,1
1790097469015,0
1790097469399,1
1790097469399,0
1790097469800,1
1790097469800,0
1790097470211,1
1790097470211,0
1790097470502,1
1790097470502,0
1790097470799,1
1790097470799,0
1790097471098,1
1790097471098,0
1790097471693,1
1790097471693,0
1790097472061,1
1790097472061,0
1790097472473,1
1790097472473,0
1790097472719,1
1790097472719,0
1790097473062,1
1790097473062,0
1790097473413,1
1790097473413,0
1790097473776,1
1790097473776,0
1790097474249,1
1790097474249,0
1790097474603,1
1790097474603,0
1790097474944,1
1790097474944,0
1790097475308,1
1790097475308,0
1790097475670,1
1790097475670,0
1790097476083,1
1790097476083,0
1790097476326,1
1790097476326,0
1790097476699,1
1790097476699,0
1790097477109,1
1790097477109,0
1790097477613,1
1790097477613,0
1790097478926,1
1790097478926,0
1790097479355,1
1790097479355,0
1790097479800,1
1790097479800,0
1790097653481,1
1790097653481,0
1790097653688,1
1790097653688,0
1790097653884,1
1790097653884,0
1790097654602,1
1790097654602,0
1790097654785,1
1790097654785,0
1790097654982,1
1790097654982,0
1790097655170,1
1790097655170,0
1790097655510,1
1790097655510,0
1790097655845,1
1790097655845,0
1790097656189,0
1790097656189,0
1790097656717,1
1790097656717,0
1790097657089,1
1790097657089,0
1790097657444,1
1790097657444,0
1790097657894,1
1790097657894,0
1790097658298,1
1790097658298,0
1790097658706,1
1790097658706,0
1790097659115,1
1790097659115,0
1790097659492,1
1790097659492,0
1790097659720,1
1790097659720,0
1790097660621,1
1790097660621,0
1790097661855,1
1790097661855,0
1790097662208,1
1790097662208,0
1790097662580,1
1790097662580,0
1790097663018,1
1790097663018,0
1790097663382,1
1790097663382,0
1790097663796,1
1790097663796,0
1790097665228,1
1790097665228,0
1790097665666,1
1790097665666,0
1790097666064,1
1790097666064,0
1790097666479,1
1790097666479,0
1790097666913,1
1790097666913,0
1790097667292,1
1790097667292,0
1790097667701,1
1790097667701,0
1790097668079,1
1790097668079,0
1790097668298,1
1790097668298,0
1790097668621,1
1790097668621,0
1790097668964,1
1790097668964,0
1790097669333,1
1790097669333,0
1790097669713,1
1790097669713,0
1790097670123,1
1790097670123,0
1790097670486,1
1790097670486,0
1790097670824,1
1790097670824,0
1790097671161,1
1790097671161,0
1790097671514,1
1790097671514,0
1790097671763,1
1790097671763,0
1790097671980,1
1790097671980,0
1790097672521,1
1790097672521,0
1790097672874,1
1790097672874,0
1790097673098,1
1790097673098,0
1790097673434,1
1790097673434,0
1790097673754,1
1790097673754,0
1790097674069,1
1790097674069,0
1790097674721,1
1790097674721,0
1790097675141,1
1790097675141,0
1790097675506,1
1790097675506,0
1790097675754,1
1790097675754,0
1790097676157,1
1790097676157,0
1790097676391,1
1790097676391,0
1790097676601,1
1790097676602,0
1790097676853,1
1790097676853,0
1790097677091,1
1790097677091,0
1790097677498,1
1790097677498,0
1790097677905,1
1790097677905,0
1790097678200,1
1790097678200,0
1790097678493,1
1790097678493,0
1790097678761,1
1790097678761,0
1790097679186,1
1790097679186,0
1790097679448,1
1790097679448,0
1790097679683,1
1790097679683,0
1790097679908,1
1790097679908,0
1790097680275,1
1790097680275,0
1790097680674,1
1790097680674,0
1790097681037,1
1790097681037,0
1790097681355,1
1790097681355,0
1790097681728,1
1790097681728,0
1790097681997,1
1790097681997,0
1790097683002,1
1790097683002,0
1790097683365,1
1790097683365,0
1790097683918,1
1790097683918,0
1790097684288,1
1790097684288,0
1790097684651,1
1790097684651,0
1790097685446,1
1790097685446,0
1790097685794,1
1790097685794,0
1790097686137,1
1790097686137,0
1790097686335,1
1790097686335,0
1790097686676,1
1790097686676,0
1790097687045,1
1790097687045,0
1790097687389,1
1790097687389,0
1790097687729,1
1790097687729,0
1790097688076,1
1790097688076,0
1790097688402,1
1790097688402,0
1790097688593,1
1790097688593,0
1790097688955,1
1790097688955,0
1790097689256,1
1790097689256,0
1790097689639,1
1790097689639,0
1790097690017,1
1790097690017,0
1790097690386,1
1790097690386,0
1790097690581,1
1790097690581,0
1790097690768,1
1790097690768,0
1790097690956,1
1790097690956,0
1790097691456,1
1790097691456,0
1790097691778,1
1790097691778,0
1790097692314,1
1790097692314,0
1790097692651,1
1790097692651,0
1790097692983,1
1790097692983,0
1790097693326,1
1790097693326,0
1790097693758,1
1790097693758,0
1790097694173,1
1790097694173,0
1790097694541,1
1790097694541,0
1790097694878,1
1790097694878,0
1790097695460,1
1790097695460,0
1790097695821,1
1790097695821,0
1790097696220,1
1790097696220,0
1790097696578,1
1790097696578,0
1790097696927,1
1790097696927,0
1790097697278,1
1790097697278,0
1790097697680,1
1790097697680,0
1790097698045,1
1790097698045,0
1790097698377,1
1790097698377,0
1790097698601,1
1790097698601,0
1790097699415,1
1790097699415,0
1790097699804,1
1790097699804,0
1790097700152,1
1790097700152,0
1790097700553,1
1790097700553,0
1790097700765,1
1790097700765,0
1790097701133,1
1790097701133,0
1790097701553,1
1790097701553,0
1790097701922,1
1790097701922,0
1790097702262,1
1790097702262,0
1790097702814,1
1790097702814,0
1790097703151,1
1790097703151,0
1790097703497,1
1790097703497,0
1790097703869,1
1790097703869,0
1790097704717,1
1790097704717,0
1790097704938,1
1790097704938,0
1790097705186,1
1790097705186,0
1790097705556,1
1790097705556,0
1790097705946,1
1790097705946,0
1790097706339,1
1790097706339,0
1790097706705,1
1790097706705,0
1790097707074,1
1790097707074,0
1790097707479,1
1790097707480,0
1790097707888,1
1790097707888,0
1790097708257,1
1790097708257,0
1790097708594,0
1790097708594,0
1790097708992,1
1790097708992,0
1790097709374,1
1790097709374,0
1790097709736,1
1790097709736,0
1790097710116,1
1790097710116,0
1790097710464,1
1790097710464,0
1790097710839,1
1790097710839,0
1790097711220,1
1790097711220,0
1790097711447,1
1790097711447,0
1790097711789,1
1790097711789,0
1790097712137,1
1790097712137,0
1790097713444,1
1790097713444,0
1790097713838,1
1790097713838,0
1790097714197,1
1790097714197,0
1790097714568,1
1790097714568,0
1790097714815,1
1790097714815,0
1790097715904,1
1790097715904,0
1790097716335,1
1790097716335,0
1790097716757,1
1790097716757,0
1790097717153,1
1790097717153,0
1790097717626,1
1790097717626,0
1790097718269,1
1790097718269,0
1790097718620,1
1790097718620,0
1790097718970,1
1790097718970,0
1790097719333,1
1790097719334,0
1790097720076,1
1790097720076,0
1790097720516,1
1790097720516,0
1790097720947,1
1790097720947,0
1790097721345,1
1790097721345,0
1790097721589,0
1790097721589,0
1790097722008,1
1790097722008,0
1790097722419,1
1790097722420,0
1790097722841,1
1790097722841,0
1790097723073,1
1790097723073,0
1790097723274,1
1790097723274,0
1790097723533,1
1790097723533,0
1790097723784,1
1790097723784,0
1790097724154,1
1790097724154,0
1790097724582,1
1790097724582,0
1790097724816,1
1790097724816,0
1790097725070,1
1790097725070,0
1790097725315,1
1790097725315,0
1790097725564,1
1790097725564,0
1790097726002,1
1790097726002,0
1790097726426,1
1790097726426,0
1790097726787,1
1790097726787,0
1790097727127,1
1790097727127,0
1790097727481,1
1790097727481,0
1790097727887,1
1790097727887,0
1790097728302,1
1790097728302,0
1790097728678,1
1790097728678,0
1790097729066,1
1790097729066,0
1790097729477,1
1790097729477,0
1790097730338,1
1790097730338,0
1790097730562,1
1790097730562,0
1790097731001,1
1790097731001,0
1790097731238,1
1790097731238,0
1790097731452,1
1790097731452,0
1790097731676,1
1790097731676,0
1790097732056,1
1790097732056,0
1790097732404,1
1790097732404,0
1790097733517,1
1790097733517,0
1790097733919,1
1790097733919,0
1790097734346,1
1790097734346,0
1790097734792,1
1790097734792,0
1790097735444,1
1790097735444,0
1790097735853,1
1790097735853,0
1790097736217,1
1790097736217,0
1790097737003,1
1790097737003,0
1790097737365,1
1790097737365,0
1790097737726,1
1790097737726,0
1790097738102,1
1790097738102,0
1790097738485,1
1790097738485,0
1790097738853,1
1790097738853,0
1790097739315,1
1790097739315,0
1790097739555,1
1790097739555,0
1790097740184,1
1790097740184,0
1790097740589,1
1790097740589,0
1790097741010,1
1790097741010,0
1790097741403,1
1790097741403,0
1790097741632,1
1790097741632,0
1790097741906,1
1790097741906,0
1790097742261,1
1790097742261,0
1790097742665,1
1790097742665,0
1790097742917,1
1790097742917,0
1790097743299,1
1790097743299,0
1790097743677,1
1790097743677,0
1790097744010,1
1790097744010,0
1790097744365,1
1790097744365,0
1790097744723,1
1790097744723,0
1790097745129,1
1790097745129,0
1790097745371,1
1790097745371,0
1790097745723,1
1790097745723,0
1790097746080,1
1790097746080,0
1790097746312,1
1790097746312,0
1790097746752,1
1790097746752,0
1790097747185,1
1790097747185,0
1790097747566,1
1790097747566,0
1790097747937,1
1790097747937,0
1790097748224,1
1790097748224,0
1790097748453,1
1790097748453,0
1790097748939,1
1790097748939,0
1790097749389,1
1790097749389,0
1790097749627,1
1790097749627,0
1790097749831,1
1790097749831,0
1790097750032,1
1790097750032,0
1790097750382,1
1790097750382,0
1790097750859,1
1790097750859,0
1790097751681,1
1790097751681,0
1790097751942,1
1790097751942,0
1790097752181,1
1790097752181,0
1790097752462,1
1790097752462,0
1790097752718,1
1790097752718,0
1790097753003,1
1790097753003,0
1790097753308,1
1790097753308,0
1790097753998,1
1790097753998,0
1790097755890,1
1790097755890,0
1790097756263,1
1790097756263,0
1790097756625,1
1790097756625,0
1790097756985,1
1790097756985,0
1790097757337,1
1790097757337,0
1790097757782,1
1790097757782,0
1790097758172,1
1790097758172,0
1790097758435,1
1790097758435,0
1790097758797,1
1790097758797,0
1790097759224,1
1790097759224,0
1790097759599,1
1790097759599,0
1790097759977,1
1790097759977,0
1790097760320,1
1790097760320,0
1790097760732,0
1790097760732,0
1790097761140,1
1790097761140,0
1790097761578,1
1790097761578,0
1790097761982,1
1790097761982,0
1790097762632,1
1790097762632,0
1790097762975,1
1790097762975,0
1790097763311,1
1790097763311,0
1790097763646,1
1790097763646,0
1790097764017,1
1790097764017,0
1790097764364,1
1790097764364,0
1790097764756,1
1790097764756,0
1790097765151,1
1790097765151,0
1790097765464,1
1790097765464,0
1790097765821,1
1790097765821,0
1790097766265,1
1790097766265,0
1790097766655,1
1790097766655,0
1790097767038,1
1790097767038,0
1790097767384,1
1790097767384,0
1790097767718,1
1790097767718,0
1790097768065,1
1790097768065,0
1790097768416,1
1790097768416,0
1790097768769,1
1790097768769,0
1790097769160,1
1790097769160,0
1790097769875,1
1790097769875,0
1790097770961,1
1790097770961,0
1790097771270,1
1790097771270,0
1790097771595,1
1790097771595,0
1790097771971,1
1790097771971,0
1790097772334,1
1790097772334,0
1790097773465,1
1790097773465,0
1790097773811,1
1790097773811,0
1790097774008,1
1790097774008,0
1790097774198,1
1790097774198,0
1790097774389,1
1790097774389,0
1790097774769,1
1790097774769,0
1790097774949,1
1790097774949,0
1790097775146,1
1790097775146,0
1790097775462,1
1790097775462,0
1790097775827,1
1790097775827,0
1790097776207,1
1790097776207,0
1790097776400,1
1790097776400,0
1790097776791,1
1790097776791,0
1790097777169,1
1790097777169,0
1790097778575,1
1790097778575,0
1790097778817,1
1790097778817,0
1790097779199,1
1790097779199,0
1790097779558,1
1790097779558,0
1790097779872,1
1790097779872,0
1790097780095,1
1790097780095,0
1790097780416,1
1790097780416,0
1790097780766,1
1790097780766,0
1790097781078,1
1790097781078,0
1790097781292,1
1790097781292,0
1790097781684,1
1790097781684,0
1790097782058,1
1790097782058,0
1790097782450,1
1790097782450,0
1790097782850,1
1790097782850,0
1790097783253,1
1790097783253,0
1790097783463,1
1790097783463,0
1790097783713,1
1790097783713,0
1790097783928,1
1790097783928,0
1790097784144,1
1790097784144,0
1790097784500,1
1790097784500,0
1790097784906,1
1790097784906,0
1790097785479,1
1790097785479,0
1790097785818,1
1790097785818,0
1790097787042,1
1790097787042,0
1790097787801,1
1790097787801,0
1790097788180,1
1790097788180,0
1790097788383,1
1790097788383,0
1790097788764,1
1790097788764,0
1790097789149,1
1790097789149,0
1790097789533,1
1790097789533,0
1790097789915,1
1790097789915,0
1790097790245,1
1790097790245,0
1790097790799,1
1790097790799,0
1790097791117,1
1790097791117,0
1790097791475,1
1790097791475,0
1790097791687,1
1790097791687,0
1790097791906,1
1790097791906,0
1790097792120,1
1790097792120,0
1790097792334,1
1790097792334,0
1790097792682,1
1790097792682,0
1790097792920,1
1790097792920,0
1790097793176,1
1790097793176,0
1790097793531,1
1790097793531,0
1790097793926,1
1790097793926,0
1790097794352,1
1790097794352,0
1790097794757,1
1790097794757,0
1790097795132,1
1790097795132,0
1790097795551,1
1790097795551,0
1790097795960,1
1790097795960,0
1790097796354,1
1790097796354,0
1790097796590,1
1790097796590,0
1790097796956,1
1790097796956,0
1790097797297,1
1790097797297,0
1790097797671,1
1790097797671,0
1790097798067,1
1790097798067,0
1790097798285,1
1790097798285,0
1790097798523,1
1790097798523,0
1790097798731,1
1790097798731,0
1790097799150,1
1790097799150,0
1790097799547,1
1790097799547,0
1790097800001,1
1790097800001,0
1790097800399,1
1790097800399,0
1790097800811,1
1790097800811,0
1790097801400,1
1790097801400,0
1790097801733,1
1790097801733,0
1790097802070,1
1790097802070,0
1790097802402,1
1790097802402,0
1790097802970,1
1790097802970,0
1790097803408,1
1790097803408,0
1790097803649,1
1790097803649,0
1790097804073,1
1790097804073,0
1790097804309,1
1790097804309,0
1790097804548,1
1790097804548,0
1790097804877,1
1790097804877,0
1790097805221,1
1790097805221,0
1790097805569,1
1790097805569,0
1790097805940,1
1790097805940,0
1790097806275,1
1790097806275,0
1790097806492,1
1790097806492,0
1790097806821,1
1790097806821,0
1790097807156,1
1790097807156,0
1790097807510,1
1790097807510,0
1790097807836,1
1790097807836,0
1790097808209,1
1790097808209,0
1790097808418,1
1790097808418,0
1790097809002,1
1790097809002,0
1790097809395,1
1790097809395,0
1790097809766,1
1790097809766,0
1790097810138,1
1790097810138,0
1790097810553,1
1790097810553,0
1790097810935,1
1790097810935,0
1790097811615,1
1790097811615,0
1790097812057,1
1790097812057,0
1790097812388,1
1790097812388,0
1790097813003,1
1790097813003,0
1790097813198,1
1790097813198,0
1790097813404,1
1790097813404,0
1790097813633,1
1790097813633,0
1790097813862,1
1790097813862,0
1790097814080,1
1790097814080,0
1790097814458,1
1790097814458,0
1790097814679,1
1790097814679,0
1790097815073,1
1790097815073,0
1790097815432,0
1790097815443,0
1790097815859,1
1790097815859,0
1790097816237,1
1790097816237,0
1790097816576,1
1790097816576,0
1790097816953,1
1790097816953,0
1790097817292,1
1790097817292,0
1790097817979,1
1790097817979,0
1790097818369,1
1790097818369,0
1790097818799,1
1790097818799,0
1790097820193,1
1790097820193,0
1790097820696,1
1790097820696,0
1790097820927,1
1790097820927,0
1790097821182,1
1790097821182,0
1790097821570,1
1790097821570,0
1790097822656,1
1790097822656,0
1790097822905,1
1790097822905,0
1790097823125,1
1790097823125,0
1790097823608,1
1790097823608,0
1790097824004,1
1790097824004,0
1790097825537,1
1790097825537,0
1790097825762,1
1790097825762,0
1790097826116,1
1790097826116,0
1790097826449,1
1790097826449,0
1790097826850,1
1790097826850,0
1790097827081,1
1790097827081,0
1790097827288,1
1790097827288,0
1790097827498,1
1790097827498,0
1790097827743,1
1790097827743,0
1790097829190,1
1790097829190,0
1790097829535,1
1790097829535,0
1790097829905,1
1790097829905,0
1790097830257,1
1790097830257,0
1790097830482,1
1790097830482,0
1790097830896,1
1790097830896,0
1790097831320,1
1790097831320,0
1790097831549,1
1790097831549,0
1790097831818,1
1790097831818,0
1790097832419,1
1790097832419,0
1790097832763,1
1790097832763,0
1790097833120,1
1790097833120,0
1790097833329,1
1790097833329,0
1790097833688,1
1790097833688,0
1790097834053,1
1790097834053,0
1790097834454,1
1790097834454,0
1790097834829,1
1790097834829,0
1790097835060,1
1790097835060,0
1790097835446,1
1790097835446,0
1790097835852,1
1790097835852,0
1790097836294,1
1790097836294,0
1790097836683,1
1790097836683,0
1790097837378,1
1790097837378,0
1790097837627,1
1790097837627,0
1790097838001,1
1790097838001,0
1790097838387,1
1790097838387,0
1790097838741,1
1790097838741,0
1790097839156,1
1790097839156,0
1790097839538,1
1790097839538,0
1790097839934,1
1790097839934,0
1790097840299,1
1790097840299,0
1790097840505,1
1790097840505,0
1790097840735,1
1790097840735,0
1790097841168,1
1790097841168,0
1790097841576,1
1790097841576,0
1790097842193,1
1790097842193,0
1790097842558,1
1790097842558,0
1790097842925,1
1790097842925,0
1790097843283,1
1790097843283,0
1790097843501,1
1790097843501,0
1790097843729,1
1790097843729,0
1790097844132,1
1790097844132,0
1790097844481,1
1790097844481,0
1790097844831,1
1790097844831,0
1790097845253,1
1790097845253,0
1790097846309,1
1790097846309,0
1790097847135,1
1790097847135,0
1790097847515,1
1790097847515,0
1790097847883,1
1790097847883,0
1790097848253,1
1790097848253,0
1790097848613,1
1790097848613,0
1790097848998,1
1790097848998,0
1790097849371,1
1790097849371,0
1790097849670,1
1790097849670,0
1790097849984,1
1790097849984,0
1790097850177,1
1790097850177,0
1790097850517,0
1790097850517,0
1790097850865,0
1790097850865,0
1790097851365,1
1790097851365,0
1790097851676,1
1790097851676,0
1790097851988,1
1790097851988,0
1790097852309,1
1790097852309,0
1790097852677,1
1790097852677,0
1790097853044,1
1790097853044,0
1790097853583,1
1790097853584,0
1790097853951,1
1790097853951,0
1790097854134,1
1790097854134,0
1790097854327,1
1790097854327,0
1790097854509,1
1790097854509,0
1790097854877,1
1790097854877,0
1790097855066,1
1790097855066,0
1790097855815,0
1790097855815,0
1790097855996,1
1790097855996,0
1790097856178,1
1790097856178,0
1790097856379,1
1790097856379,0
1790097856711,1
1790097856711,0
1790097856907,1
1790097856907,0
1790097857097,1
1790097857097,0
1790097857466,1
1790097857466,0
1790097857841,1
1790097857841,0
1790097858146,1
1790097858146,0
1790097859822,1
1790097859822,0
1790097860192,1
1790097860192,0
1790097860378,1
1790097860378,0
1790097860692,1
1790097860692,0
1790097860998,1
1790097860998,0
1790097861305,1
1790097861305,0
1790097861504,1
1790097861504,0
1790097861840,1
1790097861840,0
1790097862193,1
1790097862193,0
1790097862375,1
1790097862375,0
1790097862759,1
1790097862759,0
1790097863109,1
1790097863109,0
1790097863442,1
1790097863442,0
1790097863788,1
1790097863788,0
1790097864122,1
1790097864122,0
1790097864494,1
1790097864494,0
1790097864848,1
1790097864848,0
1790097865039,1
1790097865039,0
1790097865789,1
1790097865789,0
1790097866154,1
1790097866154,0
1790097866537,1
1790097866537,0
1790097866901,1
1790097866901,0
1790097867213,1
1790097867213,0
1790097867549,1
1790097867549,0
1790097867895,1
1790097867895,0
1790097868272,0
1790097868272,0
1790097868564,1
1790097868564,0
1790097869117,1
1790097869117,0
1790097869481,1
1790097869481,0
1790097869862,1
1790097869863,0
1790097870234,0
1790097870234,0
1790097870547,1
1790097870547,0
1790097870857,1
1790097870857,0
1790097871046,1
1790097871046,0
1790097871397,1
1790097871397,0
1790097871733,1
1790097871733,0
1790097872071,1
1790097872071,0
1790097872845,1
1790097872845,0
1790097873164,1
1790097873164,0
1790097873478,1
1790097873478,0
1790097873842,1
1790097873842,0
1790097874148,1
1790097874148,0
1790097874335,1
1790097874335,0
1790097874526,1
1790097874526,0
1790097874711,1
1790097874711,0
1790097874909,1
1790097874909,0
1790097875104,1
1790097875104,0
1790097875471,1
1790097875471,0
1790097875663,1
1790097875663,0
1790097876044,1
1790097876044,0
1790097876965,1
1790097876965,0
1790097877314,1
1790097877314,0
1790097877648,1
1790097877648,0
1790097878020,1
1790097878020,0
1790097878718,1
1790097878718,0
1790097879091,1
1790097879091,0
1790097879454,1
1790097879454,0
1790097879837,1
1790097879837,0
1790097880203,1
1790097880203,0
1790097880565,1
1790097880565,0
1790097880931,1
1790097880931,0
1790097881247,1
1790097881247,0
1790097881618,1
1790097881618,0
1790097881931,1
1790097881931,0
1790097882264,1
1790097882264,0
1790097882595,1
1790097882595,0
1790097882966,1
1790097882966,0
1790097883304,1
1790097883304,0
1790097883648,1
1790097883648,0
1790097883981,1
1790097883981,0
1790097884168,1
1790097884168,0
1790097884757,1
1790097884757,0
1790097885100,1
1790097885100,0
1790097885456,1
1790097885456,0
1790097885796,1
1790097885796,0
1790097886108,1
1790097886108,0
1790097886413,1
1790097886413,0
1790097886719,1
1790097886719,0
1790097887092,1
1790097887092,0
1790097887455,1
1790097887455,0
1790097887646,1
1790097887646,0
1790097887843,1
1790097887843,0
1790097888185,1
1790097888185,0
1790097888375,1
1790097888375,0
1790097888587,1
1790097888587,0
1790097888776,1
1790097888776,0
1790097889264,1
1790097889264,0
1790097889582,1
1790097889582,0
1790097889942,1
1790097889942,0
1790097890606,1
1790097890606,0
1790097890913,1
1790097890913,0
1790097891231,1
1790097891231,0
1790097891538,1
1790097891538,0
1790097891883,1
1790097891883,0
1790097892213,1
1790097892213,0
1790097893105,1
1790097893105,0
1790097893832,1
1790097893832,0
1790097894513,1
1790097894513,0
1790097894709,1
1790097894709,0
1790097894893,0
1790097894893,0
1790097896214,1
1790097896214,0
1790097896526,1
1790097896526,0
1790097896842,1
1790097896842,0
1790097897217,1
1790097897217,0
1790097897579,1
1790097897579,0
1790097897934,1
1790097897934,0
1790097898322,1
1790097898322,0
1790097898682,1
1790097898682,0
1790097899624,1
1790097899624,0
1790097899995,1
1790097899995,0
1790097900367,1
1790097900367,0
1790097900730,1
1790097900730,0
1790097901099,1
1790097901099,0
1790097901461,1
1790097901461,0
1790097901636,1
1790097901636,0
1790097902003,1
1790097902003,0
1790097902341,1
1790097902341,0
1790097902684,1
1790097902684,0
1790097903249,1
1790097903249,0
1790097903623,1
1790097903623,0
1790097903987,1
1790097903987,0
1790097904363,1
1790097904363,0
1790097905039,1
1790097905039,0
1790097905357,1
1790097905357,0
1790097905536,1
1790097905536,0
1790097905848,1
1790097905848,0
1790097906164,1
1790097906164,0
1790097906481,1
1790097906481,0
1790097906790,1
1790097906790,0
1790097906969,1
1790097906969,0
1790097907281,1
1790097907281,0
1790097907624,1
1790097907624,0
1790097907976,1
1790097907976,0
1790097908313,1
1790097908313,0
1790097908613,1
1790097908613,0
1790097908948,1
1790097908948,0
1790097909295,1
1790097909295,0
1790097909641,1
1790097909641,0
1790097909838,1
1790097909838,0
1790097910179,1
1790097910179,0
1790097910526,1
1790097910526,0
1790097910707,1
1790097910707,0
1790097911075,1
1790097911075,0
1790097911413,1
1790097911413,0
1790097911764,1
1790097911764,0
1790097912106,1
1790097912106,0
1790097912446,1
1790097912446,0
1790097913008,1
1790097913008,0
1790097914050,1
1790097914050,0
1790097914359,1
1790097914359,0
1790097914670,1
1790097914670,0
1790097915013,1
1790097915013,0
1790097915753,1
1790097915753,0
1790097916097,1
1790097916097,0
1790097916411,1
1790097916411,0
1790097916787,1
1790097916787,0
1790097917157,1
1790097917157,0
1790097917528,1
1790097917528,0
1790097917895,1
1790097917895,0
1790097918457,1
1790097918457,0
1790097919164,1
1790097919164,0
1790097919479,1
1790097919479,0
1790097919788,1
1790097919788,0
1790097920104,1
1790097920104,0
1790097920468,1
1790097920468,0
1790097920661,1
1790097920661,0
1790097921028,1
1790097921028,0
1790097921429,1
1790097921429,0
1790097922339,1
1790097922339,0
1790097922710,1
1790097922710,0
1790097923076,1
1790097923076,0
1790097923423,1
1790097923423,0
1790097923748,1
1790097923748,0
1790097924125,1
1790097924125,0
1790097924310,1
1790097924310,0
1790097924505,1
1790097924505,0
1790097924813,1
1790097924813,0
1790097924995,1
1790097924995,0
1790097925187,1
1790097925187,0
1790097925373,1
1790097925373,0
1790097925738,1
1790097925738,0
1790097926084,1
1790097926084,0
1790097927207,1
1790097927207,0
1790097927716,1
1790097927716,0
1790097928408,1
1790097928408,0
1790097928588,1
1790097928588,0
1790097928771,1
1790097928771,0
1790097928964,1
1790097928964,0
1790097929147,1
1790097929147,0
1790097929346,1
1790097929346,0
1790097929527,1
1790097929527,0
1790097929714,1
1790097929714,0
1790097929903,1
1790097929903,0
1790097930239,1
1790097930239,0
1790097930430,1
1790097930430,0
1790097930611,1
1790097930611,0
1790097930800,1
1790097930800,0
1790097930988,1
1790097930988,0
1790097931353,1
1790097931353,0
1790097931732,1
1790097931732,0
1790097932098,1
1790097932098,0
1790097932468,1
1790097932468,0
1790097932773,1
1790097932773,0
1790097933095,1
1790097933095,0
1790097933414,1
1790097933414,0
1790097933713,1
1790097933713,0
1790097933894,1
1790097933894,0
1790097934238,1
1790097934238,0
1790097934577,1
1790097934577,0
1790097934942,1
1790097934942,0
1790097935263,1
1790097935263,0
1790097935612,1
1790097935612,0
1790097935795,1
1790097935796,0
1790097935975,1
1790097935975,0
1790097936173,1
1790097936173,0
1790097936360,1
1790097936360,0
1790097936722,1
1790097936722,0
1790097937286,1
1790097937286,0
1790097937660,1
1790097937660,0
1790097937973,1
1790097937973,0
1790097938284,1
1790097938284,0
1790097938591,1
1790097938591,0
1790097938913,1
1790097938913,0
1790097939219,1
1790097939219,0
1790097940116,1
1790097940116,0
1790097940299,1
1790097940299,0
1790097940485,1
1790097940485,0
1790097940672,1
1790097940672,0
1790097940858,1
1790097940858,0
1790097941050,1
1790097941050,0
1790097941601,1
1790097941601,0
1790097941967,1
1790097941967,0
1790097942530,1
1790097942530,0
1790097942848,1
1790097942848,0
1790097943154,1
1790097943154,0
1790097943465,1
1790097943465,0
1790097943824,1
1790097943824,0
1790097944180,1
1790097944180,0
1790097944516,1
1790097944516,0
1790097944863,1
1790097944863,0
1790097945211,1
1790097945211,0
1790097946474,1
1790097946474,0
1790097946808,1
1790097946808,0
1790097947145,1
1790097947145,0
1790097948013,1
1790097948013,0
1790097948311,1
1790097948311,0
1790097948645,1
1790097948645,0
1790097949163,1
1790097949163,0
1790097949464,1
1790097949464,0
1790097949835,1
1790097949835,0
1790097950209,1
1790097950209,0
1790097950524,1
1790097950524,0
1790097950902,1
1790097950902,0
1790097951272,1
1790097951272,0
1790097951637,1
1790097951637,0
1790097952008,1
1790097952008,0
1790097952348,1
1790097952348,0
1790097952537,1
1790097952537,0
1790097952729,1
1790097952729,0
1790097952917,1
1790097952917,0
1790097953104,1
1790097953104,0
1790097953629,1
1790097953629,0
1790097953971,1
1790097953971,0
1790097954307,1
1790097954307,0
1790097954800,1
1790097954800,0
1790097955107,1
1790097955107,0
1790097955474,1
1790097955474,0
1790097955849,1
1790097955849,0
1790097956163,1
1790097956163,0
1790097956470,1
1790097956470,0
1790097956784,1
1790097956784,0
1790097957096,1
1790097957096,0
1790097957279,1
1790097957279,0
1790097957626,1
1790097957626,0
1790097957999,1
1790097957999,0
1790097958301,1
1790097958301,0
1790097958628,1
1790097958628,0
1790097958992,1
1790097958992,0
1790097959185,1
1790097959185,0
1790097959364,1
1790097959364,0
1790097959562,1
1790097959562,0
1790097959914,1
1790097959914,0
1790097960611,1
1790097960612,0
1790097961125,1
1790097961125,0
1790097961439,1
1790097961439,0
1790097961755,1
1790097961755,0
1790097962064,1
1790097962064,0
1790097962364,1
1790097962364,0
1790097962679,1
1790097962679,0
1790097962867,1
1790097962867,0
1790097963179,1
1790097963179,0
1790097963485,1
1790097963485,0
1790097963797,1
1790097963797,0
1790097964176,1
1790097964176,0
1790097964362,1
1790097964362,0
1790097964555,1
1790097964555,0
1790097964748,1
1790097964748,0
1790097965112,1
1790097965112,0
1790097965306,1
1790097965306,0
1790097965486,1
1790097965486,0
1790097965830,1
1790097965830,0
1790097966169,1
1790097966169,0
1790097966694,1
1790097966694,0
1790097967042,1
1790097967042,0
1790097967395,1
1790097967395,0
1790097967731,1
1790097967731,0
1790097968042,1
1790097968042,0
1790097968405,1
1790097968405,0
1790097968702,1
1790097968702,0
1790097968883,0
1790097968883,0
1790097969075,1
1790097969075,0
1790097969262,1
1790097969262,0
1790097970309,1
1790097970309,0
1790097970617,1
1790097970617,0
1790097970961,1
1790097970962,0
1790097971296,1
1790097971296,0
1790097971607,1
1790097971607,0
1790097971911,1
1790097971911,0
1790097972227,1
1790097972227,0
1790097972543,1
1790097972543,0
1790097972870,1
1790097972870,0
1790097973183,1
1790097973183,0
1790097973496,1
1790097973496,0
1790097974378,1
1790097974378,0
1790097974568,1
1790097974568,0
1790097974753,1
1790097974753,0
1790097974939,1
1790097974939,0
1790097975249,1
1790097975249,0
1790097975594,1
1790097975596,0
1790097975936,1
1790097975936,0
1790097976113,1
1790097976113,0
1790097976435,1
1790097976435,0
1790097977030,1
1790097977030,0
1790097977401,1
1790097977401,0
1790097977765,1
1790097977765,0
1790097978144,1
1790097978145,0
1790097978331,1
1790097978331,0
1790097978700,1
1790097978700,0
1790097979064,1
1790097979064,0
1790097979441,1
1790097979441,0
1790097979630,1
1790097979630,0
1790097979939,1
1790097979939,0
1790097980248,1
1790097980248,0
1790097980559,1
1790097980559,0
1790097981297,1
1790097981298,0
1790097981605,1
1790097981605,0
1790097981916,1
1790097981916,0
1790097982093,1
1790097982093,0
1790097982289,1
1790097982289,0
1790097982477,1
1790097982477,0
1790097982662,1
1790097982662,0
1790097983213,1
1790097983213,0
1790097983396,1
1790097983396,0
1790097983707,1
1790097983707,0
1790097984017,1
1790097984017,0
1790097984402,1
1790097984402,0
1790097984586,1
1790097984586,0
1790097984777,1
1790097984778,0
1790097985143,1
1790097985143,0
1790097985339,1
1790097985339,0
1790097985710,1
1790097985710,0
1790097986198,1
1790097986198,0
1790097986514,1
1790097986514,0
1790097986828,1
1790097986828,0
1790097987135,1
1790097987135,0
1790097987446,1
1790097987446,0
1790097987753,1
1790097987753,0
1790097987952,1
1790097987952,0
1790097988453,1
1790097988453,0
1790097988765,1
1790097988765,0
1790097988968,1
1790097988968,0
1790097989154,1
1790097989154,0
1790097989353,1
1790097989353,0
1790097989539,1
1790097989539,0
1790097990466,1
1790097990466,0
1790097990833,1
1790097990833,0
1790097991016,1
1790097991016,0
1790097991395,1
1790097991395,0
1790097991763,1
1790097991763,0
1790097992131,1
1790097992131,0
1790097992505,1
1790097992505,0
1790097992840,1
1790097992840,0
1790097993216,1
1790097993216,0
1790097993584,1
1790097993584,0
1790097993768,1
1790097993768,0
1790097993954,1
1790097993954,0
1790097994144,1
1790097994144,0
1790097994334,1
1790097994334,0
1790097994520,1
1790097994520,0
1790097994704,1
1790097994704,0
1790097995081,1
1790097995081,0
1790097995264,1
1790097995264,0
1790097995454,1
1790097995454,0
1790097995761,1
1790097995761,0
1790097995963,1
1790097995963,0
1790097996328,1
1790097996328,0
1790097996666,1
1790097996666,0
1790097997002,1
1790097997002,0
1790097997360,1
1790097997360,0
1790097997704,1
1790097997704,0
1790097997880,1
1790097997880,0
1790097998066,1
1790097998066,0
1790097998806,1
1790097998806,0
1790097999110,1
1790097999110,0
1790097999417,1
1790097999417,0
1790097999726,1
1790097999726,0
1790098000103,1
1790098000103,0
1790098000294,1
1790098000294,0
1790098000485,1
1790098000485,0
1790098001027,1
1790098001027,0
1790098001369,1
1790098001369,0
1790098001742,1
1790098001742,0
1790098002103,1
1790098002103,0
1790098002468,1
1790098002468,0
1790098002845,1
1790098002845,0
1790098003211,1
1790098003212,0
1790098003526,1
1790098003526,0
1790098003879,1
1790098003879,0
1790098004562,1
1790098004562,0
1790098004746,1
1790098004746,0
1790098004938,1
1790098004938,0
1790098005127,1
1790098005128,0
1790098005331,1
1790098005331,0
1790098006025,1
1790098006025,0
1790098006393,1
1790098006393,0
1790098006587,1
1790098006587,0
1790098006925,1
1790098006925,0
1790098007267,1
1790098007267,0
1790098007603,1
1790098007603,0
1790098007949,1
1790098007949,0
1790098008440,1
1790098008440,0
1790098008752,1
1790098008752,0
1790098009119,1
1790098009119,0
1790098009500,1
1790098009500,0
1790098009809,1
1790098009809,0
1790098010151,1
1790098010151,0
1790098010489,1
1790098010489,0
1790098010837,1
1790098010837,0
1790098011150,1
1790098011150,0
1790098012252,1
1790098012252,0
1790098012435,1
1790098012435,0
1790098012632,1
1790098012632,0
1790098012818,1
1790098012818,0
1790098013177,1
1790098013177,0
1790098013548,1
1790098013548,0
1790098013869,1
1790098013869,0
1790098014206,1
1790098014206,0
1790098014391,1
1790098014391,0
1790098015140,1
1790098015140,0
1790098015512,1
1790098015512,0
1790098015880,1
1790098015880,0
1790098016250,1
1790098016250,0
1790098017666,1
1790098017666,0
1790098018621,1
1790098018621,0
1790098018911,1
1790098018911,0
1790098019218,1
1790098019218,0
1790098019532,1
1790098019532,0
1790098019710,1
1790098019710,0
1790098020011,1
1790098020011,0
1790098020316,1
1790098020316,0
1790098020687,1
1790098020687,0
1790098021046,1
1790098021046,0
1790098021228,1
1790098021228,0
1790098021401,1
1790098021401,0
1790098021578,1
1790098021578,0
1790098021756,1
1790098021756,0
1790098022090,1
1790098022090,0
1790098022297,1
1790098022297,0
1790098022652,1
1790098022652,0
1790098022978,1
1790098022978,0
1790098023305,1
1790098023305,0
1790098023694,1
1790098023694,0
1790098023983,1
1790098023983,0
1790098024293,1
1790098024293,0
1790098024601,1
1790098024601,0
1790098024905,1
1790098024905,0
1790098025288,1
1790098025288,0
1790098025662,1
1790098025662,0
1790098025850,1
1790098025850,0
1790098026198,1
1790098026198,0
1790098026380,1
1790098026380,0
1790098027468,1
1790098027468,0
1790098027816,1
1790098027816,0
1790098028121,1
1790098028121,0
1790098028473,1
1790098028473,0
1790098028825,1
1790098028825,0
1790098029361,1
1790098029361,0
1790098029702,1
1790098029702,0
1790098030053,1
1790098030053,0
1790098030370,1
1790098030370,0
1790098031096,1
1790098031096,0
1790098031280,1
1790098031280,0
1790098031603,1
1790098031603,0
1790098032646,1
1790098032646,0
1790098033016,1
1790098033016,0
1790098033203,1
1790098033203,0
1790098033985,1
1790098033985,0
1790098034171,1
1790098034171,0
1790098034364,1
1790098034364,0
1790098034547,1
1790098034547,0
1790098035476,1
1790098035476,0
1790098036921,1
1790098036921,0
1790098037228,1
1790098037228,0
1790098037420,1
1790098037420,0
1790098038125,1
1790098038125,0
1790098038461,1
1790098038461,0
1790098038808,1
1790098038808,0
1790098039150,1
1790098039150,0
1790098039524,1
1790098039524,0
1790098039836,1
1790098039836,0
1790098040148,1
1790098040148,0
1790098040516,1
1790098040516,0
1790098040830,0
1790098040830,0
1790098041143,1
1790098041143,0
1790098041512,1
1790098041512,0
1790098041880,1
1790098041880,0
1790098042249,1
1790098042249,0
1790098042618,1
1790098042618,0
1790098042961,1
1790098042961,0
1790098043308,1
1790098043308,0
1790098043671,1
1790098043671,0
1790098044012,1
1790098044012,0
1790098044343,1
1790098044343,0
1790098044898,1
1790098044898,0
1790098045280,1
1790098045280,0
1790098045645,1
1790098045645,0
1790098045998,1
1790098045999,0
1790098046374,1
1790098046374,0
1790098046733,1
1790098046733,0
1790098046929,1
1790098046929,0
1790098047107,1
1790098047107,0
1790098047482,1
1790098047482,0
1790098047791,1
1790098047791,0
1790098048104,1
1790098048104,0
1790098048415,1
1790098048415,0
1790098048718,1
1790098048718,0
1790098049042,1
1790098049042,0
1790098049229,1
1790098049229,0
1790098049543,0
1790098049543,0
1790098049917,1
1790098049917,0
1790098050286,1
1790098050286,0
1790098050620,1
1790098050620,0
1790098050806,1
1790098050806,0
1790098051003,1
1790098051003,0
1790098051189,1
1790098051189,0
1790098051705,1
1790098051705,0
1790098052054,1
1790098052054,0
1790098052248,1
1790098052248,0
1790098052428,1
1790098052428,0
1790098052795,1
1790098052795,0
1790098053115,1
1790098053115,0
1790098053428,1
1790098053428,0
1790098053735,1
1790098053735,0
1790098054040,1
1790098054040,0
1790098054353,1
1790098054353,0
1790098054726,1
1790098054726,0
1790098055035,1
1790098055035,0
1790098055216,1
1790098055216,0
1790098055409,0
1790098055410,0
1790098055945,1
1790098055945,0
1790098056297,1
1790098056297,0
1790098056627,1
1790098056627,0
1790098057192,1
1790098057192,0
1790098057562,1
1790098057562,0
1790098057884,1
1790098057884,0
1790098058073,1
1790098058073,0
1790098058388,1
1790098058388,0
1790098058747,1
1790098058747,0
1790098059111,1
1790098059111,0
1790098059487,1
1790098059488,0
1790098059854,1
1790098059854,0
1790098060408,1
1790098060408,0
1790098060754,1
1790098060754,0
1790098060946,1
1790098060946,0
1790098061130,1
1790098061130,0
1790098061316,1
1790098061316,0
1790098061665,1
1790098061665,0
1790098062003,1
1790098062003,0
1790098062335,1
1790098062335,0
1790098062532,1
1790098062532,0
1790098062835,1
1790098062835,0
1790098063156,1
1790098063156,0
1790098063501,1
1790098063501,0
1790098063689,1
1790098063689,0
1790098064254,1
1790098064254,0
1790098064623,1
1790098064623,0
1790098065005,1
1790098065005,0
1790098065378,1
1790098065378,0
1790098065693,1
1790098065693,0
1790098066374,1
1790098066374,0
1790098066691,1
1790098066691,0
1790098067064,1
1790098067064,0
1790098067401,1
1790098067401,0
1790098067746,1
1790098067746,0
1790098068088,1
1790098068088,0
1790098068646,1
1790098068646,0
1790098069005,1
1790098069005,0
1790098069360,1
1790098069360,0
1790098069553,1
1790098069553,0
1790098069899,1
1790098069899,0
1790098070080,1
1790098070080,0
1790098070282,1
1790098070282,0
1790098070478,1
1790098070479,0
1790098070662,1
1790098070662,0
1790098070851,1
1790098070851,0
1790098071192,1
1790098071193,0
1790098071532,1
1790098071532,0
1790098071875,1
1790098071875,0
1790098072214,1
1790098072214,0
1790098072544,1
1790098072544,0
1790098072855,1
1790098072855,0
1790098073164,1
1790098073164,0
1790098073469,1
1790098073469,0
1790098073816,1
1790098073816,0
1790098074178,1
1790098074178,0
1790098074548,1
1790098074548,0
1790098074913,1
1790098074913,0
1790098075662,1
1790098075662,0
1790098076027,1
1790098076027,0
1790098076392,1
1790098076392,0
1790098076761,1
1790098076761,0
1790098077135,1
1790098077135,0
1790098077521,1
1790098077521,0
1790098077890,1
1790098077890,0
1790098078582,1
1790098078582,0
1790098078877,1
1790098078877,0
1790098079200,1
1790098079200,0
1790098079495,1
1790098079495,0
1790098079685,1
1790098079685,0
1790098080589,1
1790098080589,0
1790098080964,1
1790098080964,0
1790098081187,1
1790098081187,0
1790098081367,1
1790098081367,0
1790098081559,1
1790098081559,0
1790098081750,1
1790098081750,0
1790098082056,1
1790098082056,0
1790098082378,1
1790098082378,0
1790098082760,1
1790098082760,0
1790098083068,1
1790098083068,0
1790098083382,1
1790098083382,0
1790098083713,1
1790098083713,0
1790098083898,1
1790098083898,0
1790098084086,1
1790098084086,0
1790098084270,1
1790098084270,0
1790098084646,1
1790098084646,0
1790098085350,1
1790098085350,0
1790098085533,1
1790098085533,0
1790098085720,1
1790098085720,0
1790098085915,1
1790098085915,0
1790098086110,1
1790098086110,0
1790098086296,1
1790098086296,0
1790098086476,1
1790098086476,0
1790098086667,1
1790098086667,0
1790098087214,1
1790098087214,0
1790098087513,1
1790098087513,0
1790098087822,1
1790098087822,0
1790098088132,1
1790098088132,0
1790098089043,1
1790098089043,0
1790098089350,1
1790098089350,0
1790098089651,1
1790098089651,0
1790098090138,1
1790098090138,0
1790098090701,1
1790098090701,0
1790098091069,1
1790098091069,0
1790098091443,1
1790098091443,0
1790098091816,1
1790098091816,0
1790098092185,1
1790098092185,0
1790098092564,1
1790098092564,0
1790098092882,1
1790098092882,0
1790098093198,1
1790098093198,0
1790098093504,1
1790098093504,0
1790098094008,1
1790098094009,0
1790098094325,1
1790098094325,0
1790098094632,1
1790098094632,0
1790098094829,1
1790098094829,0
1790098095201,1
1790098095201,0
1790098095568,1
1790098095568,0
1790098095911,1
1790098095911,0
1790098096463,1
1790098096463,0
1790098096653,1
1790098096653,0
1790098096838,1
1790098096838,0
1790098097029,1
1790098097029,0
1790098097377,1
1790098097377,0
1790098097684,1
1790098097684,0
1790098098065,1
1790098098065,0
1790098098370,1
1790098098370,0
1790098098683,1
1790098098683,0
1790098099036,1
1790098099036,0
1790098099358,1
1790098099358,0
1790098099677,1
1790098099677,0
1790098099986,1
1790098099986,0
1790098100539,1
1790098100539,0
1790098100922,1
1790098100922,0
1790098101262,1
1790098101262,0
1790098101452,1
1790098101452,0
1790098101818,1
1790098101818,0
1790098102171,1
1790098102171,0
1790098102506,1
1790098102506,0
1790098102844,1
1790098102844,0
1790098103185,1
1790098103185,0
1790098103715,1
1790098103715,0
1790098104070,1
1790098104070,0
1790098104263,1
1790098104263,0
1790098104446,1
1790098104446,0
1790098104639,1
1790098104639,0
1790098105495,1
1790098105495,0
1790098105803,1
1790098105803,0
1790098106107,1
1790098106107,0
1790098106303,1
1790098106303,0
1790098106669,1
1790098106669,0
1790098106855,1
1790098106855,0
1790098107196,1
1790098107196,0
1790098107541,1
1790098107542,0
1790098107881,1
1790098107881,0
1790098108223,1
1790098108223,0
1790098108771,1
1790098108771,0
1790098109262,1
1790098109262,0
1790098109566,1
1790098109566,0
1790098109909,1
1790098109910,0
1790098110282,1
1790098110282,0
1790098110677,1
1790098110677,0
1790098111042,1
1790098111042,0
1790098111352,1
1790098111352,0
1790098111652,1
1790098111652,0
1790098111965,1
1790098111965,0
1790098112337,1
1790098112337,0
1790098112868,1
1790098112868,0
1790098113980,1
1790098113980,0
1790098114516,1
1790098114516,0
1790098114871,1
1790098114871,0
1790098115231,1
1790098115231,0
1790098116162,1
1790098116162,0
1790098116478,1
1790098116478,0
1790098116785,1
1790098116785,0
1790098117096,1
1790098117096,0
1790098117426,1
1790098117426,0
1790098117801,1
1790098117801,0
1790098118182,1
1790098118182,0
1790098118547,1
1790098118547,0
1790098118919,1
1790098118919,0
1790098119287,1
1790098119287,0
1790098119603,1
1790098119603,0
1790098119973,1
1790098119973,0
1790098120161,1
1790098120161,0
1790098120531,1
1790098120531,0
1790098120913,1
1790098120913,0
1790098121467,1
1790098121467,0
1790098121837,1
1790098121837,0
1790098122208,1
1790098122209,0
1790098122554,1
1790098122554,0
1790098122742,1
1790098122742,0
1790098122936,1
1790098122936,0
1790098123272,1
1790098123272,0
1790098123614,1
1790098123614,0
1790098124108,1
1790098124108,0
1790098124417,1
1790098124417,0
1790098124723,1
1790098124723,0
1790098125050,1
1790098125050,0
1790098125248,1
1790098125248,0
1790098125435,1
1790098125435,0
1790098125810,1
1790098125810,0
1790098126183,1
1790098126183,0
1790098126557,1
1790098126557,0
1790098127121,1
1790098127121,0
1790098127490,1
1790098127490,0
1790098127862,1
1790098127862,0
1790098128232,1
1790098128232,0
1790098128549,1
1790098128549,0
1790098128853,1
1790098128853,0
1790098129040,1
1790098129040,0
1790098129576,1
1790098129576,0
1790098129915,1
1790098129915,0
1790098130251,1
1790098130251,0
1790098130601,1
1790098130601,0
1790098130945,1
1790098130945,0
1790098131290,1
1790098131290,0
1790098131474,1
1790098131474,0
1790098131867,1
1790098131867,0
1790098132059,1
1790098132059,0
1790098132241,1
1790098132241,0
1790098133359,1
1790098133359,0
1790098133737,1
1790098133737,0
1790098134091,1
1790098134091,0
1790098134617,1
1790098134617,0
1790098134813,1
1790098134813,0
1790098135010,1
1790098135010,0
1790098135201,1
1790098135201,0
1790098135387,1
1790098135387,0
1790098135700,1
1790098135700,0
1790098136044,1
1790098136044,0
1790098137148,1
1790098137148,0
1790098137519,1
1790098137519,0
1790098137854,1
1790098137854,0
1790098138057,1
1790098138057,0
1790098138760,1
1790098138760,0
1790098139064,1
1790098139064,0
1790098139245,1
1790098139245,0
1790098139585,1
1790098139585,0
1790098139907,1
1790098139907,0
1790098140249,1
1790098140249,0
1790098140594,1
1790098140594,0
1790098140794,1
1790098140794,0
1790098141133,1
1790098141133,0
1790098141643,1
1790098141643,0
1790098141957,1
1790098141957,0
1790098142267,1
1790098142267,0
1790098142582,1
1790098142582,0
1790098142907,1
1790098142907,0
1790098143229,1
1790098143229,0
1790098143537,1
1790098143537,0
1790098144207,1
1790098144208,0
1790098144755,1
1790098144755,0
1790098145831,1
1790098145831,0
1790098146135,1
1790098146135,0
1790098146491,1
1790098146491,0
1790098147204,1
1790098147204,0
1790098147569,1
1790098147569,0
1790098147930,1
1790098147930,0
1790098148315,1
1790098148315,0
1790098148664,1
1790098148664,0
1790098148859,1
1790098148859,0
1790098149040,1
1790098149040,0
1790098149403,1
1790098149403,0
1790098149598,1
1790098149598,0
1790098150094,1
1790098150094,0
1790098150406,1
1790098150406,0
1790098150727,1
1790098150727,0
1790098151044,1
1790098151044,0
1790098151232,1
1790098151232,0
1790098151542,1
1790098151542,0
1790098151733,1
1790098151733,0
1790098152067,1
1790098152067,0
1790098152413,1
1790098152413,0
1790098152724,1
1790098152724,0
1790098153092,1
1790098153093,0
1790098153478,1
1790098153478,0
1790098153849,1
1790098153849,0
1790098154216,1
1790098154216,0
1790098154556,1
1790098154556,0
1790098154915,1
1790098154915,0
1790098155280,1
1790098155280,0
1790098155845,1
1790098155845,0
1790098156035,1
1790098156035,0
1790098156225,1
1790098156225,0
1790098156416,1
1790098156416,0
1790098156606,1
1790098156606,0
1790098157169,1
1790098157169,0
1790098157491,1
1790098157491,0
1790098158170,1
1790098158170,0
1790098158509,1
1790098158509,0
1790098158858,1
1790098158858,0
1790098159182,1
1790098159182,0
1790098159679,1
1790098159679,0
1790098159992,0
1790098159992,0
1790098160365,1
1790098160365,0
1790098160558,1
1790098160558,0
1790098160873,1
1790098160873,0
1790098161182,1
1790098161182,0
1790098161508,1
1790098161508,0
1790098161833,1
1790098161833,0
1790098162178,1
1790098162178,0
1790098162496,1
1790098162496,0
1790098162827,1
1790098162827,0
1790098163033,1
1790098163033,0
1790098163234,1
1790098163234,0
1790098163582,1
1790098163582,0
1790098164501,1
1790098164501,0
1790098164829,1
1790098164829,0
1790098165141,1
1790098165142,0
1790098165906,1
1790098165906,0
1790098166093,1
1790098166093,0
1790098166283,1
1790098166283,0
1790098166469,1
1790098166469,0
1790098166843,1
1790098166843,0
1790098167209,1
1790098167209,0
1790098167585,1
1790098167585,0
1790098167947,1
1790098167947,0
1790098168264,1
1790098168264,0
1790098168626,1
1790098168626,0
1790098169010,1
1790098169010,0
1790098169385,1
1790098169385,0
1790098169692,1
1790098169692,0
1790098170055,1
1790098170055,0
1790098170425,1
1790098170425,0
1790098170616,1
1790098170616,0
1790098170812,1
1790098170812,0
1790098171194,1
1790098171194,0
1790098171394,1
1790098171394,0
1790098171577,1
1790098171577,0
1790098171767,1
1790098171767,0
1790098172079,1
1790098172079,0
1790098172615,1
1790098172615,0
1790098172926,1
1790098172926,0
1790098173237,1
1790098173237,0
1790098173582,1
1790098173582,0
1790098173773,1
1790098173773,0
1790098173954,1
1790098173954,0
1790098174142,1
1790098174142,0
1790098174714,1
1790098174714,0
1790098175087,1
1790098175087,0
1790098175459,1
1790098175459,0
1790098175777,1
1790098175777,0
1790098176883,1
1790098176884,0
1790098177399,1
1790098177399,0
1790098177761,1
1790098177761,0
1790098178135,1
1790098178135,0
1790098178475,1
1790098178475,0
1790098178784,1
1790098178784,0
1790098179093,1
1790098179093,0
1790098179408,1
1790098179408,0
1790098179925,1
1790098179925,0
1790098180260,1
1790098180260,0
1790098180636,1
1790098180636,0
1790098180834,1
1790098180834,0
1790098181029,1
1790098181029,0
1790098182126,1
1790098182126,0
1790098182435,1
1790098182435,0
1790098182786,1
1790098182786,0
1790098183099,1
1790098183099,0
1790098183411,1
1790098183411,0
1790098183721,1
1790098183721,0
1790098184814,1
1790098184814,0
1790098185120,1
1790098185120,0
1790098185436,1
1790098185436,0
1790098185625,1
1790098185625,0
1790098185939,0
1790098185939,0
1790098187052,1
1790098187052,0
1790098187415,1
1790098187415,0
1790098187726,1
1790098187726,0
1790098187919,1
1790098187919,0
1790098188110,1
1790098188110,0
1790098188422,1
1790098188422,0
1790098189173,1
1790098189173,0
1790098189548,1
1790098189548,0
1790098189916,1
1790098189916,0
1790098190101,1
1790098190101,0
1790098190446,1
1790098190446,0
1790098190828,1
1790098190828,0
1790098191170,1
1790098191170,0
1790098191507,1
1790098191507,0
1790098191858,1
1790098191858,0
1790098192190,1
1790098192190,0
1790098192382,1
1790098192382,0
1790098192564,1
1790098192564,0
1790098192876,1
1790098192876,0
1790098193061,1
1790098193061,0
1790098193253,1
1790098193253,0
1790098193622,1
1790098193623,0
1790098193969,1
1790098193969,0
1790098194302,1
1790098194302,0
1790098194646,1
1790098194646,0
1790098195039,1
1790098195039,0
1790098195349,1
1790098195349,0
1790098195658,1
1790098195658,0
1790098196172,1
1790098196172,0
1790098196493,1
1790098196493,0
1790098196831,1
1790098196831,0
1790098197179,1
1790098197179,0
1790098197524,1
1790098197524,0
1790098197858,1
1790098197858,0
1790098198247,1
1790098198247,0
1790098198567,1
1790098198567,0
1790098198756,1
1790098198756,0
1790098198961,1
1790098198961,0
1790098199875,1
1790098199875,0
1790098200060,1
1790098200060,0
1790098200261,1
1790098200261,0
1790098200453,1
1790098200453,0
1790098200639,1
1790098200639,0
1790098200844,1
1790098200844,0
1790098201228,1
1790098201228,0
1790098201599,1
1790098201599,0
1790098201968,1
1790098201968,0
1790098202344,1
1790098202344,0
1790098202674,1
1790098202674,0
1790098203043,1
1790098203043,0
1790098203234,1
1790098203234,0
1790098203444,1
1790098203444,0
1790098203636,1
1790098203636,0
1790098204008,1
1790098204008,0
1790098204191,1
1790098204191,0
1790098204387,1
1790098204387,0
1790098204565,1
1790098204565,0
1790098204914,1
1790098204914,0
1790098205661,1
1790098205661,0
1790098205856,1
1790098205857,0
1790098206224,1
1790098206224,0
1790098206594,1
1790098206594,0
1790098206966,1
1790098206966,0
1790098207344,1
1790098207344,0
1790098207701,1
1790098207701,0
1790098208013,1
1790098208013,0
1790098208303,1
1790098208303,0
1790098208506,1
1790098208506,0
1790098208683,1
1790098208683,0
1790098209054,1
1790098209054,0
1790098209993,1
1790098209993,0
1790098210734,1
1790098210734,0
1790098211301,1
1790098211301,0
1790098211504,1
1790098211504,0
1790098211687,1
1790098211687,0
1790098211882,1
1790098211882,0
1790098212243,1
1790098212243,0
1790098212563,1
1790098212563,0
1790098213260,1
1790098213260,0
1790098213456,1
1790098213456,0
1790098213635,1
1790098213635,0
1790098213831,1
1790098213831,0
1790098214300,1
1790098214300,0
1790098214622,1
1790098214623,0
1790098215165,1
1790098215165,0
1790098215539,1
1790098215540,0
1790098215735,0
1790098215735,0
1790098215920,1
1790098215920,0
1790098216117,1
1790098216117,0
1790098216486,1
1790098216486,0
1790098216690,1
1790098216690,0
1790098217031,1
1790098217031,0
1790098217373,1
1790098217374,0
1790098217706,0
1790098217706,0
1790098218190,1
1790098218190,0
1790098218504,1
1790098218504,0
1790098218819,0
1790098218819,0
1790098219705,1
1790098219705,0
1790098220037,1
1790098220037,0
1790098220410,1
1790098220410,0
1790098220710,1
1790098220710,0
1790098221024,1
1790098221024,0
1790098221345,1
1790098221345,0
1790098221655,1
1790098221655,0
1790098221838,1
1790098221838,0
1790098222157,1
1790098222157,0
1790098222535,1
1790098222535,0
1790098222849,1
1790098222849,0
1790098223154,1
1790098223154,0
1790098223534,1
1790098223534,0
1790098223904,1
1790098223904,0
1790098224274,1
1790098224274,0
1790098224642,1
1790098224642,0
1790098225150,1
1790098225150,0
1790098225463,1
1790098225463,0
1790098225656,1
1790098225656,0
1790098225965,1
1790098225965,0
1790098226284,1
1790098226284,0
1790098226660,1
1790098226660,0
1790098227031,1
1790098227031,0
1790098227404,1
1790098227404,0
1790098227786,1
1790098227786,0
1790098228108,1
1790098228108,0
1790098228447,1
1790098228447,0
1790098228792,1
1790098228792,0
1790098229129,1
1790098229129,0
1790098229484,1
1790098229484,0
1790098229800,1
1790098229800,0
1790098229988,1
1790098229988,0
1790098230175,1
1790098230175,0
1790098230369,1
1790098230369,0
1790098230561,1
1790098230561,0
1790098230900,1
1790098230900,0
1790098231246,1
1790098231246,0
1790098231620,1
1790098231620,0
1790098232204,1
1790098232204,0
1790098232507,1
1790098232507,0
1790098232828,1
1790098232828,0
1790098233147,1
1790098233147,0
1790098233454,1
1790098233454,0
1790098233979,1
1790098233979,0
1790098234523,1
1790098234523,0
1790098234892,1
1790098234892,0
1790098235206,1
1790098235207,0
1790098235540,1
1790098235540,0
1790098235903,1
1790098235903,0
1790098236237,1
1790098236237,0
1790098236545,1
1790098236545,0
1790098236856,1
1790098236856,0
1790098237172,1
1790098237172,0
1790098237485,1
1790098237485,0
1790098237679,1
1790098237679,0
1790098237865,1
1790098237865,0
1790098238212,1
1790098238212,0
1790098238561,1
1790098238561,0
1790098238902,1
1790098238902,0
1790098239237,1
1790098239237,0
1790098239438,1
1790098239438,0
1790098239809,1
1790098239809,0
1790098240679,1
1790098240679,0
1790098241020,1
1790098241020,0
1790098241358,1
1790098241358,0
1790098241704,1
1790098241704,0
1790098242041,1
1790098242041,0
1790098242352,1
1790098242352,0
1790098242662,1
1790098242662,0
1790098243040,1
1790098243040,0
1790098243386,0
1790098243386,0
1790098243727,1
1790098243727,0
1790098244030,1
1790098244030,0
1790098244350,1
1790098244350,0
1790098244657,1
1790098244657,0
1790098244976,1
1790098244976,0
1790098245347,1
1790098245347,0
1790098245540,0
1790098245540,0
1790098246069,1
1790098246069,0
1790098246413,1
1790098246413,0
1790098246607,1
1790098246607,0
1790098247363,1
1790098247363,0
1790098247729,1
1790098247729,0
1790098248100,1
1790098248100,0
1790098248422,1
1790098248422,0
1790098248605,1
1790098248605,0
1790098248915,1
1790098248915,0
1790098249217,1
1790098249217,0
1790098249539,1
1790098249540,0
1790098249846,1
1790098249846,0
1790098250162,1
1790098250162,0
1790098250534,1
1790098250534,0
1790098250913,1
1790098250913,0
1790098251249,1
1790098251249,0
1790098251591,1
1790098251591,0
1790098252111,1
1790098252111,0
1790098252420,1
1790098252420,0
1790098252739,1
1790098252739,0
1790098253057,1
1790098253057,0
1790098253395,1
1790098253395,0
1790098253744,1
1790098253744,0
1790098254063,1
1790098254063,0
1790098254427,1
1790098254427,0
1790098254622,1
1790098254622,0
1790098254966,1
1790098254966,0
1790098255311,1
1790098255311,0
1790098255658,1
1790098255658,0
1790098255998,1
1790098255998,0
1790098256345,1
1790098256345,0
1790098256648,1
1790098256648,0
1790098256963,1
1790098256963,0
1790098257348,1
1790098257348,0
1790098257728,1
1790098257728,0
1790098258074,1
1790098258074,0
1790098258452,1
1790098258452,0
1790098258838,1
1790098258838,0
1790098259198,1
1790098259198,0
1790098259557,1
1790098259557,0
1790098259747,1
1790098259747,0
1790098259924,1
1790098259924,0
1790098260248,1
1790098260248,0
1790098260548,1
1790098260548,0
1790098260924,1
1790098260924,0
1790098261126,1
1790098261126,0
1790098261348,1
1790098261348,0
1790098261539,1
1790098261539,0
1790098261733,1
1790098261733,0
1790098261914,1
1790098261914,0
1790098262440,1
1790098262440,0
1790098263185,1
1790098263185,0
1790098263556,1
1790098263556,0
1790098263955,1
1790098263955,0
1790098264328,1
1790098264328,0
1790098264883,1
1790098264883,0
1790098265251,1
1790098265251,0
1790098265557,1
1790098265557,0
1790098265873,1
1790098265873,0
1790098266193,1
1790098266193,0
1790098266530,1
1790098266530,0
1790098266874,1
1790098266874,0
1790098267211,1
1790098267211,0
1790098267560,1
1790098267560,0
1790098267930,1
1790098267930,0
1790098268248,1
1790098268248,0
1790098268603,1
1790098268603,0
1790098268801,1
1790098268801,0
1790098268998,1
1790098268998,0
1790098269321,1
1790098269321,0
1790098269637,1
1790098269637,0
1790098269958,1
1790098269958,0
1790098270273,1
1790098270273,0
1790098270641,1
1790098270641,0
1790098270990,1
1790098270990,0
1790098271323,1
1790098271323,0
1790098271827,1
1790098271827,0
1790098272008,1
1790098272008,0
1790098273259,1
1790098273259,0
1790098273449,1
1790098273449,0
1790098273833,1
1790098273833,0
1790098274214,1
1790098274214,0
1790098274406,1
1790098274406,0
1790098275157,1
1790098275157,0
1790098275527,1
1790098275527,0
1790098275904,1
1790098275904,0
1790098276249,1
1790098276249,0
1790098276437,1
1790098276437,0
1790098276823,1
1790098276823,0
1790098277192,1
1790098277192,0
1790098277592,1
1790098277592,0
1790098277963,1
1790098277963,0
1790098278342,1
1790098278342,0
1790098278689,1
1790098278689,0
1790098279021,1
1790098279021,0
1790098279353,1
1790098279353,0
1790098279704,1
1790098279705,0
1790098280054,1
1790098280054,0
1790098280577,1
1790098280577,0
1790098280916,1
1790098280916,0
1790098281275,1
1790098281275,0
1790098281613,1
1790098281613,0
1790098281989,1
1790098281989,0
1790098282359,1
1790098282359,0
1790098282678,1
1790098282678,0
1790098283060,1
1790098283060,0
1790098283373,1
1790098283373,0
1790098283578,1
1790098283578,0
1790098283770,1
1790098283770,0
1790098283952,1
1790098283952,0
1790098284136,1
1790098284136,0
1790098284480,1
1790098284480,0
1790098284666,1
1790098284666,0
1790098284871,1
1790098284871,0
1790098286170,1
1790098286170,0
1790098286362,1
1790098286362,0
1790098286548,1
1790098286548,0
1790098286861,1
1790098286861,0
1790098287243,1
1790098287243,0
1790098287610,1
1790098287610,0
1790098288682,1
1790098288682,0
1790098289022,1
1790098289022,0
1790098289387,1
1790098289387,0
1790098289692,1
1790098289692,0
1790098290009,1
1790098290009,0
1790098290380,1
1790098290380,0
1790098290693,1
1790098290693,0
1790098290998,1
1790098290998,0
1790098291311,1
1790098291311,0
1790098291620,1
1790098291620,0
1790098291997,1
1790098291997,0
1790098292370,1
1790098292370,0
1790098292718,0
1790098292718,0
1790098293212,1
1790098293212,0
1790098293556,1
1790098293556,0
1790098293893,1
1790098293893,0
1790098294233,1
1790098294233,0
1790098294576,1
1790098294576,0
1790098294943,1
1790098294943,0
1790098295478,1
1790098295478,0
1790098295815,1
1790098295815,0
1790098296170,1
1790098296170,0
1790098296538,1
1790098296538,0
1790098296734,1
1790098296734,0
1790098296926,1
1790098296926,0
1790098297113,1
1790098297113,0
1790098297464,1
1790098297464,0
1790098297772,1
1790098297772,0
1790098298088,1
1790098298088,0
1790098298401,1
1790098298401,0
1790098298756,1
1790098298756,0
1790098299074,1
1790098299074,0
1790098299438,1
1790098299438,0
1790098299810,1
1790098299810,0
1790098300174,1
1790098300174,0
1790098300557,1
1790098300557,0
1790098300938,1
1790098300938,0
1790098301280,1
1790098301280,0
1790098302026,1
1790098302026,0
1790098302994,1
1790098302994,0
1790098303305,1
1790098303305,0
1790098303612,1
1790098303612,0
1790098303924,0
1790098303924,0
1790098304290,1
1790098304290,0
1790098304661,1
1790098304661,0
1790098305035,1
1790098305035,0
1790098305403,1
1790098305403,0
1790098305783,1
1790098305783,0
1790098306158,1
1790098306158,0
1790098306678,1
1790098306678,0
1790098307619,1
1790098307619,0
1790098307804,1
1790098307804,0
1790098307997,1
1790098307997,0
1790098308304,1
1790098308304,0
1790098308623,1
1790098308623,0
1790098308940,1
1790098308940,0
1790098309248,1
1790098309248,0
1790098309445,1
1790098309445,0
1790098309755,1
1790098309755,0
1790098310079,1
1790098310079,0
1790098310393,1
1790098310393,0
1790098310701,1
1790098310701,0
1790098311008,1
1790098311008,0
1790098311738,1
1790098311738,0
1790098311927,1
1790098311927,0
1790098312126,1
1790098312126,0
1790098312490,1
1790098312490,0
1790098312839,1
1790098312839,0
1790098313184,1
1790098313184,0
1790098313525,1
1790098313525,0
1790098313709,1
1790098313709,0
1790098314051,1
1790098314051,0
1790098314379,1
1790098314379,0
1790098314568,1
1790098314568,0
1790098314911,1
1790098314911,0
1790098315247,1
1790098315247,0
1790098315549,1
1790098315549,0
1790098315874,1
1790098315874,0
1790098316182,1
1790098316182,0
1790098316503,1
1790098316503,0
1790098316836,1
1790098316836,0
1790098317411,1
1790098317411,0
1790098318130,1
1790098318130,0
1790098318441,1
1790098318441,0
1790098318757,1
1790098318757,0
1790098319076,1
1790098319076,0
1790098319257,1
1790098319257,0
1790098319440,1
1790098319440,0
1790098319627,1
1790098319627,0
1790098319962,1
1790098319962,0
1790098320276,1
1790098320276,0
1790098320588,1
1790098320588,0
1790098320987,1
1790098320987,0
1790098321380,1
1790098321380,0
1790098321749,1
1790098321749,0
1790098322119,1
1790098322119,0
1790098322328,1
1790098322328,0
1790098322505,1
1790098322505,0
1790098322857,1
1790098322857,0
1790098323200,1
1790098323200,0
1790098323565,1
1790098323565,0
1790098324089,1
1790098324089,0
1790098324418,1
1790098324418,0
1790098324756,1
1790098324756,0
1790098325096,1
1790098325096,0
1790098325800,1
1790098325800,0
1790098326107,1
1790098326107,0
1790098326456,1
1790098326456,0
1790098326771,1
1790098326771,0
1790098327076,1
1790098327076,0
1790098327391,1
1790098327391,0
1790098327744,1
1790098327744,0
1790098328088,1
1790098328088,0
1790098328477,1
1790098328477,0
1790098328787,1
1790098328787,0
1790098329479,1
1790098329479,0
1790098329787,1
1790098329787,0
1790098330101,1
1790098330101,0
1790098330414,1
1790098330414,0
1790098331279,1
1790098331279,0
1790098331621,1
1790098331621,0
1790098332920,1
1790098332920,0
1790098333847,1
1790098333847,0
1790098334035,1
1790098334035,0
1790098334203,1
1790098334203,0
1790098334522,1
1790098334522,0
1790098334871,1
1790098334871,0
1790098335212,1
1790098335212,0
1790098335397,1
1790098335397,0
1790098336070,1
1790098336070,0
1790098336384,1
1790098336384,0
1790098336689,1
1790098336689,0
1790098336992,1
1790098336992,0
1790098337707,1
1790098337707,0
1790098338019,1
1790098338019,0
1790098338324,1
1790098338324,0
1790098338693,1
1790098338693,0
1790098339051,1
1790098339051,0
1790098339411,1
1790098339411,0
1790098339783,1
1790098339783,0
1790098340092,1
1790098340092,0
1790098340454,1
1790098340454,0
1790098340821,1
1790098340821,0
1790098341165,1
1790098341165,0
1790098341722,1
1790098341722,0
1790098341910,1
1790098341910,0
1790098342099,1
1790098342099,0
1790098342283,1
1790098342283,0
1790098342479,1
1790098342479,0
1790098342847,1
1790098342847,0
1790098343216,1
1790098343216,0
1790098343592,1
1790098343592,0
1790098344334,1
1790098344334,0
1790098344678,1
1790098344678,0
1790098345015,1
1790098345015,0
1790098345371,1
1790098345371,0
1790098345738,0
1790098345738,0
1790098345967,1
1790098345967,0
1790098346149,1
1790098346149,0
1790098346533,1
1790098346533,0
1790098348018,1
1790098348018,0
1790098348379,1
1790098348379,0
1790098348747,1
1790098348747,0
1790098349093,1
1790098349093,0
1790098349421,1
1790098349421,0
1790098349756,1
1790098349756,0
1790098350095,1
1790098350095,0
1790098350454,1
1790098350454,0
1790098350643,1
1790098350643,0
1790098350829,1
1790098350829,0
1790098351166,1
1790098351166,0
1790098351538,1
1790098351538,0
1790098351720,1
1790098351720,0
1790098351911,1
1790098351911,0
1790098352096,1
1790098352096,0
1790098352295,1
1790098352295,0
1790098352479,1
1790098352479,0
1790098352672,1
1790098352672,0
1790098353083,1
1790098353083,0
1790098353464,1
1790098353464,0
1790098353728,1
1790098353728,0
1790098353929,1
1790098353929,0
1790098354244,1
1790098354244,0
1790098355121,1
1790098355121,0
1790098355426,1
1790098355426,0
1790098355745,1
1790098355745,0
1790098356054,1
1790098356054,0
1790098356429,1
1790098356429,0
1790098356743,1
1790098356743,0
1790098357049,1
1790098357049,0
1790098357362,1
1790098357362,0
1790098357678,1
1790098357678,0
1790098358014,1
1790098358014,0
1790098358222,1
1790098358222,0
1790098358772,1
1790098358772,0
1790098359123,1
1790098359123,0
1790098359445,1
1790098359445,0
1790098359764,1
1790098359764,0
1790098360130,1
1790098360130,0
1790098360487,1
1790098360487,0
1790098360852,1
1790098360852,0
1790098361213,1
1790098361213,0
1790098361583,1
1790098361583,0
1790098361961,1
1790098361961,0
1790098362304,1
1790098362304,0
1790098362489,1
1790098362489,0
1790098362787,1
1790098362787,0
1790098362974,1
1790098362974,0
1790098363168,1
1790098363168,0
1790098363358,1
1790098363358,0
1790098363552,1
1790098363552,0
1790098363857,1
1790098363857,0
1790098364186,1
1790098364186,0
1790098364374,1
1790098364374,0
1790098364710,1
1790098364710,0
1790098365054,1
1790098365054,0
1790098365361,1
1790098365361,0
1790098365729,1
1790098365729,0
1790098366103,1
1790098366103,0
1790098366475,1
1790098366475,0
1790098366821,1
1790098366821,0
1790098367553,1
1790098367553,0
1790098367932,1
1790098367932,0
1790098368121,1
1790098368121,0
1790098368309,1
1790098368309,0
1790098368489,1
1790098368489,0
1790098368686,1
1790098368686,0
1790098369058,1
1790098369058,0
1790098369385,1
1790098369385,0
1790098369571,1
1790098369571,0
1790098370244,1
1790098370244,0
1790098370977,1
1790098370977,0
1790098371706,1
1790098371706,0
1790098372007,1
1790098372007,0
1790098372376,1
1790098372376,0
1790098372559,1
1790098372559,0
1790098372740,1
1790098372740,0
1790098372936,1
1790098372936,0
1790098373121,1
1790098373121,0
1790098373618,1
1790098373618,0
1790098373936,1
1790098373936,0
1790098374126,1
1790098374126,0
1790098374300,1
1790098374300,0
1790098374610,1
1790098374610,0
1790098374925,1
1790098374925,0
1790098375234,1
1790098375234,0
1790098375547,1
1790098375547,0
1790098375908,1
1790098375908,0
1790098376106,1
1790098376106,0
1790098376286,1
1790098376286,0
1790098376647,1
1790098376647,0
1790098377079,1
1790098377079,0
1790098377273,1
1790098377273,0
1790098377496,1
1790098377496,0
1790098377687,1
1790098377687,0
1790098378063,1
1790098378063,0
1790098378369,1
1790098378369,0
1790098378703,1
1790098378703,0
1790098379015,1
1790098379015,0
1790098379337,1
1790098379337,0
1790098379680,1
1790098379680,0
1790098379881,1
1790098379881,0
1790098380068,1
1790098380068,0
1790098380266,1
1790098380266,0
1790098380572,0
1790098380572,0
1790098380941,1
1790098380941,0
1790098381294,1
1790098381294,0
1790098381657,1
1790098381657,0
1790098382175,1
1790098382175,0
1790098382489,1
1790098382489,0
1790098382790,1
1790098382790,0
1790098383109,1
1790098383109,0
1790098384020,1
1790098384020,0
1790098384354,1
1790098384354,0
1790098384706,1
1790098384706,0
1790098385035,1
1790098385035,0
1790098385385,1
1790098385385,0
1790098385717,1
1790098385717,0
1790098385909,1
1790098385909,0
1790098386258,1
1790098386258,0
1790098386596,1
1790098386596,0
1790098386902,1
1790098386902,0
1790098387246,1
1790098387246,0
1790098387606,1
1790098387606,0
1790098387798,1
1790098387798,0
1790098387980,1
1790098387980,0
1790098388168,1
1790098388168,0
1790098388357,1
1790098388357,0
1790098388664,1
1790098388664,0
1790098388977,1
1790098388977,0
1790098389324,1
1790098389324,0
1790098389514,1
1790098389514,0
1790098389696,1
1790098389696,0
1790098390806,1
1790098390806,0
1790098391005,1
1790098391005,0
1790098391194,1
1790098391194,0
1790098391498,1
1790098391498,0
1790098391688,1
1790098391688,0
1790098392018,1
1790098392018,0
1790098392358,1
1790098392358,0
1790098392686,1
1790098392686,0
1790098393022,1
1790098393022,0
1790098393348,1
1790098393348,0
1790098393688,1
1790098393688,0
1790098394049,1
1790098394049,0
1790098394427,1
1790098394427,0
1790098394801,1
1790098394801,0
1790098395112,1
1790098395112,0
1790098395451,1
1790098395451,0
1790098395802,1
1790098395802,0
1790098396138,1
1790098396138,0
1790098396513,1
1790098396513,0
1790098396878,1
1790098396878,0
1790098397252,1
1790098397252,0
1790098397773,1
1790098397773,0
1790098398089,1
1790098398089,0
1790098398387,1
1790098398387,0
1790098398702,1
1790098398702,0
1790098399007,1
1790098399007,0
1790098399350,1
1790098399350,0
1790098399689,1
1790098399689,0
1790098400229,1
1790098400229,0
1790098400579,1
1790098400579,0
1790098400913,1
1790098400913,0
1790098401282,1
1790098401282,0
1790098401472,1
1790098401472,0
1790098401663,1
1790098401663,0
1790098401998,1
1790098401998,0
1790098402557,1
1790098402557,0
1790098402741,1
1790098402741,0
1790098403086,1
1790098403086,0
1790098403417,1
1790098403417,0
1790098403758,1
1790098403758,0
1790098404104,1
1790098404104,0
1790098404429,1
1790098404429,0
1790098404926,1
1790098404926,0
1790098405446,1
1790098405446,0
1790098405796,1
1790098405796,0
1790098406142,1
1790098406142,0
1790098406448,1
1790098406448,0
1790098406754,1
1790098406754,0
1790098407073,1
1790098407073,0
1790098407447,1
1790098407447,0
1790098407639,1
1790098407639,0
1790098407824,1
1790098407824,0
1790098408172,1
1790098408172,0
1790098408548,1
1790098408548,0
1790098409103,1
1790098409103,0
1790098409471,1
1790098409471,0
1790098409849,1
1790098409849,0
1790098410223,1
1790098410223,0
1790098410554,1
1790098410554,0
1790098410920,1
1790098410920,0
1790098411253,1
1790098411253,0
1790098411598,1
1790098411598,0
1790098411932,1
1790098411932,0
1790098412302,1
1790098412302,0
1790098413346,1
1790098413346,0
1790098413663,1
1790098413663,0
1790098414034,1
1790098414034,0
1790098414409,1
1790098414409,0
1790098414779,1
1790098414779,0
1790098414982,1
1790098414982,0
1790098415178,1
1790098415178,0
1790098415367,1
1790098415367,0
1790098415551,1
1790098415551,0
1790098415862,1
1790098415862,0
1790098416185,1
1790098416186,0
1790098416680,1
1790098416680,0
1790098416999,1
1790098416999,0
1790098417302,1
1790098417302,0
1790098418023,1
1790098418023,0
1790098418336,1
1790098418336,0
1790098418640,1
1790098418640,0
1790098419015,1
1790098419015,0
1790098419341,1
1790098419341,0
1790098420439,1
1790098420439,0
1790098420819,1
1790098420819,0
1790098421119,1
1790098421119,0
1790098421312,1
1790098421312,0
1790098421495,1
1790098421495,0
1790098421812,1
1790098421812,0
1790098422127,1
1790098422127,0
1790098422430,1
1790098422430,0
1790098422746,1
1790098422746,0
1790098423223,1
1790098423223,0
1790098423542,1
1790098423542,0
1790098423913,1
1790098423913,0
1790098424437,1
1790098424437,0
1790098424751,1
1790098424751,0
1790098425056,1
1790098425056,0
1790098425364,1
1790098425364,0
1790098425687,1
1790098425687,0
1790098426024,1
1790098426024,0
1790098426341,1
1790098426341,0
1790098426677,1
1790098426677,0
1790098427378,1
1790098427378,0
1790098427685,1
1790098427685,0
1790098427986,1
1790098427986,0
1790098428301,1
1790098428303,0
1790098428821,1
1790098428821,0
1790098429155,1
1790098429155,0
1790098429339,1
1790098429339,0
1790098429674,1
1790098429674,0
1790098430055,1
1790098430055,0
1790098430362,1
1790098430362,0
1790098430672,1
1790098430672,0
1790098430986,1
1790098430986,0
1790098431288,1
1790098431288,0
1790098431474,1
1790098431474,0
1790098431785,1
1790098431785,0
1790098431974,1
1790098431974,0
1790098432274,1
1790098432274,0
1790098432582,1
1790098432582,0
1790098432927,1
1790098432927,0
1790098433264,1
1790098433264,0
1790098433601,1
1790098433601,0
1790098433933,1
1790098433933,0
1790098434310,1
1790098434310,0
1790098434657,1
1790098434657,0
1790098435028,1
1790098435028,0
1790098435213,1
1790098435213,0
1790098435554,1
1790098435554,0
1790098435889,1
1790098435889,0
1790098436956,1
1790098436956,0
1790098437544,1
1790098437544,0
1790098437914,1
1790098437914,0
1790098438282,1
1790098438282,0
1790098438803,1
1790098438803,0
1790098439147,1
1790098439147,0
1790098439502,1
1790098439502,0
1790098439806,1
1790098439806,0
1790098440192,1
1790098440192,0
1790098440566,1
1790098440566,0
1790098440934,1
1790098440934,0
1790098441318,1
1790098441319,0
1790098441664,1
1790098441664,0
1790098442028,1
1790098442028,0
1790098442389,1
1790098442389,0
1790098442790,1
1790098442790,0
1790098443167,1
1790098443167,0
1790098443555,1
1790098443555,0
1790098443931,1
1790098443931,0
1790098444121,1
1790098444121,0
1790098444313,1
1790098444313,0
1790098444638,1
1790098444638,0
1790098444956,1
1790098444956,0
1790098445260,1
1790098445260,0
1790098445568,1
1790098445568,0
1790098446096,1
1790098446096,0
1790098446429,0
1790098446429,0
1790098446637,1
1790098446637,0
1790098446826,1
1790098446826,0
1790098447192,1
1790098447192,0
1790098447500,1
1790098447500,0
1790098447808,1
1790098447808,0
1790098448122,1
1790098448122,0
1790098448434,1
1790098448435,0
1790098449004,1
1790098449004,0
1790098449313,1
1790098449313,0
1790098449485,1
1790098449485,0
1790098449670,1
1790098449670,0
1790098450034,1
1790098450034,0
1790098450361,1
1790098450361,0
1790098450668,1
1790098450668,0
1790098450980,1
1790098450980,0
1790098451502,1
1790098451503,0
1790098451853,1
1790098451853,0
1790098452160,1
1790098452160,0
1790098452478,1
1790098452478,0
1790098452842,1
1790098452842,0
1790098453969,1
1790098453969,0
1790098454534,1
1790098454534,0
1790098454914,1
1790098454914,0
1790098455285,1
1790098455285,0
1790098455664,1
1790098455664,0
1790098456569,1
1790098456569,0
1790098456901,1
1790098456901,0
1790098457242,1
1790098457242,0
1790098457585,1
1790098457585,0
1790098457768,1
1790098457768,0
1790098457971,1
1790098457971,0
1790098459420,1
1790098459420,0
1790098459782,1
1790098459782,0
1790098460154,1
1790098460154,0
1790098460358,1
1790098460358,0
1790098460715,1
1790098460715,0
1790098461079,1
1790098461079,0
1790098461443,1
1790098461443,0
1790098461804,1
1790098461804,0
1790098462000,1
1790098462000,0
1790098462532,1
1790098462532,0
1790098462722,1
1790098462722,0
1790098463082,1
1790098463082,0
1790098463456,1
1790098463456,0
1790098463834,1
1790098463835,0
1790098464211,1
1790098464211,0
1790098464387,1
1790098464387,0
1790098464692,1
1790098464692,0
1790098465068,1
1790098465068,0
1790098465628,1
1790098465628,0
1790098466371,1
1790098466371,0
1790098466746,1
1790098466746,0
1790098467117,1
1790098467117,0
1790098467823,1
1790098467823,0
1790098468012,1
1790098468012,0
1790098468196,1
1790098468196,0
1790098468378,1
1790098468378,0
1790098468562,1
1790098468562,0
1790098468926,1
1790098468926,0
1790098469124,1
1790098469124,0
1790098469462,1
1790098469462,0
1790098469775,1
1790098469775,0
1790098470091,1
1790098470091,0
1790098470395,1
1790098470395,0
1790098471156,1
1790098471156,0
1790098471529,1
1790098471529,0
1790098471904,1
1790098471904,0
1790098472083,1
1790098472084,0
1790098472422,1
1790098472422,0
1790098472735,1
1790098472735,0
1790098473837,1
1790098473837,0
1790098474019,1
1790098474019,0
1790098474360,1
1790098474360,0
1790098474544,1
1790098474544,0
1790098474728,1
1790098474728,0
1790098475291,1
1790098475291,0
1790098475667,1
1790098475668,0
1790098476032,1
1790098476032,0
1790098476385,1
1790098476385,0
1790098476686,1
1790098476686,0
1790098477000,1
1790098477001,0
1790098477369,1
1790098477369,0
1790098477676,1
1790098477676,0
1790098478812,1
1790098478812,0
1790098479182,1
1790098479182,0
1790098479763,1
1790098479763,0
1790098480144,1
1790098480144,0
1790098481210,1
1790098481210,0
1790098481543,1
1790098481543,0
1790098481884,1
1790098481884,0
1790098482192,1
1790098482192,0
1790098482500,1
1790098482500,0
1790098483058,1
1790098483058,0
1790098483431,1
1790098483431,0
1790098483809,1
1790098483809,0
1790098484169,1
1790098484169,0
1790098484489,1
1790098484489,0
1790098484990,1
1790098484990,0
1790098485293,1
1790098485293,0
1790098485616,1
1790098485616,0
1790098485956,1
1790098485956,0
1790098486263,1
1790098486263,0
1790098486569,1
1790098486569,0
1790098486884,1
1790098486884,0
1790098487253,1
1790098487253,0
1790098487594,1
1790098487594,0
1790098487929,1
1790098487929,0
1790098488317,1
1790098488317,0
1790098488694,1
1790098488694,0
1790098489054,1
1790098489054,0
1790098489962,1
1790098489962,0
1790098490162,1
1790098490162,0
1790098490501,1
1790098490501,0
1790098490695,1
1790098490695,0
1790098490879,1
1790098490879,0
1790098491193,1
1790098491193,0
1790098492654,1
1790098492654,0
1790098493022,1
1790098493022,0
1790098493396,1
1790098493396,0
1790098493767,1
1790098493767,0
1790098494136,1
1790098494136,0
1790098494501,1
1790098494501,0
1790098495065,1
1790098495065,0
1790098495374,1
1790098495374,0
1790098495686,1
1790098495686,0
1790098495871,1
1790098495871,0
1790098496900,1
1790098496900,0
1790098497230,1
1790098497230,0
1790098497755,1
1790098497755,0
1790098497944,1
1790098497944,0
1790098498272,1
1790098498272,0
1790098498575,1
1790098498575,0
1790098498875,1
1790098498875,0
1790098499191,1
1790098499191,0
1790098499385,1
1790098499385,0
1790098499896,1
1790098499896,0
1790098500253,1
1790098500253,0
1790098500632,1
1790098500632,0
1790098500946,1
1790098500946,0
1790098501295,1
1790098501295,0
1790098501634,1
1790098501634,0
1790098501992,1
1790098501992,0
1790098502356,1
1790098502356,0
1790098502723,1
1790098502723,0
1790098503077,1
1790098503077,0
1790098503276,1
1790098503276,0
1790098503783,1
1790098503783,0
1790098503959,1
1790098503959,0
1790098504138,1
1790098504138,0
1790098504323,1
1790098504323,0
1790098504502,1
1790098504502,0
1790098505054,1
1790098505054,0
1790098505356,1
1790098505356,0
1790098505702,1
1790098505702,0
1790098506052,1
1790098506052,0
1790098506386,1
1790098506386,0
1790098506574,1
1790098506574,0
1790098506763,1
1790098506763,0
1790098506948,1
1790098506948,0
1790098507692,1
1790098507692,0
1790098508059,1
1790098508059,0
1790098508423,1
1790098508423,0
1790098508765,1
1790098508765,0
1790098509101,1
1790098509101,0
1790098509451,1
1790098509451,0
1790098509773,1
1790098509773,0
1790098510286,1
1790098510286,0
1790098510644,1
1790098510644,0
1790098511405,1
1790098511405,0
1790098511745,1
1790098511745,0
1790098512086,1
1790098512086,0
1790098512421,1
1790098512421,0
1790098512803,1
1790098512803,0
1790098513166,1
1790098513166,0
1790098513544,1
1790098513544,0
1790098515302,1
1790098515302,0
1790098515670,1
1790098515670,0
1790098516250,0
1790098516250,0
1790098516614,1
1790098516614,0
1790098516989,1
1790098516989,0
1790098517352,1
1790098517352,0
1790098517545,1
1790098517545,0
1790098517851,1
1790098517851,0
1790098518162,1
1790098518162,0
1790098518350,1
1790098518351,0
1790098518690,1
1790098518690,0
1790098519051,1
1790098519051,0
1790098519392,1
1790098519392,0
1790098519736,1
1790098519736,0
1790098520072,1
1790098520072,0
1790098520409,1
1790098520409,0
1790098520784,1
1790098520784,0
1790098520972,1
1790098520972,0
1790098521343,1
1790098521343,0
1790098521650,1
1790098521650,0
1790098521966,1
1790098521966,0
1790098522304,1
1790098522304,0
1790098523198,1
1790098523198,0
1790098523533,1
1790098523533,0
1790098523880,1
1790098523880,0
1790098524224,1
1790098524224,0
1790098524772,1
1790098524772,0
1790098525074,1
1790098525074,0
1790098525381,1
1790098525381,0
1790098525689,1
1790098525689,0
1790098526003,1
1790098526003,0
1790098526300,1
1790098526300,0
1790098526646,1
1790098526646,0
1790098526957,1
1790098526957,0
1790098527294,1
1790098527294,0
1790098527614,1
1790098527614,0
1790098527983,1
1790098527983,0
1790098528159,1
1790098528159,0
1790098528345,1
1790098528345,0
1790098528701,1
1790098528701,0
1790098529085,1
1790098529085,0
1790098529455,1
1790098529455,0
1790098529815,1
1790098529815,0
1790098530167,1
1790098530167,0
1790098530356,1
1790098530356,0
1790098531403,1
1790098531403,0
1790098531574,1
1790098531574,0
1790098531909,1
1790098531909,0
1790098532250,1
1790098532250,0
1790098532590,1
1790098532590,0
1790098532779,1
1790098532779,0
1790098533683,1
1790098533683,0
1790098533879,1
1790098533879,0
1790098534070,1
1790098534070,0
1790098534377,1
1790098534377,0
1790098534710,1
1790098534710,0
1790098535963,1
1790098535963,0
1790098536337,1
1790098536337,0
1790098536678,1
1790098536678,0
1790098537047,1
1790098537047,0
1790098537432,1
1790098537432,0
1790098537805,1
1790098537805,0
1790098537992,1
1790098537992,0
1790098538177,1
1790098538177,0
1790098538371,1
1790098538371,0
1790098538738,1
1790098538738,0
1790098539430,1
1790098539430,0
1790098539795,1
1790098539795,0
1790098540100,1
1790098540100,0
1790098540412,1
1790098540412,0
1790098540716,1
1790098540717,0
1790098541035,1
1790098541035,0
1790098541349,1
1790098541349,0
1790098541692,1
1790098541692,0
1790098542027,1
1790098542027,0
1790098542225,1
1790098542225,0
1790098542415,1
1790098542416,0
1790098542612,1
1790098542612,0
1790098543122,1
1790098543122,0
1790098543467,1
1790098543467,0
1790098543816,1
1790098543817,0
1790098544000,1
1790098544000,0
1790098544317,1
1790098544317,0
1790098544625,1
1790098544625,0
1790098544931,1
1790098544931,0
1790098545308,1
1790098545308,0
1790098545619,1
1790098545619,0
1790098545926,1
1790098545926,0
1790098546232,1
1790098546233,0
1790098546547,1
1790098546547,0
1790098546889,1
1790098546889,0
1790098547084,1
1790098547084,0
1790098547383,1
1790098547383,0
1790098547741,1
1790098547741,0
1790098548118,1
1790098548118,0
1790098549050,1
1790098549050,0
1790098549423,1
1790098549423,0
1790098549776,1
1790098549776,0
