1790096683382,1
1790096683388,0
1790096683777,0
1790096683778,0
1790096684027,1
1790096684028,0
1790096684443,1
1790096684444,0
1790096684878,1
1790096684879,0
1790096685224,1
1790096685225,0
1790096685441,1
1790096685442,0
1790096685634,1
1790096685634,0
1790096685813,1
1790096685813,0
1790096686153,1
1790096686154,0
1790096686496,1
1790096686496,0
1790096686832,1
1790096686833,0
1790096687238,1
1790096687238,0
1790096687587,1
1790096687587,0
1790096687968,1
1790096687968,0
1790096688322,1
1790096688322,0
1790096688653,1
1790096688653,0
1790096688999,1
1790096689000,0
1790096689340,1
1790096689341,0
1790096689688,1
1790096689688,0
1790096690034,1
1790096690034,0
1790096690199,1
1790096690200,0
1790096690610,1
1790096690614,0
1790096691014,1
1790096691015,0
1790096691359,1
1790096691360,0
1790096691768,1
1790096691768,0
1790096692173,1
1790096692173,0
1790096692579,1
1790096692580,0
1790096692928,1
1790096692928,0
1790096693247,1
1790096693247,0
1790096693557,1
1790096693557,0
1790096693917,1
1790096693917,0
1790096694255,1
1790096694255,0
1790096694569,1
1790096694569,0
1790096694961,1
1790096694962,0
1790096695372,1
1790096695372,0
1790096695769,1
1790096695770,0
1790096696172,1
1790096696172,0
1790096696601,1
1790096696601,0
1790096696902,1
1790096696903,0
1790096697276,1
1790096697276,0
1790096697607,1
1790096697607,0
1790096697934,1
1790096697935,0
1790096698315,1
1790096698315,0
1790096698699,1
1790096698700,0
1790096699084,1
1790096699085,0
1790096699459,1
1790096699459,0
1790096699643,1
1790096699644,0
1790096699947,1
1790096699947,0
1790096700251,1
1790096700251,0
1790096700577,1
1790096700577,0
1790096700874,1
1790096700874,0
1790096701240,1
1790096701241,0
1790096701529,1
1790096701529,0
1790096701825,1
1790096701825,0
1790096702133,1
1790096702134,0
1790096702441,1
1790096702441,0
1790096702623,1
1790096702624,0
1790096702789,1
1790096702789,0
1790096703184,1
1790096703185,0
1790096703531,1
1790096703533,0
1790096703866,1
1790096703867,0
1790096704057,1
1790096704058,0
1790096704355,1
1790096704357,0
1790096704670,1
1790096704672,0
1790096704982,1
1790096704983,0
1790096705392,1
1790096705393,0
1790096705732,1
1790096705732,0
1790096706085,1
1790096706086,0
1790096706427,1
1790096706428,0
1790096706614,1
1790096706615,0
1790096706982,1
1790096706983,0
1790096707170,1
1790096707170,0
1790096707350,1
1790096707350,0
1790096707526,1
1790096707527,0
1790096707702,1
1790096707703,0
1790096708066,1
1790096708067,0
1790096708437,1
1790096708438,0
1790096708602,1
1790096708602,0
1790096708778,1
1790096708778,0
1790096708953,1
1790096708954,0
1790096709287,1
1790096709288,0
1790096709476,1
1790096709476,0
1790096709653,1
1790096709653,0
1790096709832,1
1790096709832,0
1790096710178,1
1790096710178,0
1790096710491,1
1790096710492,0
1790096710808,1
1790096710809,0
1790096711121,1
1790096711122,0
1790096711496,1
1790096711497,0
1790096711684,1
1790096711684,0
1790096712079,1
1790096712079,0
1790096712486,1
1790096712487,0
1790096712889,1
1790096712889,0
1790096713294,1
1790096713295,0
1790096713482,1
1790096713483,0
1790096713810,1
1790096713810,0
1790096714219,1
1790096714220,0
1790096714590,1
1790096714591,0
1790096714965,1
1790096714966,0
1790096715341,1
1790096715342,0
1790096715735,1
1790096715735,0
1790096716141,1
1790096716142,0
1790096716542,1
1790096716543,0
1790096716732,1
1790096716732,0
1790096717064,1
1790096717065,0
1790096717421,1
1790096717422,0
1790096717607,1
1790096717607,0
1790096717950,1
1790096717951,0
1790096718320,1
1790096718321,0
1790096718654,1
1790096718654,0
1790096718994,1
1790096718995,0
1790096719336,1
1790096719337,0
1790096719684,1
1790096719685,0
1790096719865,1
1790096719865,0
1790096720236,1
1790096720237,0
1790096720544,1
1790096720545,0
1790096720922,1
1790096720922,0
1790096721270,1
1790096721270,0
1790096721620,1
1790096721620,0
1790096721786,1
1790096721786,0
1790096721953,1
1790096721953,0
1790096722114,1
1790096722114,0
1790096722503,1
1790096722503,0
1790096722801,1
1790096722803,0
1790096723096,0
1790096723097,0
1790096723495,1
1790096723495,0
1790096723832,1
1790096723833,0
1790096724189,0
1790096724195,0
1790096724543,0
1790096724544,0
1790096724887,1
1790096724887,0
1790096725232,1
1790096725233,0
1790096725583,1
1790096725584,0
1790096725920,1
1790096725920,0
1790096726233,1
1790096726234,0
1790096726624,1
1790096726624,0
1790096726933,1
1790096726934,0
1790096727244,1
1790096727244,0
1790096727580,1
1790096727580,0
1790096727897,1
1790096727898,0
1790096728206,1
1790096728206,0
1790096728517,1
1790096728517,0
1790096728846,1
1790096728847,0
1790096729161,1
1790096729162,0
1790096729466,1
1790096729466,0
1790096729651,1
1790096729651,0
1790096730042,1
1790096730042,0
1790096730441,1
1790096730441,0
1790096730786,1
1790096730786,0
1790096731129,1
1790096731129,0
1790096731473,1
1790096731474,0
1790096731815,1
1790096731815,0
1790096731999,1
1790096731999,0
1790096732284,1
1790096732285,0
1790096732659,1
1790096732659,0
1790096732975,1
1790096732975,0
1790096733287,1
1790096733287,0
1790096733682,1
1790096733683,0
1790096733987,1
1790096733988,0
1790096734302,1
1790096734303,0
1790096734595,1
1790096734596,0
1790096734938,1
1790096734939,0
1790096735330,1
1790096735331,0
1790096735730,1
1790096735730,0
1790096736046,1
1790096736047,0
1790096736223,1
1790096736223,0
1790096736399,1
1790096736400,0
1790096736736,1
1790096736736,0
1790096737082,1
1790096737083,0
1790096737428,1
1790096737429,0
1790096737775,1
1790096737775,0
1790096738120,1
1790096738121,0
1790096738484,1
1790096738484,0
1790096738832,1
1790096738832,0
1790096739150,1
1790096739150,0
1790096739463,1
1790096739463,0
1790096739840,1
1790096739840,0
1790096740177,1
1790096740178,0
1790096740519,1
1790096740520,0
1790096740856,1
1790096740856,0
1790096741168,1
1790096741169,0
1790096741525,1
1790096741526,0
1790096741871,1
1790096741871,0
1790096742052,1
1790096742052,0
1790096742345,1
1790096742345,0
1790096742661,1
1790096742662,0
1790096743063,1
1790096743064,0
1790096743457,1
1790096743457,0
1790096743841,1
1790096743842,0
1790096744232,1
1790096744232,0
1790096744619,1
1790096744620,0
1790096744782,1
1790096744782,0
1790096745153,1
1790096745157,0
1790096745462,0
1790096745463,0
1790096745773,1
1790096745773,0
1790096745959,1
1790096745959,0
1790096746345,1
1790096746346,0
1790096746750,1
1790096746750,0
1790096747161,1
1790096747161,0
1790096747473,1
1790096747474,0
1790096747839,1
1790096747839,0
1790096748193,1
1790096748193,0
1790096748533,1
1790096748534,0
1790096748863,1
1790096748863,0
1790096749272,1
1790096749274,0
1790096749579,1
1790096749579,0
1790096749889,1
1790096749890,0
1790096750199,1
1790096750199,0
1790096750504,1
1790096750505,0
1790096750910,1
1790096750911,0
1790096751254,1
1790096751254,0
1790096751618,1
1790096751619,0
1790096751988,1
1790096751989,0
1790096752360,1
1790096752361,0
1790096752549,1
1790096752549,0
1790096752911,1
1790096752911,0
1790096753282,1
1790096753283,0
1790096753657,1
1790096753657,0
1790096753840,1
1790096753840,0
1790096754014,1
1790096754015,0
1790096754187,1
1790096754188,0
1790096754359,1
1790096754359,0
1790096754697,1
1790096754697,0
1790096755082,1
1790096755082,0
1790096755266,1
1790096755266,0
1790096755447,1
1790096755447,0
1790096755623,1
1790096755623,0
1790096755802,1
1790096755802,0
1790096756166,1
1790096756166,0
1790096756601,1
1790096756601,0
1790096756906,1
1790096756907,0
1790096757217,1
1790096757217,0
1790096757527,1
1790096757528,0
1790096757870,1
1790096757870,0
1790096758207,1
1790096758208,0
1790096758545,1
1790096758545,0
1790096758879,1
1790096758879,0
1790096759252,1
1790096759253,0
1790096759652,1
1790096759652,0
1790096760060,1
1790096760061,0
1790096760402,1
1790096760402,0
1790096760594,1
1790096760595,0
1790096760998,1
1790096760999,0
1790096761180,1
1790096761180,0
1790096761361,1
1790096761362,0
1790096761537,1
1790096761537,0
1790096761716,1
1790096761716,0
1790096762018,1
1790096762018,0
1790096762335,1
1790096762336,0
1790096762736,1
1790096762736,0
1790096763146,1
1790096763146,0
1790096763555,1
1790096763556,0
1790096763929,1
1790096763929,0
1790096764313,1
1790096764314,0
1790096764671,1
1790096764671,0
1790096765049,1
1790096765050,0
1790096765457,1
1790096765462,0
1790096765811,1
1790096765813,0
1790096766164,1
1790096766164,0
1790096766472,1
1790096766473,0
1790096766879,1
1790096766880,0
1790096767285,1
1790096767285,0
1790096767602,1
1790096767602,0
1790096767913,1
1790096767914,0
1790096768218,1
1790096768218,0
1790096768534,1
1790096768534,0
1790096768861,1
1790096768862,0
1790096769175,1
1790096769175,0
1790096769569,1
1790096769569,0
1790096769756,1
1790096769757,0
1790096769931,1
1790096769931,0
1790096770325,1
1790096770325,0
1790096770700,1
1790096770700,0
1790096771069,1
1790096771069,0
1790096771452,1
1790096771452,0
1790096771770,1
1790096771770,0
1790096771957,1
1790096771958,0
1790096772132,1
1790096772132,0
1790096772434,1
1790096772434,0
1790096772780,1
1790096772780,0
1790096772958,1
1790096772958,0
1790096773262,1
1790096773263,0
1790096773573,1
1790096773573,0
1790096773877,1
1790096773878,0
1790096774190,1
1790096774191,0
1790096774506,1
1790096774506,0
1790096774841,1
1790096774843,0
1790096775023,1
1790096775023,0
1790096775328,1
1790096775329,0
1790096775641,1
1790096775641,0
1790096775830,1
1790096775830,0
1790096776194,1
1790096776195,0
1790096776565,1
1790096776566,0
1790096776944,1
1790096776944,0
1790096777316,1
1790096777316,0
1790096777507,1
1790096777507,0
1790096777683,1
1790096777683,0
1790096778080,1
1790096778080,0
1790096778261,1
1790096778261,0
1790096778655,1
1790096778655,0
1790096778843,1
1790096778843,0
1790096779019,1
1790096779019,0
1790096779198,1
1790096779198,0
1790096779370,1
1790096779370,0
1790096779718,1
1790096779718,0
1790096780120,1
1790096780120,0
1790096780305,1
1790096780305,0
1790096780699,1
1790096780700,0
1790096781098,1
1790096781098,0
1790096781468,1
1790096781469,0
1790096781654,1
1790096781654,0
1790096781835,1
1790096781836,0
1790096782012,1
1790096782012,0
1790096782174,1
1790096782175,0
1790096782348,1
1790096782348,0
1790096782521,1
1790096782522,0
1790096782925,1
1790096782926,0
1790096783109,1
1790096783109,0
1790096783508,1
1790096783509,0
1790096783890,1
1790096783891,0
1790096784288,1
1790096784288,0
1790096784688,1
1790096784689,0
1790096785087,1
1790096785087,0
1790096785489,1
1790096785489,0
1790096785885,1
1790096785885,0
1790096786196,1
1790096786197,0
1790096786531,1
1790096786531,0
1790096786866,1
1790096786866,0
1790096787200,1
1790096787200,0
1790096787537,1
1790096787537,0
1790096787884,1
1790096787885,0
1790096788222,1
1790096788222,0
1790096788398,1
1790096788398,0
1790096788734,1
1790096788734,0
1790096789101,1
1790096789101,0
1790096789435,1
1790096789435,0
1790096789737,1
1790096789737,0
1790096790046,1
1790096790046,0
1790096790400,1
1790096790400,0
1790096790771,1
1790096790771,0
1790096791137,1
1790096791137,0
1790096791488,1
1790096791488,0
1790096791897,1
1790096791897,0
1790096792295,1
1790096792295,0
1790096792468,1
1790096792468,0
1790096792777,1
1790096792778,0
1790096793093,1
1790096793094,0
1790096793405,1
1790096793405,0
1790096793700,1
1790096793701,0
1790096794011,1
1790096794012,0
1790096794322,0
1790096794323,0
1790096794670,1
1790096794671,0
1790096794978,1
1790096794980,0
1790096795287,1
1790096795288,0
1790096795694,1
1790096795696,0
1790096795876,1
1790096795876,0
1790096796244,1
1790096796245,0
1790096796566,1
1790096796566,0
1790096796908,1
1790096796909,0
1790096797250,1
1790096797250,0
1790096797606,1
1790096797606,0
1790096797938,1
1790096797938,0
1790096798272,1
1790096798272,0
1790096798588,1
1790096798589,0
1790096798991,1
1790096798991,0
1790096799402,1
1790096799402,0
1790096799743,1
1790096799743,0
1790096800149,1
1790096800150,0
1790096800550,1
1790096800550,0
1790096800943,1
1790096800943,0
1790096801348,1
1790096801349,0
1790096801654,1
1790096801654,0
1790096801965,1
1790096801965,0
1790096802254,1
1790096802254,0
1790096802631,1
1790096802632,0
1790096802996,1
1790096802996,0
1790096803399,1
1790096803399,0
1790096803782,1
1790096803783,0
1790096804193,1
1790096804193,0
1790096804593,1
1790096804595,0
1790096804971,1
1790096804971,0
1790096805327,1
1790096805328,0
1790096805510,1
1790096805510,0
1790096805685,1
1790096805687,0
1790096805862,1
1790096805863,0
1790096806257,0
1790096806264,0
1790096806450,1
1790096806451,0
1790096806621,1
1790096806621,0
1790096806790,1
1790096806790,0
1790096807087,1
1790096807087,0
1790096807459,1
1790096807459,0
1790096807836,1
1790096807836,0
1790096808026,1
1790096808026,0
1790096808396,1
1790096808397,0
1790096808737,1
1790096808737,0
1790096809143,1
1790096809144,0
1790096809544,1
1790096809544,0
1790096809943,1
1790096809943,0
1790096810349,1
1790096810349,0
1790096810688,1
1790096810688,0
1790096810879,1
1790096810879,0
1790096811179,1
1790096811180,0
1790096811508,1
1790096811509,0
1790096811814,1
1790096811814,0
1790096811998,1
1790096811998,0
1790096812302,1
1790096812302,0
1790096812589,1
1790096812590,0
1790096812902,1
1790096812902,0
1790096813087,1
1790096813087,0
1790096813421,1
1790096813422,0
1790096813729,1
1790096813729,0
1790096814100,1
1790096814101,0
1790096814478,1
1790096814479,0
1790096814839,1
1790096814840,0
1790096815024,1
1790096815024,0
1790096815199,1
1790096815199,0
1790096815381,1
1790096815381,0
1790096815551,1
1790096815551,0
1790096815879,1
1790096815879,0
1790096816256,1
1790096816257,0
1790096816652,1
1790096816652,0
1790096816968,1
1790096816968,0
1790096817280,1
1790096817280,0
1790096817683,1
1790096817684,0
1790096818084,1
1790096818084,0
1790096818476,1
1790096818477,0
1790096818856,1
1790096818856,0
1790096819155,1
1790096819155,0
1790096819563,1
1790096819564,0
1790096819967,1
1790096819967,0
1790096820279,1
1790096820279,0
1790096820624,1
1790096820625,0
1790096820810,1
1790096820810,0
1790096821174,1
1790096821174,0
1790096821538,1
1790096821538,0
1790096821913,1
1790096821914,0
1790096822281,1
1790096822282,0
1790096822592,1
1790096822593,0
1790096822992,1
1790096822992,0
1790096823297,1
1790096823298,0
1790096823606,1
1790096823606,0
1790096823951,1
1790096823951,0
1790096824128,1
1790096824129,0
1790096824304,1
1790096824304,0
1790096824477,1
1790096824477,0
1790096824644,1
1790096824644,0
1790096824979,1
1790096824980,0
1790096825167,1
1790096825167,0
1790096825340,1
1790096825340,0
1790096825644,1
1790096825645,0
1790096826015,1
1790096826015,0
1790096826389,1
1790096826390,0
1790096826759,1
1790096826759,0
1790096827128,1
1790096827129,0
1790096827507,1
1790096827507,0
1790096827875,1
1790096827876,0
1790096828252,1
1790096828253,0
1790096828419,1
1790096828419,0
1790096828736,1
1790096828737,0
1790096829042,1
1790096829042,0
1790096829350,1
1790096829351,0
1790096829727,1
1790096829727,0
1790096829908,1
1790096829908,0
1790096830087,1
1790096830087,0
1790096830265,1
1790096830265,0
1790096830633,1
1790096830634,0
1790096830996,1
1790096830997,0
1790096831372,1
1790096831373,0
1790096831754,1
1790096831754,0
1790096832120,1
1790096832120,0
1790096832516,1
1790096832517,0
1790096832825,1
1790096832825,0
1790096833130,1
1790096833131,0
1790096833444,1
1790096833444,0
1790096833742,1
1790096833743,0
1790096834133,1
1790096834133,0
1790096834442,1
1790096834442,0
1790096834843,1
1790096834843,0
1790096835020,1
1790096835020,0
1790096835203,1
1790096835203,0
1790096835589,1
1790096835590,0
1790096835775,1
1790096835775,0
1790096835956,1
1790096835956,0
1790096836130,1
1790096836130,0
1790096836435,1
1790096836435,0
1790096836746,1
1790096836746,0
1790096837055,1
1790096837056,0
1790096837396,1
1790096837396,0
1790096837700,1
1790096837700,0
1790096837880,1
1790096837880,0
1790096838179,1
1790096838179,0
1790096838467,1
1790096838467,0
1790096838748,1
1790096838748,0
1790096839066,1
1790096839067,0
1790096839401,1
1790096839401,0
1790096839581,1
1790096839581,0
1790096839978,1
1790096839979,0
1790096840316,1
1790096840317,0
1790096840653,1
1790096840653,0
1790096840991,1
1790096840991,0
1790096841333,1
1790096841334,0
1790096841672,1
1790096841673,0
1790096842009,1
1790096842009,0
1790096842410,1
1790096842411,0
1790096842783,1
1790096842783,0
1790096843161,1
1790096843162,0
1790096843476,1
1790096843476,0
1790096843862,1
1790096843863,0
1790096844190,1
1790096844191,0
1790096844373,1
1790096844373,0
1790096844551,1
1790096844551,0
1790096844727,1
1790096844727,0
1790096844905,1
1790096844906,0
1790096845081,1
1790096845081,0
1790096845411,1
1790096845411,0
1790096845595,1
1790096845595,0
1790096845918,1
1790096845918,0
1790096846260,1
1790096846260,0
1790096846627,1
1790096846627,0
1790096846944,1
1790096846944,0
1790096847258,1
1790096847258,0
1790096847558,1
1790096847558,0
1790096847862,1
1790096847862,0
1790096848243,1
1790096848243,0
1790096848643,1
1790096848644,0
1790096848824,1
1790096848825,0
1790096849164,1
1790096849165,0
1790096849529,1
1790096849529,0
1790096849938,1
1790096849938,0
1790096850337,1
1790096850338,0
1790096850729,1
1790096850730,0
1790096851139,1
1790096851140,0
1790096851506,1
1790096851506,0
1790096851909,1
1790096851910,0
1790096852098,1
1790096852098,0
1790096852281,1
1790096852281,0
1790096852457,1
1790096852457,0
1790096852788,1
1790096852789,0
1790096853186,1
1790096853186,0
1790096853581,1
1790096853581,0
1790096853987,1
1790096853988,0
1790096854357,1
1790096854357,0
1790096854546,1
1790096854546,0
1790096854723,1
1790096854723,0
1790096855111,1
1790096855111,0
1790096855290,1
1790096855290,0
1790096855648,1
1790096855648,0
1790096856049,1
1790096856049,0
1790096856439,1
1790096856439,0
1790096856839,1
1790096856839,0
1790096857245,1
1790096857245,0
1790096857646,1
1790096857647,0
1790096857960,1
1790096857960,0
1790096858133,1
1790096858133,0
1790096858417,1
1790096858417,0
1790096858700,1
1790096858700,0
1790096859071,1
1790096859071,0
1790096859257,1
1790096859258,0
1790096859433,1
1790096859433,0
1790096859611,1
1790096859611,0
1790096859786,1
1790096859786,0
1790096860179,1
1790096860179,0
1790096860578,1
1790096860578,0
1790096860990,1
1790096860990,0
1790096861390,1
1790096861390,0
1790096861784,1
1790096861784,0
1790096862099,1
1790096862099,0
1790096862409,1
1790096862409,0
1790096862720,1
1790096862721,0
1790096863024,1
1790096863025,0
1790096863213,1
1790096863214,0
1790096863577,1
1790096863578,0
1790096863938,1
1790096863942,0
1790096864130,1
1790096864131,0
1790096864302,1
1790096864302,0
1790096864698,1
1790096864699,0
1790096864998,1
1790096864998,0
1790096865313,1
1790096865314,0
1790096865627,1
1790096865627,0
1790096865805,1
1790096865805,0
1790096866139,1
1790096866140,0
1790096866480,1
1790096866480,0
1790096866858,1
1790096866858,0
1790096867199,1
1790096867199,0
1790096867388,1
1790096867389,0
1790096867748,1
1790096867748,0
1790096868114,1
1790096868114,0
1790096868488,1
1790096868488,0
1790096868835,1
1790096868835,0
1790096869234,1
1790096869235,0
1790096869604,1
1790096869605,0
1790096869793,1
1790096869793,0
1790096870096,1
1790096870096,0
1790096870397,1
1790096870397,0
1790096870705,1
1790096870706,0
1790096871075,1
1790096871075,0
1790096871450,1
1790096871451,0
1790096871817,1
1790096871818,0
1790096872132,1
1790096872133,0
1790096872319,1
1790096872319,0
1790096872491,1
1790096872491,0
1790096872850,1
1790096872850,0
1790096873183,1
1790096873184,0
1790096873585,1
1790096873585,0
1790096873909,1
1790096873909,0
1790096874248,1
1790096874249,0
1790096874592,1
1790096874592,0
1790096874926,1
1790096874926,0
1790096875113,1
1790096875114,0
1790096875289,1
1790096875290,0
1790096875656,1
1790096875657,0
1790096875963,1
1790096875963,0
1790096876273,1
1790096876273,0
1790096876643,1
1790096876644,0
1790096877038,1
1790096877039,0
1790096877446,1
1790096877447,0
1790096877844,1
1790096877844,0
1790096878186,1
1790096878187,0
1790096878585,1
1790096878585,0
1790096878982,1
1790096878982,0
1790096879267,1
1790096879267,0
1790096879629,1
1790096879629,0
1790096880002,1
1790096880003,0
1790096880372,1
1790096880372,0
1790096880738,1
1790096880739,0
1790096881112,1
1790096881112,0
1790096881491,1
1790096881491,0
1790096881802,1
1790096881803,0
1790096882105,1
1790096882105,0
1790096882281,1
1790096882281,0
1790096882606,1
1790096882606,0
1790096882935,1
1790096882935,0
1790096883320,1
1790096883321,0
1790096883618,1
1790096883618,0
1790096883899,1
1790096883899,0
1790096884188,1
1790096884189,0
1790096884503,1
1790096884504,0
1790096884875,1
1790096884875,0
1790096885257,1
1790096885257,0
1790096885657,1
1790096885658,0
1790096886041,1
1790096886042,0
1790096886438,1
1790096886438,0
1790096886622,1
1790096886622,0
1790096886804,1
1790096886804,0
1790096886979,1
1790096886979,0
1790096887156,1
1790096887156,0
1790096887512,1
1790096887512,0
1790096887702,1
1790096887702,0
1790096888093,1
1790096888093,0
1790096888493,1
1790096888493,0
1790096888875,1
1790096888875,0
1790096889052,1
1790096889052,0
1790096889229,1
1790096889230,0
1790096889405,1
1790096889405,0
1790096889583,1
1790096889584,0
1790096889908,1
1790096889908,0
1790096890088,1
1790096890088,0
1790096890264,1
1790096890264,0
1790096890620,1
1790096890621,0
1790096890992,1
1790096890992,0
1790096891288,1
1790096891288,0
1790096891694,1
1790096891694,0
1790096892078,1
1790096892078,0
1790096892470,1
1790096892470,0
1790096892868,1
1790096892868,0
1790096893262,1
1790096893262,0
1790096893644,1
1790096893645,0
1790096894017,1
1790096894017,0
1790096894390,1
1790096894391,0
1790096894757,1
1790096894757,0
1790096894941,1
1790096894941,0
1790096895240,1
1790096895240,0
1790096895547,1
1790096895547,0
1790096895861,1
1790096895862,0
1790096896028,1
1790096896028,0
1790096896357,1
1790096896357,0
1790096896697,1
1790096896697,0
1790096896878,1
1790096896878,0
1790096897270,1
1790096897271,0
1790096897443,1
1790096897443,0
1790096897781,1
1790096897781,0
1790096898122,1
1790096898122,0
1790096898459,1
1790096898459,0
1790096898769,1
1790096898769,0
1790096899115,1
1790096899115,0
1790096899445,1
1790096899446,0
1790096899617,1
1790096899617,0
1790096900015,1
1790096900016,0
1790096900415,1
1790096900416,0
1790096900794,1
1790096900800,0
1790096901161,1
1790096901161,0
1790096901509,1
1790096901509,0
1790096901865,1
1790096901866,0
1790096902178,1
1790096902178,0
1790096902518,1
1790096902518,0
1790096902855,1
1790096902855,0
1790096903233,1
1790096903233,0
1790096903539,1
1790096903540,0
1790096903913,1
1790096903914,0
1790096904289,1
1790096904290,0
1790096904661,1
1790096904661,0
1790096905035,1
1790096905035,0
1790096905393,1
1790096905393,0
1790096905703,1
1790096905703,0
1790096906011,1
1790096906011,0
1790096906197,1
1790096906198,0
1790096906542,1
1790096906543,0
1790096906884,1
1790096906884,0
1790096907229,1
1790096907229,0
1790096907628,1
1790096907629,0
1790096908030,1
1790096908030,0
1790096908426,1
1790096908426,0
1790096908582,1
1790096908582,0
1790096908878,1
1790096908878,0
1790096909188,1
1790096909189,0
1790096909561,1
1790096909561,0
1790096909872,1
1790096909872,0
1790096910063,1
1790096910063,0
1790096910227,1
1790096910228,0
1790096910402,1
1790096910402,0
1790096910575,1
1790096910576,0
1790096910742,1
1790096910742,0
1790096911099,1
1790096911100,0
1790096911286,1
1790096911286,0
1790096911650,1
1790096911650,0
1790096912052,1
1790096912052,0
1790096912443,1
1790096912443,0
1790096912833,1
1790096912834,0
1790096913177,1
1790096913178,0
1790096913520,1
1790096913520,0
1790096913833,1
1790096913834,0
1790096914209,1
1790096914210,0
1790096914605,1
1790096914605,0
1790096914999,1
1790096914999,0
1790096915310,1
1790096915310,0
1790096915671,1
1790096915672,0
1790096916047,1
1790096916048,0
1790096916417,1
1790096916418,0
1790096916770,1
1790096916770,0
1790096917138,1
1790096917138,0
1790096917500,1
1790096917500,0
1790096917811,1
1790096917811,0
1790096918174,1
1790096918174,0
1790096918482,1
1790096918482,0
1790096918793,1
1790096918793,0
1790096919139,1
1790096919139,0
1790096919507,1
1790096919507,0
1790096919847,1
1790096919847,0
1790096920181,1
1790096920182,0
1790096920503,1
1790096920503,0
1790096920688,1
1790096920688,0
1790096921078,1
1790096921079,0
1790096921479,1
1790096921479,0
1790096921661,1
1790096921661,0
1790096921992,1
1790096921993,0
1790096922351,1
1790096922352,0
1790096922664,1
1790096922664,0
1790096922979,1
1790096922979,0
1790096923289,1
1790096923289,0
1790096923591,1
1790096923592,0
1790096923957,1
1790096923957,0
1790096924356,1
1790096924356,0
1790096924540,1
1790096924540,0
1790096924717,1
1790096924717,0
1790096924890,1
1790096924890,0
1790096925206,1
1790096925206,0
1790096925383,1
1790096925383,0
1790096925547,1
1790096925547,0
1790096925721,1
1790096925721,0
1790096926113,1
1790096926115,0
1790096926426,1
1790096926428,0
1790096926740,1
1790096926741,0
1790096927100,1
1790096927100,0
1790096927506,1
1790096927506,0
1790096927907,1
1790096927907,0
1790096928211,1
1790096928212,0
1790096928519,1
1790096928519,0
1790096928802,1
1790096928803,0
1790096929116,1
1790096929116,0
1790096929455,1
1790096929455,0
1790096929801,1
1790096929802,0
1790096930203,1
1790096930203,0
1790096930601,1
1790096930601,0
1790096931004,1
1790096931004,0
1790096931336,1
1790096931336,0
1790096931741,1
1790096931742,0
1790096932142,1
1790096932142,0
1790096932551,1
1790096932552,0
1790096932734,1
1790096932734,0
1790096933124,1
1790096933124,0
1790096933526,1
1790096933526,0
1790096933836,1
1790096933836,0
1790096934046,1
1790096934047,0
1790096934221,1
1790096934221,0
1790096934615,1
1790096934616,0
1790096935020,1
1790096935020,0
1790096935424,1
1790096935424,0
1790096935828,1
1790096935829,0
1790096936209,1
1790096936209,0
1790096936615,1
1790096936615,0
1790096936801,1
1790096936801,0
1790096937111,1
1790096937111,0
1790096937417,1
1790096937417,0
1790096937749,1
1790096937749,0
1790096938130,1
1790096938130,0
1790096938504,1
1790096938504,0
1790096938858,1
1790096938858,0
1790096939224,1
1790096939224,0
1790096939630,1
1790096939630,0
1790096940028,1
1790096940028,0
1790096940430,1
1790096940430,0
1790096940830,1
1790096940831,0
1790096941014,1
1790096941014,0
1790096941378,1
1790096941379,0
1790096941745,1
1790096941745,0
1790096942108,1
1790096942108,0
1790096942476,1
1790096942476,0
1790096942846,1
1790096942847,0
1790096943039,1
1790096943039,0
1790096943405,1
1790096943405,0
1790096943733,1
1790096943734,0
1790096944076,1
1790096944076,0
1790096944483,1
1790096944484,0
1790096944855,1
1790096944856,0
1790096945229,1
1790096945229,0
1790096945610,1
1790096945610,0
1790096945975,1
1790096945975,0
1790096946385,1
1790096946385,0
1790096946776,1
1790096946777,0
1790096947077,1
1790096947077,0
1790096947390,1
1790096947390,0
1790096947566,1
1790096947566,0
1790096947866,1
1790096947867,0
1790096948158,1
1790096948158,0
1790096948479,1
1790096948480,0
1790096948759,1
1790096948760,0
1790096948947,1
1790096948947,0
1790096949249,1
1790096949249,0
1790096949581,1
1790096949581,0
1790096949931,1
1790096949931,0
1790096950265,1
1790096950266,0
1790096950573,1
1790096950574,0
1790096950914,1
1790096950915,0
1790096951257,1
1790096951257,0
1790096951582,1
1790096951582,0
1790096951758,1
1790096951758,0
1790096952094,1
1790096952094,0
1790096952434,1
1790096952434,0
1790096952630,1
1790096952630,0
1790096953020,1
1790096953020,0
1790096953203,1
1790096953203,0
1790096953536,1
1790096953536,0
1790096953855,1
1790096953856,0
1790096954203,1
1790096954204,0
1790096954536,1
1790096954536,0
1790096954940,1
1790096954940,0
1790096955312,1
1790096955313,0
1790096955703,1
1790096955703,0
1790096956104,1
1790096956104,0
1790096956492,1
1790096956492,0
1790096956877,1
1790096956877,0
1790096957185,1
1790096957185,0
1790096957482,1
1790096957483,0
1790096957789,1
1790096957789,0
1790096958135,1
1790096958136,0
1790096958529,1
1790096958529,0
1790096958907,1
1790096958907,0
1790096959280,1
1790096959280,0
1790096959623,1
1790096959623,0
1790096959941,1
1790096959941,0
1790096960310,1
1790096960310,0
1790096960685,1
1790096960685,0
1790096961058,1
1790096961058,0
1790096961424,1
1790096961424,0
1790096961832,1
1790096961832,0
1790096962230,1
1790096962230,0
1790096962415,1
1790096962415,0
1790096962808,1
1790096962808,0
1790096963213,1
1790096963213,0
1790096963549,1
1790096963549,0
1790096963841,1
1790096963842,0
1790096964146,1
1790096964147,0
1790096964456,1
1790096964456,0
1790096964869,1
1790096964869,0
1790096965054,1
1790096965054,0
1790096965231,1
1790096965231,0
1790096965589,1
1790096965589,0
1790096966004,1
1790096966005,0
1790096966196,1
1790096966196,0
1790096966581,1
1790096966581,0
1790096966985,1
1790096966986,0
1790096967379,1
1790096967379,0
1790096967790,1
1790096967790,0
1790096967978,1
1790096967978,0
1790096968342,1
1790096968342,0
1790096968718,1
1790096968718,0
1790096969060,1
1790096969061,0
1790096969409,1
1790096969409,0
1790096969811,1
1790096969811,0
1790096970002,1
1790096970002,0
1790096970180,1
1790096970180,0
1790096970359,1
1790096970359,0
1790096970661,1
1790096970661,0
1790096970851,1
1790096970851,0
1790096971033,1
1790096971033,0
1790096971205,1
1790096971205,0
1790096971569,1
1790096971569,0
1790096971907,1
1790096971907,0
1790096972307,1
1790096972307,0
1790096972711,1
1790096972711,0
1790096973099,1
1790096973099,0
1790096973504,1
1790096973504,0
1790096973850,1
1790096973851,0
1790096974256,1
1790096974257,0
1790096974595,1
1790096974596,0
1790096974990,1
1790096974990,0
1790096975400,1
1790096975400,0
1790096975747,1
1790096975747,0
1790096975934,1
1790096975934,0
1790096976111,1
1790096976111,0
1790096976287,1
1790096976288,0
1790096976462,1
1790096976462,0
1790096976628,1
1790096976628,0
1790096976802,1
1790096976802,0
1790096976976,1
1790096976976,0
1790096977152,1
1790096977152,0
1790096977482,1
1790096977483,0
1790096977670,1
1790096977670,0
1790096977841,1
1790096977841,0
1790096978020,1
1790096978020,0
1790096978197,1
1790096978197,0
1790096978557,1
1790096978557,0
1790096978946,1
1790096978946,0
1790096979117,1
1790096979117,0
1790096979485,1
1790096979486,0
1790096979860,1
1790096979860,0
1790096980170,1
1790096980170,0
1790096980487,1
1790096980488,0
1790096980800,1
1790096980800,0
1790096981107,1
1790096981107,0
1790096981273,1
1790096981274,0
1790096981608,0
1790096981608,0
1790096981948,1
1790096981948,0
1790096982310,1
1790096982310,0
1790096982627,1
1790096982628,0
1790096982969,1
1790096982969,0
1790096983153,1
1790096983153,0
1790096983325,0
1790096983325,0
1790096983499,0
1790096983499,0
1790096983657,1
1790096983657,0
1790096984043,1
1790096984044,0
1790096984230,1
1790096984230,0
1790096984629,1
1790096984630,0
1790096985003,1
1790096985004,0
1790096985373,1
1790096985373,0
1790096985692,1
1790096985692,0
1790096985999,1
1790096985999,0
1790096986314,1
1790096986314,0
1790096986631,1
1790096986631,0
1790096986942,1
1790096986943,0
1790096987350,1
1790096987351,0
1790096987750,1
1790096987750,0
1790096988151,1
1790096988152,0
1790096988495,1
1790096988495,0
1790096988648,1
1790096988648,0
1790096988821,1
1790096988821,0
1790096988995,1
1790096988995,0
1790096989173,1
1790096989174,0
1790096989345,1
1790096989345,0
1790096989732,1
1790096989732,0
1790096990095,1
1790096990095,0
1790096990479,1
1790096990479,0
1790096990875,0
1790096990875,0
1790096991266,1
1790096991266,0
1790096991455,1
1790096991456,0
1790096991754,1
1790096991754,0
1790096992074,1
1790096992074,0
1790096992383,1
1790096992383,0
1790096992749,1
1790096992749,0
1790096993085,1
1790096993085,0
1790096993425,1
1790096993425,0
1790096993761,1
1790096993762,0
1790096994092,1
1790096994092,0
1790096994496,1
1790096994496,0
1790096994894,1
1790096994894,0
1790096995287,1
1790096995287,0
1790096995688,1
1790096995688,0
1790096996083,1
1790096996083,0
1790096996390,1
1790096996391,0
1790096996717,1
1790096996717,0
1790096997055,1
1790096997056,0
1790096997452,1
1790096997452,0
1790096997853,1
1790096997853,0
1790096998260,1
1790096998260,0
1790096998564,1
1790096998564,0
1790096998862,1
1790096998863,0
1790096999171,1
1790096999172,0
1790096999580,1
1790096999580,0
1790096999886,1
1790096999886,0
1790097000185,1
1790097000185,0
1790097000556,1
1790097000556,0
1790097000923,1
1790097000924,0
1790097001238,1
1790097001239,0
1790097001585,1
1790097001585,0
1790097001968,1
1790097001968,0
1790097002325,1
1790097002325,0
1790097002697,1
1790097002697,0
1790097003046,1
1790097003047,0
1790097003232,1
1790097003232,0
1790097003408,1
1790097003408,0
1790097003572,1
1790097003572,0
1790097003747,1
1790097003747,0
1790097004133,1
1790097004134,0
1790097004466,1
1790097004466,0
1790097004813,1
1790097004813,0
1790097005152,1
1790097005152,0
1790097005554,1
1790097005555,0
1790097005867,1
1790097005867,0
1790097006177,1
1790097006177,0
1790097006575,1
1790097006575,0
1790097006759,1
1790097006759,0
1790097007129,1
1790097007129,0
1790097007433,1
1790097007434,0
1790097007744,1
1790097007745,0
1790097008054,1
1790097008055,0
1790097008370,1
1790097008370,0
1790097008557,1
1790097008557,0
1790097008875,1
1790097008875,0
1790097009251,1
1790097009252,0
1790097009556,1
1790097009556,0
1790097009871,1
1790097009872,0
1790097010244,1
1790097010244,0
1790097010432,1
1790097010432,0
1790097010607,1
1790097010607,0
1790097010777,1
1790097010777,0
1790097011112,1
1790097011113,0
1790097011508,1
1790097011508,0
1790097011917,1
1790097011918,0
1790097012219,1
1790097012219,0
1790097012607,1
1790097012607,0
1790097012907,0
1790097012907,0
1790097013218,1
1790097013218,0
1790097013535,1
1790097013535,0
1790097013821,1
1790097013821,0
1790097014133,1
1790097014133,0
1790097014445,1
1790097014446,0
1790097014642,1
1790097014642,0
1790097014946,1
1790097014947,0
1790097015254,1
1790097015254,0
1790097015566,1
1790097015567,0
1790097015926,1
1790097015926,0
1790097016116,1
1790097016116,0
1790097016290,1
1790097016290,0
1790097016469,1
1790097016469,0
1790097016830,1
1790097016830,0
1790097017016,1
1790097017016,0
1790097017191,1
1790097017191,0
1790097017516,1
1790097017516,0
1790097017860,1
1790097017860,0
1790097018258,1
1790097018259,0
1790097018600,1
1790097018600,0
1790097018925,1
1790097018926,0
1790097019268,1
1790097019268,0
1790097019610,1
1790097019610,0
1790097019918,1
1790097019918,0
1790097020289,1
1790097020289,0
1790097020606,1
1790097020606,0
1790097020794,1
1790097020794,0
1790097020959,1
1790097020959,0
1790097021132,1
1790097021132,0
1790097021529,1
1790097021529,0
1790097021929,1
1790097021929,0
1790097022334,1
1790097022335,0
1790097022735,1
1790097022735,0
1790097023046,1
1790097023047,0
1790097023356,1
1790097023356,0
1790097023685,1
1790097023685,0
1790097024034,1
1790097024035,0
1790097024341,1
1790097024341,0
1790097024652,1
1790097024653,0
1790097024960,1
1790097024960,0
1790097025258,1
1790097025258,0
1790097025566,1
1790097025566,0
1790097025874,1
1790097025875,0
1790097026187,1
1790097026187,0
1790097026583,1
1790097026583,0
1790097026999,1
1790097026999,0
1790097027395,1
1790097027395,0
1790097027742,1
1790097027743,0
1790097027928,1
1790097027928,0
1790097028107,1
1790097028107,0
1790097028283,1
1790097028283,0
1790097028584,1
1790097028584,0
1790097028911,1
1790097028912,0
1790097029251,1
1790097029252,0
1790097029443,1
1790097029443,0
1790097029745,1
1790097029745,0
1790097030151,1
1790097030152,0
1790097030528,1
1790097030529,0
1790097030902,1
1790097030902,0
1790097031257,1
1790097031257,0
1790097031625,1
1790097031625,0
1790097031807,1
1790097031807,0
1790097032195,1
1790097032196,0
1790097032378,1
1790097032378,0
1790097032739,1
1790097032739,0
1790097033107,1
1790097033107,0
1790097033296,1
1790097033296,0
1790097033593,1
1790097033593,0
1790097033897,1
1790097033897,0
1790097034204,1
1790097034204,0
1790097034584,1
1790097034584,0
1790097034988,1
1790097034989,0
1790097035396,1
1790097035397,0
1790097035588,1
1790097035588,0
1790097035882,1
1790097035883,0
1790097036195,1
1790097036195,0
1790097036385,1
1790097036385,0
1790097036557,1
1790097036557,0
1790097036733,1
1790097036734,0
1790097036919,1
1790097036919,0
1790097037314,1
1790097037314,0
1790097037683,1
1790097037683,0
1790097037874,1
1790097037874,0
1790097038175,1
1790097038175,0
1790097038487,1
1790097038488,0
1790097038867,1
1790097038868,0
1790097039049,1
1790097039049,0
1790097039227,1
1790097039227,0
1790097039400,1
1790097039400,0
1790097039794,1
1790097039794,0
1790097039972,1
1790097039972,0
1790097040149,1
1790097040149,0
1790097040512,1
1790097040512,0
1790097040900,1
1790097040900,0
1790097041196,1
1790097041197,0
1790097041504,1
1790097041504,0
1790097041820,1
1790097041820,0
1790097042135,1
1790097042136,0
1790097042440,1
1790097042440,0
1790097042754,1
1790097042754,0
1790097042938,1
1790097042939,0
1790097043340,1
1790097043340,0
1790097043650,1
1790097043650,0
1790097043958,1
1790097043959,0
1790097044144,1
1790097044144,0
1790097044321,1
1790097044321,0
1790097044499,1
1790097044499,0
1790097044675,1
1790097044675,0
1790097045070,1
1790097045070,0
1790097045471,1
1790097045471,0
1790097045871,1
1790097045871,0
1790097046236,1
1790097046236,0
1790097046594,1
1790097046595,0
1790097046782,1
1790097046782,0
1790097047140,1
1790097047140,0
1790097047513,1
1790097047513,0
1790097047884,1
1790097047884,0
1790097048266,1
1790097048267,0
1790097048599,1
1790097048599,0
1790097048957,1
1790097048957,0
1790097049327,1
1790097049327,0
1790097049506,1
1790097049506,0
1790097049682,1
1790097049683,0
1790097049855,1
1790097049856,0
1790097050015,1
1790097050015,0
1790097050189,1
1790097050190,0
1790097050362,1
1790097050362,0
1790097050726,1
1790097050727,0
1790097050909,1
1790097050909,0
1790097051088,0
1790097051088,0
1790097051368,1
1790097051368,0
1790097051545,1
1790097051546,0
1790097051894,1
1790097051895,0
1790097052234,1
1790097052235,0
1790097052558,1
1790097052559,0
1790097052882,1
1790097052882,0
1790097053228,1
1790097053229,0
1790097053413,1
1790097053413,0
1790097053582,1
1790097053582,0
1790097053966,1
1790097053966,0
1790097054368,1
1790097054368,0
1790097054778,1
1790097054778,0
1790097054944,1
1790097054944,0
1790097055242,1
1790097055243,0
1790097055554,1
1790097055554,0
1790097055862,1
1790097055862,0
1790097056230,1
1790097056230,0
1790097056415,1
1790097056415,0
1790097056592,1
1790097056592,0
1790097056980,1
1790097056980,0
1790097057356,1
1790097057356,0
1790097057697,1
1790097057698,0
1790097058075,1
1790097058076,0
1790097058445,1
1790097058445,0
1790097058793,1
1790097058793,0
1790097059159,1
1790097059160,0
1790097059529,1
1790097059529,0
1790097059841,1
1790097059842,0
1790097060207,1
1790097060207,0
1790097060615,1
1790097060615,0
1790097061013,1
1790097061013,0
1790097061321,1
1790097061321,0
1790097061507,1
1790097061507,0
1790097061680,1
1790097061680,0
1790097061856,1
1790097061856,0
1790097062024,1
1790097062024,0
1790097062412,1
1790097062413,0
1790097062802,1
1790097062802,0
1790097063141,1
1790097063141,0
1790097063516,1
1790097063516,0
1790097063677,1
1790097063677,0
1790097064007,1
1790097064007,0
1790097064333,1
1790097064334,0
1790097064677,1
1790097064678,0
1790097065015,1
1790097065015,0
1790097065416,1
1790097065417,0
1790097065727,1
1790097065728,0
1790097066035,1
1790097066035,0
1790097066404,1
1790097066405,0
1790097066774,1
1790097066775,0
1790097067086,1
1790097067087,0
1790097067414,1
1790097067414,0
1790097067753,1
1790097067753,0
1790097068091,1
1790097068091,0
1790097068394,1
1790097068394,0
1790097068794,1
1790097068794,0
1790097069193,1
1790097069193,0
1790097069600,1
1790097069600,0
1790097070003,1
1790097070003,0
1790097070402,1
1790097070402,0
1790097070592,1
1790097070592,0
1790097070767,1
1790097070767,0
1790097070942,1
1790097070942,0
1790097071120,1
1790097071120,0
1790097071482,1
1790097071483,0
1790097071877,1
1790097071878,0
1790097072065,1
1790097072065,0
1790097072399,1
1790097072400,0
1790097072740,1
1790097072740,0
1790097072929,1
1790097072929,0
1790097073314,1
1790097073314,0
1790097073719,1
1790097073720,0
1790097074123,1
1790097074123,0
1790097074298,1
1790097074298,0
1790097074668,1
1790097074669,0
1790097075041,1
1790097075041,0
1790097075443,1
1790097075443,0
1790097075628,1
1790097075628,0
1790097076028,1
1790097076028,0
1790097076427,1
1790097076427,0
1790097076830,1
1790097076830,0
1790097077234,1
1790097077235,0
1790097077629,1
1790097077629,0
1790097078034,1
1790097078034,0
1790097078349,1
1790097078349,0
1790097078756,1
1790097078757,0
1790097079164,1
1790097079165,0
1790097079567,1
1790097079567,0
1790097079940,1
1790097079941,0
1790097080251,1
1790097080251,0
1790097080563,1
1790097080563,0
1790097080874,1
1790097080874,0
1790097081058,1
1790097081058,0
1790097081359,1
1790097081359,0
1790097081663,1
1790097081663,0
1790097082074,1
1790097082076,0
1790097082255,1
1790097082255,0
1790097082560,1
1790097082561,0
1790097082756,1
1790097082756,0
1790097082932,1
1790097082932,0
1790097083106,1
1790097083106,0
1790097083283,1
1790097083283,0
1790097083611,1
1790097083611,0
1790097083786,1
1790097083786,0
1790097084090,1
1790097084090,0
1790097084407,1
1790097084407,0
1790097084716,1
1790097084717,0
1790097085087,1
1790097085087,0
1790097085391,1
1790097085392,0
1790097085708,1
1790097085709,0
1790097086011,1
1790097086012,0
1790097086319,1
1790097086319,0
1790097086680,1
1790097086680,0
1790097087044,1
1790097087044,0
1790097087235,1
1790097087236,0
1790097087546,1
1790097087547,0
1790097087735,1
1790097087735,0
1790097088185,1
1790097088186,0
1790097088767,0
1790097088767,0
1790097089221,1
1790097089221,0
1790097089786,1
1790097089786,0
1790097090086,1
1790097090086,0
1790097090401,1
1790097090401,0
1790097090713,1
1790097090713,0
1790097091051,1
1790097091051,0
1790097091392,1
1790097091392,0
1790097091798,1
1790097091798,0
1790097092146,1
1790097092147,0
1790097092487,1
1790097092487,0
1790097092809,1
1790097092809,0
1790097093128,1
1790097093129,0
1790097093529,1
1790097093529,0
1790097093912,1
1790097093912,0
1790097094247,1
1790097094248,0
1790097094431,1
1790097094431,0
1790097094725,1
1790097094725,0
1790097095121,1
1790097095122,0
1790097095526,1
1790097095527,0
1790097095928,1
1790097095928,0
1790097096330,1
1790097096331,0
1790097096635,1
1790097096636,0
1790097097008,1
1790097097009,0
1790097097191,1
1790097097191,0
1790097097582,1
1790097097582,0
1790097098011,1
1790097098011,0
1790097098348,1
1790097098348,0
1790097098539,1
1790097098539,0
1790097098703,1
1790097098703,0
1790097098876,1
1790097098876,0
1790097099259,1
1790097099259,0
1790097099640,1
1790097099640,0
1790097100032,1
1790097100032,0
1790097100399,1
1790097100400,0
1790097100793,1
1790097100793,0
1790097101195,1
1790097101195,0
1790097101602,1
1790097101602,0
1790097101995,1
1790097101996,0
1790097102392,1
1790097102392,0
1790097102798,1
1790097102798,0
1790097103137,1
1790097103137,0
1790097103450,1
1790097103450,0
1790097103613,1
1790097103613,0
1790097103992,1
1790097103992,0
1790097104385,1
1790097104385,0
1790097104718,1
1790097104718,0
1790097105054,1
1790097105054,0
1790097105398,1
1790097105399,0
1790097105731,1
1790097105732,0
1790097106098,1
1790097106099,0
1790097106401,1
1790097106401,0
1790097106705,1
1790097106705,0
1790097107071,1
1790097107071,0
1790097107365,1
1790097107369,0
1790097107682,1
1790097107686,0
1790097108063,1
1790097108066,0
1790097108441,1
1790097108441,0
1790097108793,1
1790097108793,0
1790097109151,1
1790097109151,0
1790097109487,1
1790097109487,0
1790097109831,1
1790097109831,0
1790097110208,1
1790097110208,0
1790097110550,1
1790097110550,0
1790097110891,1
1790097110891,0
1790097111291,1
1790097111291,0
1790097111653,1
1790097111653,0
1790097112015,1
1790097112015,0
1790097112391,1
1790097112391,0
1790097112729,1
1790097112730,0
1790097113101,1
1790097113102,0
1790097113481,1
1790097113482,0
1790097113636,1
1790097113636,0
1790097113810,1
1790097113810,0
1790097114172,1
1790097114173,0
1790097114482,1
1790097114482,0
1790097114791,1
1790097114791,0
1790097115095,1
1790097115095,0
1790097115401,1
1790097115401,0
1790097115745,1
1790097115746,0
1790097115929,1
1790097115929,0
1790097116225,1
1790097116226,0
1790097116606,1
1790097116607,0
1790097116977,1
1790097116977,0
1790097117313,1
1790097117314,0
1790097117506,1
1790097117506,0
1790097117676,1
1790097117676,0
1790097117854,1
1790097117854,0
1790097118239,1
1790097118239,0
1790097118571,1
1790097118572,0
1790097118898,1
1790097118898,0
1790097119083,1
1790097119083,0
1790097119260,1
1790097119260,0
1790097119624,1
1790097119625,0
1790097119927,1
1790097119927,0
1790097120234,1
1790097120234,0
1790097120551,1
1790097120552,0
1790097120855,1
1790097120855,0
1790097121164,1
1790097121164,0
1790097121545,1
1790097121545,0
1790097121855,1
1790097121855,0
1790097122041,1
1790097122041,0
1790097122214,1
1790097122214,0
1790097122600,1
1790097122600,0
1790097122948,1
1790097122949,0
1790097123284,1
1790097123284,0
1790097123624,1
1790097123624,0
1790097124022,1
1790097124022,0
1790097124387,1
1790097124387,0
1790097124750,1
1790097124750,0
1790097125065,1
1790097125066,0
1790097125248,1
1790097125248,0
1790097125546,1
1790097125546,0
1790097125918,1
1790097125918,0
1790097126289,1
1790097126289,0
1790097126651,1
1790097126651,0
1790097127029,1
1790097127029,0
1790097127429,1
1790097127429,0
1790097127799,1
1790097127800,0
1790097128134,1
1790097128134,0
1790097128313,1
1790097128313,0
1790097128492,1
1790097128492,0
1790097128647,1
1790097128647,0
1790097128972,1
1790097128972,0
1790097129318,1
1790097129319,0
1790097129657,1
1790097129657,0
1790097129837,1
1790097129837,0
1790097130138,1
1790097130139,0
1790097130443,1
1790097130444,0
1790097130771,1
1790097130771,0
1790097130965,1
1790097130965,0
1790097131357,1
1790097131357,0
1790097131718,1
1790097131718,0
1790097132093,1
1790097132093,0
1790097132463,1
1790097132464,0
1790097132840,1
1790097132841,0
1790097133146,1
1790097133147,0
1790097133548,1
1790097133548,0
1790097133928,1
1790097133928,0
1790097134234,1
1790097134234,0
1790097134544,1
1790097134545,0
1790097134909,1
1790097134910,0
1790097135255,1
1790097135256,0
1790097135597,1
1790097135598,0
1790097135944,1
1790097135945,0
1790097136346,1
1790097136346,0
1790097136722,1
1790097136722,0
1790097137100,1
1790097137100,0
1790097137424,1
1790097137424,0
1790097137605,1
1790097137605,0
1790097137936,1
1790097137937,0
1790097138120,1
1790097138120,0
1790097138297,1
1790097138297,0
1790097138472,1
1790097138472,0
1790097138629,1
1790097138629,0
1790097138805,1
1790097138805,0
1790097139134,1
1790097139134,0
1790097139472,1
1790097139472,0
1790097139810,1
1790097139810,0
1790097140146,1
1790097140146,0
1790097140446,1
1790097140446,0
1790097140758,1
1790097140759,0
1790097141067,1
1790097141067,0
1790097141377,1
1790097141377,0
1790097141720,1
1790097141721,0
1790097142085,1
1790097142085,0
1790097142462,1
1790097142463,0
1790097142829,1
1790097142830,0
1790097143232,1
1790097143233,0
1790097143631,1
1790097143631,0
1790097143989,1
1790097143989,0
1790097144362,1
1790097144362,0
1790097144743,1
1790097144744,0
1790097145114,1
1790097145114,0
1790097145484,1
1790097145484,0
1790097145855,1
1790097145855,0
1790097146222,1
1790097146222,0
1790097146613,1
1790097146613,0
1790097147020,1
1790097147020,0
1790097147318,1
1790097147319,0
1790097147633,1
1790097147634,0
1790097147940,1
1790097147940,0
1790097148250,1
1790097148250,0
1790097148446,1
1790097148446,0
1790097148821,1
1790097148821,0
1790097149225,1
1790097149226,0
1790097149635,1
1790097149636,0
1790097150005,1
1790097150005,0
1790097150371,1
1790097150372,0
1790097150543,1
1790097150543,0
1790097150715,1
1790097150715,0
1790097150888,1
1790097150888,0
1790097151064,1
1790097151064,0
1790097151362,1
1790097151362,0
1790097151670,1
1790097151671,0
1790097152042,1
1790097152043,0
1790097152350,1
1790097152351,0
1790097152663,1
1790097152664,0
1790097152997,1
1790097152997,0
1790097153179,1
1790097153179,0
1790097153359,1
1790097153360,0
1790097153528,1
1790097153528,0
1790097153873,1
1790097153874,0
1790097154278,1
1790097154278,0
1790097154678,1
1790097154679,0
1790097154988,1
1790097154989,0
1790097155178,1
1790097155178,0
1790097155354,1
1790097155354,0
1790097155529,1
1790097155529,0
1790097155710,1
1790097155710,0
1790097155885,1
1790097155885,0
1790097156059,1
1790097156059,0
1790097156239,1
1790097156239,0
1790097156628,1
1790097156628,0
1790097157004,1
1790097157005,0
1790097157315,1
1790097157315,0
1790097157625,1
1790097157625,0
1790097157935,1
1790097157935,0
1790097158333,1
1790097158333,0
1790097158730,1
1790097158731,0
1790097159131,1
1790097159132,0
1790097159490,1
1790097159490,0
1790097159801,1
1790097159801,0
1790097160114,1
1790097160117,0
1790097160514,1
1790097160516,0
1790097160824,1
1790097160825,0
1790097161224,1
1790097161225,0
1790097161592,1
1790097161592,0
1790097161964,1
1790097161965,0
1790097162330,1
1790097162331,0
1790097162704,1
1790097162704,0
1790097163077,1
1790097163078,0
1790097163443,1
1790097163444,0
1790097163743,1
1790097163743,0
1790097164051,1
1790097164052,0
1790097164356,1
1790097164356,0
1790097164764,1
1790097164764,0
1790097165075,1
1790097165076,0
1790097165383,1
1790097165384,0
1790097165692,1
1790097165692,0
1790097165873,1
1790097165873,0
1790097166227,1
1790097166227,0
1790097166599,1
1790097166601,0
1790097166938,1
1790097166939,0
1790097167337,1
1790097167337,0
1790097167732,1
1790097167732,0
1790097167921,1
1790097167921,0
1790097168099,1
1790097168099,0
1790097168279,1
1790097168280,0
1790097168458,1
1790097168458,0
1790097168770,1
1790097168771,0
1790097169086,1
1790097169086,0
1790097169455,1
1790097169455,0
1790097169758,1
1790097169759,0
1790097170057,1
1790097170059,0
1790097170434,1
1790097170435,0
1790097170751,1
1790097170751,0
1790097171064,1
1790097171065,0
1790097171376,1
1790097171377,0
1790097171784,1
1790097171784,0
1790097172146,1
1790097172146,0
1790097172505,1
1790097172505,0
1790097172849,1
1790097172850,0
1790097173027,1
1790097173027,0
1790097173387,1
1790097173387,0
1790097173736,1
1790097173738,0
1790097174078,1
1790097174078,0
1790097174421,1
1790097174421,0
1790097174768,1
1790097174768,0
1790097175160,1
1790097175160,0
1790097175493,1
1790097175493,0
1790097175855,1
1790097175856,0
1790097176038,1
1790097176038,0
1790097176210,1
1790097176210,0
1790097176382,1
1790097176383,0
1790097176769,1
1790097176769,0
1790097177169,1
1790097177169,0
1790097177568,1
1790097177568,0
1790097177869,0
1790097177869,0
1790097178192,0
1790097178193,0
1790097178508,1
1790097178508,0
1790097178667,1
1790097178667,0
1790097179028,1
1790097179028,0
1790097179207,1
1790097179207,0
1790097179541,1
1790097179541,0
1790097179886,1
1790097179886,0
1790097180224,1
1790097180224,0
1790097180566,1
1790097180566,0
1790097180973,1
1790097180973,0
1790097181309,1
1790097181309,0
1790097181698,1
1790097181699,0
1790097182011,1
1790097182011,0
1790097182318,1
1790097182318,0
1790097182666,1
1790097182667,0
1790097183067,1
1790097183067,0
1790097183452,1
1790097183452,0
1790097183809,1
1790097183810,0
1790097184113,1
1790097184113,0
1790097184409,1
1790097184409,0
1790097184713,1
1790097184714,0
1790097185092,1
1790097185093,0
1790097185503,1
1790097185504,0
1790097185857,1
1790097185857,0
1790097186256,1
1790097186256,0
1790097186661,1
1790097186661,0
1790097187073,1
1790097187073,0
1790097187468,1
1790097187468,0
1790097187876,1
1790097187876,0
1790097188078,1
1790097188078,0
1790097188480,1
1790097188481,0
1790097188802,1
1790097188803,0
1790097189135,1
1790097189135,0
1790097189485,1
1790097189485,0
1790097189904,1
1790097189904,0
1790097190314,1
1790097190314,0
1790097190724,1
1790097190725,0
1790097191092,1
1790097191092,0
1790097191398,1
1790097191398,0
1790097191712,1
1790097191712,0
1790097192014,1
1790097192014,0
1790097192352,1
1790097192352,0
1790097192724,1
1790097192725,0
1790097193104,1
1790097193104,0
1790097193484,1
1790097193484,0
1790097193843,1
1790097193843,0
1790097194208,1
1790097194208,0
1790097194526,1
1790097194526,0
1790097194911,1
1790097194911,0
1790097195092,1
1790097195092,0
1790097195459,0
1790097195460,0
1790097195838,1
1790097195838,0
1790097196231,1
1790097196231,0
1790097196605,1
1790097196605,0
1790097196989,1
1790097196989,0
1790097197371,1
1790097197371,0
1790097197709,1
1790097197710,0
1790097197904,1
1790097197904,0
1790097198075,1
1790097198075,0
1790097198401,1
1790097198401,0
1790097198734,1
1790097198735,0
1790097199146,1
1790097199147,0
1790097199466,1
1790097199466,0
1790097199772,1
1790097199772,0
1790097200083,1
1790097200084,0
1790097200412,1
1790097200412,0
1790097200598,1
1790097200598,0
1790097200774,1
1790097200774,0
1790097201147,1
1790097201147,0
1790097201510,1
1790097201510,0
1790097201892,1
1790097201893,0
1790097202291,1
1790097202291,0
1790097202673,1
1790097202673,0
1790097203047,1
1790097203048,0
1790097203410,1
1790097203410,0
1790097203775,1
1790097203775,0
1790097204099,1
1790097204099,0
1790097204405,1
1790097204405,0
1790097204601,1
1790097204601,0
1790097205007,1
1790097205007,0
1790097205356,1
1790097205356,0
1790097205694,1
1790097205695,0
1790097206029,1
1790097206029,0
1790097206380,1
1790097206380,0
1790097206727,1
1790097206728,0
1790097207085,1
1790097207085,0
1790097207279,1
1790097207280,0
1790097207668,1
1790097207668,0
1790097207856,1
1790097207856,0
1790097208031,1
1790097208031,0
1790097208207,1
1790097208207,0
1790097208614,1
1790097208614,0
1790097209009,1
1790097209010,0
1790097209404,1
1790097209404,0
1790097209815,1
1790097209815,0
1790097210189,1
1790097210189,0
1790097210556,1
1790097210556,0
1790097210921,1
1790097210921,0
1790097211340,1
1790097211340,0
1790097211690,1
1790097211690,0
1790097211870,1
1790097211871,0
1790097212042,1
1790097212042,0
1790097212198,1
1790097212198,0
1790097212378,1
1790097212378,0
1790097212688,1
1790097212688,0
1790097213028,1
1790097213028,0
1790097213438,1
1790097213438,0
1790097213837,1
1790097213837,0
1790097214221,1
1790097214221,0
1790097214633,1
1790097214633,0
1790097214985,1
1790097214985,0
1790097215341,1
1790097215342,0
1790097215704,1
1790097215705,0
1790097215887,1
1790097215887,0
1790097216284,1
1790097216284,0
1790097216681,1
1790097216681,0
1790097217007,1
1790097217007,0
1790097217323,1
1790097217323,0
1790097217505,1
1790097217505,0
1790097217832,1
1790097217832,0
1790097218173,1
1790097218174,0
1790097218509,1
1790097218509,0
1790097218827,1
1790097218827,0
1790097219010,1
1790097219010,0
1790097219305,1
1790097219305,0
1790097219717,1
1790097219717,0
1790097220027,1
1790097220027,0
1790097220338,1
1790097220339,0
1790097220644,1
1790097220644,0
1790097220976,1
1790097220976,0
1790097221285,1
1790097221285,0
1790097221590,1
1790097221590,0
1790097221900,1
1790097221900,0
1790097222293,1
1790097222294,0
1790097222692,1
1790097222693,0
1790097223016,1
1790097223016,0
1790097223428,1
1790097223428,0
1790097223781,1
1790097223781,0
1790097224174,1
1790097224174,0
1790097224572,1
1790097224573,0
1790097224994,1
1790097224994,0
1790097225405,1
1790097225405,0
1790097225718,1
1790097225719,0
1790097226025,1
1790097226025,0
1790097226381,1
1790097226381,0
1790097226796,1
1790097226796,0
1790097227212,1
1790097227212,0
1790097227559,1
1790097227559,0
1790097227930,1
1790097227931,0
1790097228295,1
1790097228295,0
1790097228677,1
1790097228678,0
1790097229010,1
1790097229011,0
1790097229193,1
1790097229193,0
1790097229388,1
1790097229388,0
1790097229748,1
1790097229748,0
1790097229947,1
1790097229947,0
1790097230338,1
1790097230339,0
1790097230644,1
1790097230644,0
1790097230965,1
1790097230965,0
1790097231273,1
1790097231274,0
1790097231597,1
1790097231598,0
1790097231797,1
1790097231797,0
1790097232094,1
1790097232094,0
1790097232277,1
1790097232277,0
1790097232625,1
1790097232625,0
1790097232949,1
1790097232950,0
1790097233276,1
1790097233276,0
1790097233651,1
1790097233651,0
1790097234009,1
1790097234009,0
1790097234379,1
1790097234379,0
1790097234755,1
1790097234756,0
1790097235109,1
1790097235109,0
1790097235455,1
1790097235456,0
1790097235826,1
1790097235826,0
1790097236224,1
1790097236224,0
1790097236592,1
1790097236592,0
1790097236799,1
1790097236799,0
1790097236974,1
1790097236974,0
1790097237165,1
1790097237165,0
1790097237353,1
1790097237353,0
1790097237741,1
1790097237742,0
1790097238122,1
1790097238123,0
1790097238447,1
1790097238447,0
1790097238834,1
1790097238834,0
1790097239239,1
1790097239240,0
1790097239565,1
1790097239565,0
1790097239913,1
1790097239913,0
1790097240241,1
1790097240241,0
1790097240575,1
1790097240576,0
1790097240973,1
1790097240973,0
1790097241301,1
1790097241301,0
1790097241620,1
1790097241620,0
1790097242025,1
1790097242026,0
1790097242208,1
1790097242208,0
1790097242401,1
1790097242401,0
1790097242698,1
1790097242699,0
1790097243003,1
1790097243004,0
1790097243310,1
1790097243311,0
1790097243635,1
1790097243635,0
1790097243968,1
1790097243968,0
1790097244289,1
1790097244289,0
1790097244632,1
1790097244632,0
1790097244814,1
1790097244814,0
1790097245005,1
1790097245005,0
1790097245346,1
1790097245346,0
1790097245744,1
1790097245744,0
1790097246147,1
1790097246147,0
1790097246545,1
1790097246545,0
1790097246884,1
1790097246884,0
1790097247203,1
1790097247203,0
1790097247504,1
1790097247504,0
1790097247902,1
1790097247903,0
1790097248304,1
1790097248305,0
1790097248722,1
1790097248723,0
1790097248898,1
1790097248898,0
1790097249073,1
1790097249073,0
1790097249256,1
1790097249256,0
1790097249441,1
1790097249442,0
1790097249835,1
1790097249836,0
1790097250014,1
1790097250014,0
1790097250379,1
1790097250380,0
1790097250754,1
1790097250754,0
1790097251121,1
1790097251121,0
1790097251430,1
1790097251431,0
1790097251805,1
1790097251805,0
1790097252185,1
1790097252186,0
1790097252566,1
1790097252567,0
1790097252866,1
1790097252867,0
1790097253226,1
1790097253226,0
1790097253617,1
1790097253617,0
1790097253800,1
1790097253800,0
1790097253978,1
1790097253978,0
1790097254367,1
1790097254368,0
1790097254559,1
1790097254560,0
1790097254743,1
1790097254744,0
1790097254916,1
1790097254916,0
1790097255091,1
1790097255091,0
1790097255389,1
1790097255390,0
1790097255802,1
1790097255802,0
1790097256156,1
1790097256156,0
1790097256466,1
1790097256466,0
1790097256776,1
1790097256776,0
1790097257132,1
1790097257132,0
1790097257316,1
1790097257316,0
1790097257484,1
1790097257484,0
1790097257665,1
1790097257665,0
1790097258062,1
1790097258063,0
1790097258443,1
1790097258443,0
1790097258818,1
1790097258818,0
1790097259218,1
1790097259219,0
1790097259413,1
1790097259413,0
1790097259722,1
1790097259723,0
1790097260117,1
1790097260118,0
1790097260508,1
1790097260509,0
1790097260912,1
1790097260913,0
1790097261298,1
1790097261299,0
1790097261666,1
1790097261666,0
1790097262064,1
1790097262064,0
1790097262386,1
1790097262386,0
1790097262761,1
1790097262762,0
1790097263130,1
1790097263131,0
1790097263485,1
1790097263485,0
1790097263777,1
1790097263778,0
1790097264083,1
1790097264083,0
1790097264395,1
1790097264395,0
1790097264788,1
1790097264788,0
1790097265124,1
1790097265124,0
1790097265476,1
1790097265477,0
1790097265858,1
1790097265859,0
1790097266057,1
1790097266057,0
1790097266233,1
1790097266234,0
1790097266645,1
1790097266646,0
1790097267045,1
1790097267048,0
1790097267448,1
1790097267448,0
1790097267838,1
1790097267838,0
1790097268205,1
1790097268206,0
1790097268511,1
1790097268511,0
1790097268828,1
1790097268828,0
1790097269134,1
1790097269134,0
1790097269461,1
1790097269461,0
1790097269786,1
1790097269787,0
1790097270201,1
1790097270201,0
1790097270611,1
1790097270612,0
1790097271010,1
1790097271011,0
1790097271410,1
1790097271410,0
1790097271729,1
1790097271729,0
1790097272040,1
1790097272040,0
1790097272355,1
1790097272356,0
1790097272555,1
1790097272555,0
1790097272871,1
1790097272872,0
1790097273265,1
1790097273265,0
1790097273668,1
1790097273668,0
1790097274069,1
1790097274069,0
1790097274481,1
1790097274482,0
1790097274857,1
1790097274857,0
1790097275218,1
1790097275219,0
1790097275526,1
1790097275527,0
1790097275725,1
1790097275725,0
1790097275908,1
1790097275908,0
1790097276215,1
1790097276215,0
1790097276610,1
1790097276611,0
1790097277027,1
1790097277027,0
1790097277439,1
1790097277440,0
1790097277620,1
1790097277620,0
1790097277992,1
1790097277993,0
1790097278352,1
1790097278352,0
1790097278558,1
1790097278558,0
1790097278882,1
1790097278882,0
1790097279271,1
1790097279271,0
1790097279618,1
1790097279618,0
1790097279965,1
1790097279965,0
1790097280301,1
1790097280301,0
1790097280638,1
1790097280639,0
1790097280827,1
1790097280827,0
1790097280999,1
1790097280999,0
1790097281291,1
1790097281291,0
1790097281490,1
1790097281490,0
1790097281657,1
1790097281657,0
1790097282036,1
1790097282036,0
1790097282375,1
1790097282375,0
1790097282717,1
1790097282718,0
1790097283061,1
1790097283062,0
1790097283445,1
1790097283446,0
1790097283753,1
1790097283755,0
1790097284057,1
1790097284057,0
1790097284456,1
1790097284456,0
1790097284765,1
1790097284766,0
1790097285065,1
1790097285065,0
1790097285422,1
1790097285422,0
1790097285760,1
1790097285761,0
1790097286098,1
1790097286098,0
1790097286452,1
1790097286452,0
1790097286866,1
1790097286866,0
1790097287043,1
1790097287043,0
1790097287355,1
1790097287355,0
1790097287527,1
1790097287528,0
1790097287700,1
1790097287700,0
1790097288103,1
1790097288104,0
1790097288486,1
1790097288486,0
1790097288866,1
1790097288866,0
1790097289268,1
1790097289269,0
1790097289453,1
1790097289453,0
1790097289627,1
1790097289627,0
1790097289812,1
1790097289812,0
1790097289996,1
1790097289996,0
1790097290177,1
1790097290178,0
1790097290357,1
1790097290357,0
1790097290714,1
1790097290714,0
1790097291096,1
1790097291096,0
1790097291460,1
1790097291460,0
1790097291830,1
1790097291830,0
1790097292140,1
1790097292141,0
1790097292478,1
1790097292479,0
1790097292662,1
1790097292662,0
1790097292844,1
1790097292844,0
1790097293029,1
1790097293029,0
1790097293434,1
1790097293434,0
1790097293631,1
1790097293632,0
1790097293809,1
1790097293809,0
1790097293983,1
1790097293984,0
1790097294349,1
1790097294349,0
1790097294746,1
1790097294747,0
1790097295144,1
1790097295145,0
1790097295540,1
1790097295540,0
1790097295736,1
1790097295736,0
1790097295910,1
1790097295910,0
1790097296283,1
1790097296283,0
1790097296648,1
1790097296649,0
1790097297025,1
1790097297025,0
1790097297405,1
1790097297406,0
1790097297763,1
1790097297764,0
1790097298051,1
1790097298052,0
1790097298357,1
1790097298358,0
1790097298551,1
1790097298551,0
1790097298707,1
1790097298707,0
1790097299064,1
1790097299064,0
1790097299466,1
1790097299467,0
1790097299887,1
1790097299887,0
1790097300299,1
1790097300299,0
1790097300672,1
1790097300673,0
1790097301072,1
1790097301072,0
1790097301464,1
1790097301464,0
1790097301840,1
1790097301841,0
1790097302240,1
1790097302240,0
1790097302653,1
1790097302655,0
1790097302827,1
1790097302827,0
1790097303017,1
1790097303017,0
1790097303196,1
1790097303196,0
1790097303377,1
1790097303377,0
1790097303761,1
1790097303761,0
1790097303951,1
1790097303951,0
1790097304250,1
1790097304250,0
1790097304665,1
1790097304665,0
1790097305063,1
1790097305064,0
1790097305367,1
1790097305367,0
1790097305535,1
1790097305535,0
1790097305707,1
1790097305707,0
1790097305878,1
1790097305878,0
1790097306268,1
1790097306269,0
1790097306564,1
1790097306565,0
1790097306896,1
1790097306896,0
1790097307311,1
1790097307311,0
1790097307665,1
1790097307665,0
1790097308064,1
1790097308065,0
1790097308258,1
1790097308259,0
1790097308443,1
1790097308444,0
1790097308617,1
1790097308617,0
1790097308795,1
1790097308795,0
1790097309166,1
1790097309166,0
1790097309362,1
1790097309362,0
1790097309689,1
1790097309690,0
1790097310026,1
1790097310027,0
1790097310370,1
1790097310370,0
1790097310768,1
1790097310769,0
1790097311075,1
1790097311075,0
1790097311395,1
1790097311395,0
1790097311715,1
1790097311715,0
1790097312105,1
1790097312105,0
1790097312515,1
1790097312516,0
1790097312923,1
1790097312923,0
1790097313268,1
1790097313269,0
1790097313596,1
1790097313596,0
1790097313956,1
1790097313957,0
1790097314269,1
1790097314269,0
1790097314569,1
1790097314569,0
1790097314880,1
1790097314880,0
1790097315195,1
1790097315195,0
1790097315374,1
1790097315374,0
1790097315672,1
1790097315673,0
1790097316053,1
1790097316054,0
1790097316358,1
1790097316358,0
1790097316660,1
1790097316661,0
1790097317033,1
1790097317033,0
1790097317396,1
1790097317396,0
1790097317765,1
1790097317765,0
1790097318140,1
1790097318141,0
1790097318555,1
1790097318555,0
1790097318841,1
1790097318842,0
1790097319160,1
1790097319161,0
1790097319350,1
1790097319350,0
1790097319652,1
1790097319653,0
1790097319967,1
1790097319967,0
1790097320327,1
1790097320327,0
1790097320714,1
1790097320714,0
1790097321103,1
1790097321103,0
1790097321486,1
1790097321486,0
1790097321808,1
1790097321809,0
1790097322153,1
1790097322154,0
1790097322497,1
1790097322498,0
1790097322832,1
1790097322832,0
1790097323191,1
1790097323191,0
1790097323508,1
1790097323508,0
1790097323668,1
1790097323668,0
1790097323835,1
1790097323835,0
1790097324020,1
1790097324020,0
1790097324191,1
1790097324191,0
1790097324538,1
1790097324538,0
1790097324897,1
1790097324897,0
1790097325286,1
1790097325287,0
1790097325681,1
1790097325682,0
1790097326061,1
1790097326062,0
1790097326376,1
1790097326376,0
1790097326686,1
1790097326686,0
1790097326998,1
1790097326998,0
1790097327299,1
1790097327299,0
1790097327699,1
1790097327699,0
1790097328034,1
1790097328034,0
1790097328442,1
1790097328442,0
1790097328816,1
1790097328816,0
1790097329202,1
1790097329203,0
1790097329518,1
1790097329518,0
1790097329863,1
1790097329863,0
1790097330194,1
1790097330194,0
1790097330534,1
1790097330534,0
1790097330858,0
1790097330858,0
1790097331180,1
1790097331180,0
1790097331492,1
1790097331493,0
1790097331814,1
1790097331814,0
1790097331989,1
1790097331989,0
1790097332174,1
1790097332174,0
1790097332504,1
1790097332504,0
1790097332845,1
1790097332845,0
1790097333189,1
1790097333189,0
1790097333531,1
1790097333531,0
1790097333691,1
1790097333691,0
1790097334045,1
1790097334046,0
1790097334445,1
1790097334446,0
1790097334868,1
1790097334869,0
1790097335256,1
1790097335257,0
1790097335557,1
1790097335557,0
1790097335890,1
1790097335891,0
1790097336234,1
1790097336234,0
1790097336581,1
1790097336581,0
1790097336921,1
1790097336921,0
1790097337228,1
1790097337228,0
1790097337538,1
1790097337539,0
1790097337906,1
1790097337906,0
1790097338256,1
1790097338256,0
1790097338587,1
1790097338588,0
1790097338881,1
1790097338882,0
1790097339202,1
1790097339202,0
1790097339506,1
1790097339506,0
1790097339834,1
1790097339834,0
1790097340219,1
1790097340219,0
1790097340402,1
1790097340402,0
1790097340790,1
1790097340791,0
1790097341108,1
1790097341109,0
1790097341461,1
1790097341461,0
1790097341647,1
1790097341647,0
1790097342036,1
1790097342036,0
1790097342454,1
1790097342454,0
1790097342865,1
1790097342866,0
1790097343060,1
1790097343061,0
1790097343414,1
1790097343416,0
1790097343780,1
1790097343781,0
1790097344085,1
1790097344086,0
1790097344269,1
1790097344270,0
1790097344565,1
1790097344566,0
1790097344881,1
1790097344882,0
1790097345201,1
1790097345201,0
1790097345503,1
1790097345503,0
1790097345817,1
1790097345817,0
1790097346198,1
1790097346198,0
1790097346611,1
1790097346611,0
1790097346799,1
1790097346799,0
1790097347127,1
1790097347127,0
1790097347477,1
1790097347477,0
1790097347893,1
1790097347893,0
1790097348203,1
1790097348203,0
1790097348525,1
1790097348526,0
1790097348809,1
1790097348810,0
1790097349138,1
1790097349138,0
1790097349480,1
1790097349481,0
1790097349821,1
1790097349821,0
1790097350133,1
1790097350133,0
1790097350499,1
1790097350500,0
1790097350698,1
1790097350698,0
1790097351036,1
1790097351036,0
1790097351393,1
1790097351393,0
1790097351725,1
1790097351725,0
1790097352078,1
1790097352078,0
1790097352421,1
1790097352422,0
1790097352729,1
1790097352729,0
1790097353040,1
1790097353042,0
1790097353404,1
1790097353404,0
1790097353779,1
1790097353779,0
1790097354125,1
1790097354126,0
1790097354507,1
1790097354507,0
1790097354871,1
1790097354871,0
1790097355251,0
1790097355251,0
1790097355631,1
1790097355632,0
1790097355825,1
1790097355825,0
1790097356000,1
1790097356000,0
1790097356307,1
1790097356308,0
1790097356623,1
1790097356623,0
1790097356988,1
1790097356989,0
1790097357169,1
1790097357169,0
1790097357334,1
1790097357334,0
1790097357512,1
1790097357512,0
1790097357685,1
1790097357685,0
1790097357866,1
1790097357866,0
1790097358264,1
1790097358264,0
1790097358595,1
1790097358595,0
1790097358979,1
1790097358980,0
1790097359376,1
1790097359376,0
1790097359724,1
1790097359725,0
1790097360100,1
1790097360100,0
1790097360485,1
1790097360485,0
1790097360865,1
1790097360865,0
1790097361267,1
1790097361267,0
1790097361637,1
1790097361637,0
1790097362000,1
1790097362001,0
1790097362324,1
1790097362325,0
1790097362641,1
1790097362641,0
1790097362950,1
1790097362950,0
1790097363285,1
1790097363285,0
1790097363636,1
1790097363636,0
1790097363966,1
1790097363966,0
1790097364300,1
1790097364302,0
1790097364665,1
1790097364668,0
1790097364978,1
1790097364979,0
1790097365344,1
1790097365344,0
1790097365522,1
1790097365522,0
1790097365695,1
1790097365696,0
1790097366022,1
1790097366022,0
1790097366342,1
1790097366342,0
1790097366652,1
1790097366652,0
1790097366974,1
1790097366975,0
1790097367352,1
1790097367353,0
1790097367708,1
1790097367708,0
1790097368044,1
1790097368044,0
1790097368447,1
1790097368447,0
1790097368762,1
1790097368762,0
1790097368930,1
1790097368930,0
1790097369316,1
1790097369317,0
1790097369709,1
1790097369710,0
1790097370120,1
1790097370120,0
1790097370536,1
1790097370536,0
1790097370951,1
1790097370951,0
1790097371276,1
1790097371276,0
1790097371477,1
1790097371477,0
1790097371848,1
1790097371849,0
1790097372230,1
1790097372231,0
1790097372429,1
1790097372429,0
1790097372831,1
1790097372832,0
1790097373230,1
1790097373231,0
1790097373636,1
1790097373636,0
1790097373805,1
1790097373805,0
1790097374166,1
1790097374167,0
1790097374536,1
1790097374536,0
1790097374890,1
1790097374890,0
1790097375090,1
1790097375090,0
1790097375446,1
1790097375447,0
1790097375819,1
1790097375819,0
1790097376186,1
1790097376186,0
1790097376568,1
1790097376568,0
1790097376939,1
1790097376940,0
1790097377286,1
1790097377286,0
1790097377618,1
1790097377619,0
1790097377963,1
1790097377964,0
1790097378311,1
1790097378311,0
1790097378663,1
1790097378663,0
1790097379067,1
1790097379067,0
1790097379401,1
1790097379401,0
1790097379745,1
1790097379745,0
1790097380082,1
1790097380083,0
1790097380422,1
1790097380422,0
1790097380799,1
1790097380800,0
1790097381170,1
1790097381171,0
1790097381497,1
1790097381498,0
1790097381864,1
1790097381865,0
1790097382154,1
1790097382154,0
1790097382354,1
1790097382354,0
1790097382541,1
1790097382541,0
1790097382710,1
1790097382710,0
1790097382883,1
1790097382883,0
1790097383235,1
1790097383236,0
1790097383411,1
1790097383411,0
1790097383587,1
1790097383587,0
1790097383965,1
1790097383965,0
1790097384364,1
1790097384364,0
1790097384767,1
1790097384767,0
1790097385180,1
1790097385180,0
1790097385583,1
1790097385583,0
1790097386007,1
1790097386007,0
1790097386204,1
1790097386204,0
1790097386392,1
1790097386392,0
1790097386569,1
1790097386569,0
1790097386871,1
1790097386872,0
1790097387261,1
1790097387263,0
1790097387632,1
1790097387632,0
1790097388020,1
1790097388021,0
1790097388424,1
1790097388424,0
1790097388825,1
1790097388825,0
1790097389239,1
1790097389239,0
1790097389588,1
1790097389589,0
1790097389948,1
1790097389949,0
1790097390317,1
1790097390317,0
1790097390622,1
1790097390623,0
1790097390948,1
1790097390948,0
1790097391311,1
1790097391311,0
1790097391629,1
1790097391629,0
1790097391924,1
1790097391924,0
1790097392225,1
1790097392225,0
1790097392552,1
1790097392552,0
1790097392905,1
1790097392905,0
1790097393268,1
1790097393268,0
1790097393600,1
1790097393600,0
1790097393977,1
1790097393977,0
1790097394284,1
1790097394284,0
1790097394617,1
1790097394617,0
1790097394944,1
1790097394944,0
1790097395288,1
1790097395289,0
1790097395625,1
1790097395625,0
1790097395986,1
1790097395986,0
1790097396388,1
1790097396388,0
1790097396724,1
1790097396724,0
1790097397069,1
1790097397069,0
1790097397422,1
1790097397422,0
1790097397777,1
1790097397777,0
1790097397975,1
1790097397975,0
1790097398151,1
1790097398151,0
1790097398325,1
1790097398325,0
1790097398668,1
1790097398668,0
1790097398958,1
1790097398958,0
1790097399281,1
1790097399282,0
1790097399607,1
1790097399607,0
1790097399971,1
1790097399971,0
1790097400287,1
1790097400287,0
1790097400652,1
1790097400652,0
1790097401013,1
1790097401013,0
1790097401386,1
1790097401387,0
1790097401766,1
1790097401766,0
1790097402176,1
1790097402176,0
1790097402358,1
1790097402358,0
1790097402703,1
1790097402703,0
1790097403100,1
1790097403100,0
1790097403515,1
1790097403515,0
1790097403869,1
1790097403870,0
1790097404279,1
1790097404280,0
1790097404671,1
1790097404671,0
1790097405085,1
1790097405086,0
1790097405460,1
1790097405460,0
1790097405771,1
1790097405772,0
1790097406079,1
1790097406079,0
1790097406401,1
1790097406402,0
1790097406768,1
1790097406769,0
1790097407145,1
1790097407145,0
1790097407516,1
1790097407517,0
1790097407879,1
1790097407879,0
1790097408262,1
1790097408262,0
1790097408638,1
1790097408638,0
1790097409019,1
1790097409019,0
1790097409370,1
1790097409371,0
1790097409791,1
1790097409791,0
1790097410210,1
1790097410210,0
1790097410612,1
1790097410612,0
1790097411025,1
1790097411025,0
1790097411204,1
1790097411204,0
1790097411379,1
1790097411379,0
1790097411545,1
1790097411545,0
1790097411839,1
1790097411840,0
1790097412162,1
1790097412163,0
1790097412463,1
1790097412463,0
1790097412784,1
1790097412784,0
1790097412985,1
1790097412986,0
1790097413301,1
1790097413302,0
1790097413613,1
1790097413613,0
1790097413915,1
1790097413916,0
1790097414213,1
1790097414213,0
1790097414528,1
1790097414528,0
1790097414928,1
1790097414928,0
1790097415333,1
1790097415333,0
1790097415679,1
1790097415679,0
1790097415858,1
1790097415859,0
1790097416046,1
1790097416046,0
1790097416406,1
1790097416407,0
1790097416764,1
1790097416764,0
1790097417116,1
1790097417116,0
1790097417475,1
1790097417476,0
1790097417666,1
1790097417666,0
1790097418002,1
1790097418003,0
1790097418334,1
1790097418335,0
1790097418507,1
1790097418507,0
1790097418825,1
1790097418825,0
1790097419161,1
1790097419161,0
1790097419482,1
1790097419482,0
1790097419807,1
1790097419808,0
1790097420112,1
1790097420113,0
1790097420438,1
1790097420439,0
1790097420783,1
1790097420784,0
1790097421177,1
1790097421177,0
1790097421487,1
1790097421487,0
1790097421885,1
1790097421885,0
1790097422282,1
1790097422282,0
1790097422622,1
1790097422623,0
1790097422945,1
1790097422945,0
1790097423271,1
1790097423271,0
1790097423581,1
1790097423582,0
1790097423739,1
1790097423739,0
1790097423907,1
1790097423907,0
1790097424079,1
1790097424079,0
1790097424387,1
1790097424387,0
1790097424695,1
1790097424695,0
1790097425012,1
1790097425013,0
1790097425396,1
1790097425396,0
1790097425773,1
1790097425773,0
1790097426161,1
1790097426161,0
1790097426526,1
1790097426526,0
1790097426722,1
1790097426722,0
1790097426893,1
1790097426893,0
1790097427222,1
1790097427222,0
1790097427566,1
1790097427566,0
1790097427906,1
1790097427906,0
1790097428321,1
1790097428321,0
1790097428658,1
1790097428658,0
1790097428978,1
1790097428978,0
1790097429300,1
1790097429300,0
1790097429644,1
1790097429645,0
1790097430041,1
1790097430042,0
1790097430440,1
1790097430441,0
1790097430748,1
1790097430748,0
1790097431053,1
1790097431054,0
1790097431403,1
1790097431404,0
1790097431709,1
1790097431710,0
1790097432009,1
1790097432010,0
1790097432318,1
1790097432319,0
1790097432639,1
1790097432639,0
1790097432992,1
1790097432993,0
1790097433382,1
1790097433383,0
1790097433676,1
1790097433676,0
1790097434060,1
1790097434060,0
1790097434476,1
1790097434477,0
1790097434804,1
1790097434804,0
1790097435118,1
1790097435118,0
1790097435428,1
1790097435429,0
1790097435751,1
1790097435752,0
1790097436158,1
1790097436158,0
1790097436571,1
1790097436571,0
1790097436970,1
1790097436970,0
1790097437282,1
1790097437283,0
1790097437612,1
1790097437612,0
1790097438004,1
1790097438004,0
1790097438413,1
1790097438414,0
1790097438826,1
1790097438826,0
1790097439220,1
1790097439220,0
1790097439633,1
1790097439634,0
1790097440067,1
1790097440067,0
1790097440261,1
1790097440261,0
1790097440646,1
1790097440646,0
1790097441040,1
1790097441041,0
1790097441439,1
1790097441440,0
1790097441821,1
1790097441822,0
1790097441998,1
1790097441998,0
1790097442173,1
1790097442173,0
1790097442346,1
1790097442346,0
1790097442644,1
1790097442644,0
1790097442984,1
1790097442984,0
1790097443323,1
1790097443323,0
1790097443505,1
1790097443505,0
1790097443887,1
1790097443887,0
1790097444286,1
1790097444286,0
1790097444604,1
1790097444604,0
1790097444905,1
1790097444905,0
1790097445210,1
1790097445210,0
1790097445519,1
1790097445519,0
1790097445912,1
1790097445912,0
1790097446307,1
1790097446308,0
1790097446648,1
1790097446648,0
1790097446955,1
1790097446956,0
1790097447263,1
1790097447263,0
1790097447628,1
1790097447628,0
1790097447988,1
1790097447988,0
1790097448349,1
1790097448349,0
1790097448722,1
1790097448722,0
1790097449016,1
1790097449017,0
1790097449387,1
1790097449388,0
1790097449757,1
1790097449757,0
1790097450091,1
1790097450091,0
1790097450489,1
1790097450489,0
1790097450840,1
1790097450841,0
1790097451023,1
1790097451023,0
1790097451196,1
1790097451196,0
1790097451368,1
1790097451368,0
1790097451533,1
1790097451533,0
1790097451896,1
1790097451896,0
1790097452263,1
1790097452264,0
1790097452627,1
1790097452628,0
1790097453023,1
1790097453024,0
1790097453417,1
1790097453418,0
1790097453785,1
1790097453785,0
1790097454124,1
1790097454124,0
1790097454457,1
1790097454457,0
1790097454800,1
1790097454800,0
1790097455163,1
1790097455163,0
1790097455340,1
1790097455340,0
1790097455515,1
1790097455515,0
1790097455900,1
1790097455900,0
1790097456081,1
1790097456081,0
1790097456470,1
1790097456471,0
1790097456871,1
1790097456872,0
1790097457266,1
1790097457266,0
1790097457659,1
1790097457660,0
1790097458059,1
1790097458059,0
1790097458459,1
1790097458460,0
1790097458846,1
1790097458847,0
1790097459025,1
1790097459025,0
1790097459388,1
1790097459389,0
1790097459748,1
1790097459748,0
1790097460088,1
1790097460088,0
1790097460429,1
1790097460429,0
1790097460763,1
1790097460763,0
1790097461087,1
1790097461088,0
1790097461431,1
1790097461431,0
1790097461613,1
1790097461613,0
1790097461786,1
1790097461787,0
1790097462117,1
1790097462117,0
1790097462484,1
1790097462484,0
1790097462662,1
1790097462662,0
1790097462840,1
1790097462840,0
1790097463010,1
1790097463010,0
1790097463182,1
1790097463182,0
1790097463355,1
1790097463356,0
1790097463526,1
1790097463526,0
1790097463871,1
1790097463871,0
1790097464211,1
1790097464211,0
1790097464393,1
1790097464393,0
1790097464572,1
1790097464572,0
1790097464861,1
1790097464861,0
1790097465252,1
1790097465253,0
1790097465645,1
1790097465645,0
1790097466045,1
1790097466045,0
1790097466349,1
1790097466350,0
1790097466662,1
1790097466663,0
1790097466959,1
1790097466959,0
1790097467259,1
1790097467259,0
1790097467628,1
1790097467628,0
1790097467934,1
1790097467934,0
1790097468235,1
1790097468235,0
1790097468543,1
1790097468543,0
1790097468821,1
1790097468822,0
1790097469136,1
1790097469137,0
1790097469317,1
1790097469317,0
1790097469703,1
1790097469703,0
1790097470080,1
1790097470080,0
1790097470417,1
1790097470417,0
1790097470753,1
1790097470753,0
1790097471058,1
1790097471059,0
1790097471426,1
1790097471427,0
1790097471793,1
1790097471793,0
1790097472161,1
1790097472162,0
1790097472523,1
1790097472523,0
1790097472885,1
1790097472886,0
1790097473255,1
1790097473255,0
1790097473594,1
1790097473594,0
1790097473751,1
1790097473751,0
1790097474042,0
1790097474042,0
1790097474221,1
1790097474221,0
1790097474399,1
1790097474399,0
1790097474567,1
1790097474567,0
1790097474736,1
1790097474736,0
1790097475040,1
1790097475041,0
1790097475376,1
1790097475377,0
1790097475557,1
1790097475557,0
1790097475890,1
1790097475891,0
1790097476225,1
1790097476226,0
1790097476535,1
1790097476536,0
1790097476905,1
1790097476906,0
1790097477272,1
1790097477273,0
1790097477644,1
1790097477646,0
1790097477975,1
1790097477975,0
1790097478366,1
1790097478366,0
1790097478764,1
1790097478765,0
1790097479161,1
1790097479161,0
1790097479346,1
1790097479347,0
1790097479709,1
1790097479710,0
1790097479881,1
1790097479881,0
1790097480053,1
1790097480053,0
1790097480231,1
1790097480231,0
1790097480403,1
1790097480403,0
1790097480760,1
1790097480760,0
1790097481101,1
1790097481101,0
1790097481282,1
1790097481282,0
1790097481666,1
1790097481666,0
1790097482065,1
1790097482065,0
1790097482371,1
1790097482371,0
1790097482767,1
1790097482768,0
1790097483168,1
1790097483168,0
1790097483556,1
1790097483557,0
1790097483714,1
1790097483714,0
1790097484096,1
1790097484096,0
1790097484488,1
1790097484488,0
1790097484854,0
1790097484855,0
1790097485155,1
1790097485155,0
1790097485521,1
1790097485521,0
1790097485692,1
1790097485692,0
1790097485863,1
1790097485863,0
1790097486033,1
1790097486033,0
1790097486204,1
1790097486205,0
1790097486589,1
1790097486589,0
1790097486895,1
1790097486897,0
1790097487195,1
1790097487196,0
1790097487370,1
1790097487370,0
1790097487549,1
1790097487550,0
1790097487848,1
1790097487848,0
1790097488146,1
1790097488147,0
1790097488457,1
1790097488458,0
1790097488754,1
1790097488754,0
1790097489143,1
1790097489143,0
1790097489329,1
1790097489329,0
1790097489484,0
1790097489484,0
1790097489653,1
1790097489654,0
1790097490012,1
1790097490012,0
1790097490405,1
1790097490405,0
1790097490591,1
1790097490591,0
1790097490763,1
1790097490763,0
1790097490929,1
1790097490929,0
1790097491100,1
1790097491100,0
1790097491455,1
1790097491455,0
1790097491762,1
1790097491762,0
1790097492106,1
1790097492106,0
1790097492412,1
1790097492412,0
1790097492709,1
1790097492709,0
1790097493051,1
1790097493051,0
1790097493232,1
1790097493232,0
1790097493406,1
1790097493406,0
1790097493583,1
1790097493583,0
1790097493856,1
1790097493856,0
1790097494188,1
1790097494188,0
1790097494522,1
1790097494522,0
1790097494918,1
1790097494918,0
1790097495103,1
1790097495104,0
1790097495482,1
1790097495482,0
1790097495768,1
1790097495769,0
1790097496077,1
1790097496077,0
1790097496382,1
1790097496382,0
1790097496680,1
1790097496681,0
1790097497087,1
1790097497087,0
1790097497482,1
1790097497482,0
1790097497867,1
1790097497868,0
1790097498210,1
1790097498211,0
1790097498542,1
1790097498542,0
1790097498855,1
1790097498855,0
1790097499195,1
1790097499195,0
1790097499530,1
1790097499530,0
1790097499864,1
1790097499864,0
1790097500042,1
1790097500042,0
1790097500369,1
1790097500369,0
1790097500711,1
1790097500712,0
1790097501002,1
1790097501003,0
1790097501337,1
1790097501338,0
1790097501707,1
1790097501708,0
1790097501884,1
1790097501884,0
1790097502057,1
1790097502057,0
1790097502230,1
1790097502230,0
1790097502400,1
1790097502400,0
1790097502693,1
1790097502694,0
1790097502992,1
1790097502993,0
1790097503331,1
1790097503331,0
1790097503507,1
1790097503507,0
1790097503668,1
1790097503668,0
1790097504048,1
1790097504048,0
1790097504442,1
1790097504442,0
1790097504839,1
1790097504840,0
1790097505233,1
1790097505233,0
1790097505633,1
1790097505633,0
1790097505814,1
1790097505814,0
1790097505980,1
1790097505980,0
1790097506155,1
1790097506155,0
1790097506449,1
1790097506449,0
1790097506618,1
1790097506619,0
1790097506947,1
1790097506948,0
1790097507275,1
1790097507275,0
1790097507605,1
1790097507605,0
1790097507940,1
1790097507940,0
1790097508254,1
1790097508255,0
1790097508586,1
1790097508586,0
1790097508925,1
1790097508926,0
1790097509289,1
1790097509289,0
1790097509665,1
1790097509666,0
1790097509977,1
1790097509977,0
1790097510315,1
1790097510315,0
1790097510659,1
1790097510659,0
1790097510984,1
1790097510984,0
1790097511351,1
1790097511351,0
1790097511720,1
1790097511721,0
1790097512090,1
1790097512090,0
1790097512487,0
1790097512488,0
1790097512833,0
1790097512835,0
1790097513137,0
1790097513139,0
1790097513440,0
1790097513441,0
1790097513751,1
1790097513752,0
1790097514054,1
1790097514054,0
1790097514356,1
1790097514356,0
1790097514700,1
1790097514701,0
1790097515099,1
1790097515099,0
1790097515434,1
1790097515435,0
1790097515764,1
1790097515764,0
1790097516099,1
1790097516099,0
1790097516498,1
1790097516498,0
1790097516679,1
1790097516679,0
1790097516849,1
1790097516849,0
1790097517026,1
1790097517027,0
1790097517357,1
1790097517358,0
1790097517758,1
1790097517758,0
1790097518162,1
1790097518162,0
1790097518342,1
1790097518343,0
1790097518516,1
1790097518516,0
1790097518838,1
1790097518839,0
1790097519174,1
1790097519174,0
1790097519521,1
1790097519522,0
1790097519855,1
1790097519855,0
1790097520179,1
1790097520180,0
1790097520584,1
1790097520584,0
1790097520888,1
1790097520888,0
1790097521285,1
1790097521286,0
1790097521625,1
1790097521626,0
1790097521956,1
1790097521957,0
1790097522282,1
1790097522282,0
1790097522595,1
1790097522595,0
1790097522902,1
1790097522902,0
1790097523213,1
1790097523213,0
1790097523584,1
1790097523584,0
1790097523737,1
1790097523737,0
1790097523899,1
1790097523899,0
1790097524232,1
1790097524232,0
1790097524596,1
1790097524596,0
1790097524999,0
1790097525001,0
1790097525366,0
1790097525367,0
1790097525710,1
1790097525710,0
1790097526081,1
1790097526081,0
1790097526423,1
1790097526423,0
1790097526756,1
1790097526756,0
1790097527128,1
1790097527129,0
1790097527459,1
1790097527460,0
1790097527783,1
1790097527784,0
1790097528127,1
1790097528127,0
1790097528494,1
1790097528494,0
1790097528889,1
1790097528889,0
1790097529287,1
1790097529288,0
1790097529681,1
1790097529682,0
1790097530086,1
1790097530087,0
1790097530394,1
1790097530394,0
1790097530687,1
1790097530687,0
1790097531062,1
1790097531063,0
1790097531418,1
1790097531418,0
1790097531783,1
1790097531783,0
1790097531969,1
1790097531969,0
1790097532138,1
1790097532138,0
1790097532306,1
1790097532307,0
1790097532479,1
1790097532479,0
1790097532771,1
1790097532772,0
1790097533080,1
1790097533080,0
1790097533484,1
1790097533485,0
1790097533791,1
1790097533792,0
1790097534102,1
1790097534103,0
1790097534405,1
1790097534405,0
1790097534804,1
1790097534805,0
1790097535202,1
1790097535202,0
1790097535601,1
1790097535601,0
1790097535758,1
1790097535758,0
1790097536063,1
1790097536067,0
1790097536373,1
1790097536374,0
1790097536770,1
1790097536770,0
1790097536953,1
1790097536953,0
1790097537249,1
1790097537250,0
1790097537643,1
1790097537643,0
1790097538048,1
1790097538048,0
1790097538443,1
1790097538444,0
1790097538838,1
1790097538838,0
1790097539202,1
1790097539202,0
1790097539562,1
1790097539562,0
1790097539855,1
1790097539855,0
1790097540042,1
1790097540042,0
1790097540213,1
1790097540213,0
1790097540514,1
1790097540515,0
1790097540819,0
1790097540819,0
1790097541132,1
1790097541132,0
1790097541455,1
1790097541455,0
1790097541851,1
1790097541851,0
1790097542152,1
1790097542152,0
1790097542465,1
1790097542466,0
1790097542818,1
1790097542818,0
1790097543201,1
1790097543201,0
1790097543544,1
1790097543545,0
1790097543825,1
1790097543825,0
1790097544128,1
1790097544129,0
1790097544435,1
1790097544435,0
1790097544734,1
1790097544734,0
1790097545076,1
1790097545076,0
1790097545374,1
1790097545374,0
1790097545701,1
1790097545702,0
1790097546101,1
1790097546102,0
1790097546495,1
1790097546495,0
1790097546829,1
1790097546829,0
1790097547137,1
1790097547137,0
1790097547440,1
1790097547440,0
1790097547745,1
1790097547745,0
1790097548151,1
1790097548151,0
1790097548482,1
1790097548482,0
1790097548818,1
1790097548818,0
1790097548998,1
1790097548998,0
1790097549317,1
1790097549317,0
1790097549696,1
1790097549697,0
1790097549997,1
1790097549998,0
1790097550295,1
1790097550295,0
1790097550606,1
1790097550607,0
1790097550913,1
1790097550913,0
1790097551088,1
1790097551088,0
1790097551388,1
1790097551388,0
1790097551565,1
1790097551565,0
1790097551855,1
1790097551855,0
1790097552168,1
1790097552169,0
1790097552490,1
1790097552490,0
1790097552823,1
1790097552823,0
1790097553163,1
1790097553163,0
1790097553498,1
1790097553498,0
1790097553869,1
1790097553871,0
1790097554234,1
1790097554234,0
1790097554600,1
1790097554600,0
1790097554805,1
1790097554806,0
1790097555134,1
1790097555134,0
1790097555474,1
1790097555474,0
1790097555871,1
1790097555872,0
1790097556263,1
1790097556264,0
1790097556657,1
1790097556658,0
1790097557059,1
1790097557060,0
1790097557397,1
1790097557397,0
1790097557794,1
1790097557794,0
1790097558172,1
1790097558172,0
1790097558543,1
1790097558543,0
1790097558911,1
1790097558911,0
1790097559321,1
1790097559322,0
1790097559651,1
1790097559651,0
1790097559976,1
1790097559976,0
1790097560310,1
1790097560310,0
1790097560617,1
1790097560617,0
1790097560989,1
1790097560990,0
1790097561357,1
1790097561357,0
1790097561722,1
1790097561722,0
1790097562077,1
1790097562077,0
1790097562407,1
1790097562407,0
1790097562754,1
1790097562754,0
1790097563116,1
1790097563116,0
1790097563479,1
1790097563479,0
1790097563834,1
1790097563834,0
1790097564210,1
1790097564211,0
1790097564607,1
1790097564607,0
1790097564797,1
1790097564798,0
1790097564965,1
1790097564965,0
1790097565133,1
1790097565133,0
1790097565466,1
1790097565467,0
1790097565773,1
1790097565773,0
1790097566078,1
1790097566078,0
1790097566386,0
1790097566387,0
1790097566781,1
1790097566781,0
1790097567117,1
1790097567118,0
1790097567464,1
1790097567465,0
1790097567650,1
1790097567650,0
1790097567818,1
1790097567818,0
1790097568173,1
1790097568174,0
1790097568472,1
1790097568472,0
1790097568773,1
1790097568774,0
1790097569079,1
1790097569079,0
1790097569385,1
1790097569385,0
1790097569783,1
1790097569783,0
1790097570155,1
1790097570155,0
1790097570454,1
1790097570454,0
1790097570639,1
1790097570639,0
1790097570813,1
1790097570813,0
1790097571155,1
1790097571156,0
1790097571466,1
1790097571467,0
1790097571770,1
1790097571771,0
1790097572071,1
1790097572072,0
1790097572474,1
1790097572475,0
1790097572805,1
1790097572805,0
1790097573147,1
1790097573147,0
1790097573452,1
1790097573452,0
1790097573758,1
1790097573758,0
1790097574127,1
1790097574128,0
1790097574530,1
1790097574531,0
1790097574929,1
1790097574930,0
1790097575337,1
1790097575338,0
1790097575735,0
1790097575735,0
1790097576105,1
1790097576105,0
1790097576506,1
1790097576507,0
1790097576868,1
1790097576869,0
1790097577234,1
1790097577234,0
1790097577604,1
1790097577604,0
1790097577968,1
1790097577968,0
1790097578363,1
1790097578363,0
1790097578767,1
1790097578768,0
1790097579148,1
1790097579150,0
1790097579484,1
1790097579485,0
1790097579816,1
1790097579816,0
1790097580148,1
1790097580148,0
1790097580496,1
1790097580497,0
1790097580677,1
1790097580677,0
1790097580842,1
1790097580842,0
1790097581229,1
1790097581230,0
1790097581606,1
1790097581606,0
1790097582006,1
1790097582006,0
1790097582406,1
1790097582408,0
1790097582867,1
1790097582867,0
1790097583247,1
1790097583247,0
1790097583565,1
1790097583566,0
1790097583905,1
1790097583905,0
1790097584256,1
1790097584257,0
1790097584439,1
1790097584440,0
1790097584791,1
1790097584792,0
1790097585167,1
1790097585168,0
1790097585532,1
1790097585533,0
1790097585922,1
1790097585923,0
1790097586081,1
1790097586081,0
1790097586239,1
1790097586239,0
1790097586614,1
1790097586614,0
1790097587065,1
1790097587066,0
1790097587231,1
1790097587231,0
1790097587568,1
1790097587569,0
1790097587917,1
1790097587917,0
1790097588273,1
1790097588273,0
1790097588626,1
1790097588626,0
1790097588782,1
1790097588782,0
1790097589063,1
1790097589063,0
1790097589438,1
1790097589438,0
1790097589841,1
1790097589841,0
1790097590228,1
1790097590228,0
1790097590407,1
1790097590407,0
1790097590797,1
1790097590797,0
1790097591187,1
1790097591187,0
1790097591579,1
1790097591580,0
1790097591755,1
1790097591756,0
1790097592102,1
1790097592102,0
1790097592449,1
1790097592449,0
1790097592825,1
1790097592825,0
1790097593207,1
1790097593208,0
1790097593530,1
1790097593530,0
1790097593695,1
1790097593695,0
1790097593852,1
1790097593852,0
1790097594012,1
1790097594012,0
1790097594185,1
1790097594185,0
1790097594531,1
1790097594531,0
1790097594697,1
1790097594697,0
1790097594981,1
1790097594981,0
1790097595297,1
1790097595297,0
1790097595603,1
1790097595603,0
1790097595898,1
1790097595898,0
1790097596300,1
1790097596300,0
1790097596698,1
1790097596698,0
1790097597099,1
1790097597099,0
1790097597256,1
1790097597256,0
1790097597604,1
1790097597604,0
1790097597964,1
1790097597965,0
1790097598153,1
1790097598153,0
1790097598479,1
1790097598479,0
1790097598771,1
1790097598772,0
1790097599160,1
1790097599160,0
1790097599556,1
1790097599556,0
1790097599959,1
1790097599960,0
1790097600346,1
1790097600347,0
1790097600710,1
1790097600710,0
1790097600900,1
1790097600900,0
1790097601227,1
1790097601227,0
1790097601407,1
1790097601407,0
1790097601583,1
1790097601583,0
1790097601969,1
1790097601969,0
1790097602335,1
1790097602335,0
1790097602708,1
1790097602709,0
1790097603076,1
1790097603076,0
1790097603421,1
1790097603422,0
1790097603725,1
1790097603725,0
1790097604019,1
1790097604019,0
1790097604393,1
1790097604394,0
1790097604697,1
1790097604697,0
1790097605087,1
1790097605087,0
1790097605486,1
1790097605487,0
1790097605880,1
1790097605880,0
1790097606273,1
1790097606273,0
1790097606677,1
1790097606677,0
1790097606852,1
1790097606852,0
1790097607203,1
1790097607203,0
1790097607606,1
1790097607607,0
1790097607971,1
1790097607971,0
1790097608338,1
1790097608338,0
1790097608738,1
1790097608739,0
1790097609130,1
1790097609131,0
1790097609537,1
1790097609538,0
1790097609930,1
1790097609931,0
1790097610268,1
1790097610268,0
1790097610611,1
1790097610611,0
1790097610951,1
1790097610952,0
1790097611254,1
1790097611255,0
1790097611568,0
1790097611569,0
1790097611971,1
1790097611971,0
1790097612342,1
1790097612342,0
1790097612713,1
1790097612713,0
1790097613080,1
1790097613081,0
1790097613435,1
1790097613435,0
1790097613745,1
1790097613746,0
1790097614134,1
1790097614134,0
1790097614445,1
1790097614446,0
1790097614748,1
1790097614749,0
1790097615059,1
1790097615059,0
1790097615401,1
1790097615402,0
1790097615708,1
1790097615708,0
1790097616016,1
1790097616016,0
1790097616325,1
1790097616325,0
1790097616689,1
1790097616690,0
1790097617023,1
1790097617023,0
1790097617370,1
1790097617371,0
1790097617731,1
1790097617731,0
1790097618098,1
1790097618098,0
1790097618470,1
1790097618470,0
1790097618865,1
1790097618865,0
1790097619262,1
1790097619264,0
1790097619655,1
1790097619655,0
1790097620044,1
1790097620045,0
1790097620233,1
1790097620234,0
1790097620405,1
1790097620406,0
1790097620733,1
1790097620733,0
1790097620921,1
1790097620921,0
1790097621080,1
1790097621080,0
1790097621358,1
1790097621358,0
1790097621764,1
1790097621765,0
1790097622160,1
1790097622160,0
1790097622555,1
1790097622556,0
1790097622963,1
1790097622964,0
1790097623360,1
1790097623360,0
1790097623755,1
1790097623755,0
1790097624088,1
1790097624089,0
1790097624474,1
1790097624474,0
1790097624661,1
1790097624661,0
1790097625017,1
1790097625017,0
1790097625383,1
1790097625383,0
1790097625753,1
1790097625754,0
1790097626119,1
1790097626119,0
1790097626513,1
1790097626514,0
1790097626897,1
1790097626897,0
1790097627074,1
1790097627074,0
1790097627370,1
1790097627370,0
1790097627685,1
1790097627685,0
1790097627866,1
1790097627867,0
1790097628250,1
1790097628250,0
1790097628649,1
1790097628649,0
1790097629018,1
1790097629018,0
1790097629408,1
1790097629409,0
1790097629712,1
1790097629712,0
1790097630018,1
1790097630018,0
1790097630420,1
1790097630420,0
1790097630760,1
1790097630760,0
1790097630941,1
1790097630941,0
1790097631237,1
1790097631237,0
1790097631539,1
1790097631539,0
1790097631826,1
1790097631826,0
1790097632124,1
1790097632125,0
1790097632303,1
1790097632304,0
1790097632703,1
1790097632703,0
1790097633012,1
1790097633012,0
1790097633380,1
1790097633380,0
1790097633745,1
1790097633745,0
1790097634046,1
1790097634046,0
1790097634375,1
1790097634375,0
1790097634724,1
1790097634725,0
1790097635063,1
1790097635063,0
1790097635429,1
1790097635429,0
1790097635805,1
1790097635806,0
1790097636172,0
1790097636172,0
1790097636353,1
1790097636353,0
1790097636747,1
1790097636748,0
1790097637084,1
1790097637084,0
1790097637265,1
1790097637265,0
1790097637442,1
1790097637442,0
1790097637612,1
1790097637612,0
1790097637783,1
1790097637783,0
1790097638170,1
1790097638170,0
1790097638537,1
1790097638537,0
1790097638835,1
1790097638836,0
1790097639168,1
1790097639169,0
1790097639511,1
1790097639512,0
1790097639854,1
1790097639855,0
1790097640036,1
1790097640036,0
1790097640208,1
1790097640208,0
1790097640382,1
1790097640382,0
1790097640769,1
1790097640769,0
1790097641170,1
1790097641171,0
1790097641577,1
1790097641578,0
1790097641754,1
1790097641754,0
1790097642116,1
1790097642116,0
1790097642483,1
1790097642484,0
1790097642818,1
1790097642818,0
1790097643155,1
1790097643155,0
1790097643496,1
1790097643497,0
1790097643836,1
1790097643837,0
1790097644232,1
1790097644233,0
1790097644563,1
1790097644564,0
1790097644928,1
1790097644928,0
1790097645336,1
1790097645336,0
1790097645731,1
1790097645732,0
1790097646089,1
1790097646089,0
1790097646417,1
1790097646419,0
1790097646744,1
1790097646745,0
1790097647082,1
1790097647082,0
1790097647456,1
1790097647457,0
1790097647818,1
1790097647819,0
1790097648191,1
1790097648192,0
1790097648597,1
1790097648597,0
1790097648965,1
1790097648965,0
1790097649362,1
1790097649362,0
1790097649765,1
1790097649766,0
1790097650157,1
1790097650158,0
1790097650560,1
1790097650561,0
1790097650951,1
1790097650952,0
1790097651356,1
1790097651357,0
1790097651670,0
1790097651671,0
1790097652044,1
1790097652044,0
1790097652442,1
1790097652443,0
1790097652834,1
1790097652834,0
1790097653017,1
1790097653017,0
1790097653374,1
1790097653374,0
1790097653739,1
1790097653740,0
1790097654093,1
1790097654093,0
1790097654276,1
1790097654276,0
1790097654577,1
1790097654578,0
1790097654874,1
1790097654875,0
1790097655064,1
1790097655064,0
1790097655389,1
1790097655389,0
1790097655743,1
1790097655743,0
1790097656088,1
1790097656088,0
1790097656421,1
1790097656421,0
1790097656756,1
1790097656756,0
1790097657090,1
1790097657091,0
1790097657461,1
1790097657461,0
1790097657629,1
1790097657629,0
1790097657994,1
1790097657995,0
1790097658289,1
1790097658289,0
1790097658588,1
1790097658588,0
1790097658908,1
1790097658909,0
1790097659300,1
1790097659300,0
1790097659683,1
1790097659683,0
1790097660088,0
1790097660088,0
1790097660423,1
1790097660423,0
1790097660758,1
1790097660758,0
1790097661073,1
1790097661074,0
1790097661403,1
1790097661403,0
1790097661802,1
1790097661803,0
1790097662161,1
1790097662161,0
1790097662462,1
1790097662462,0
1790097662770,1
1790097662770,0
1790097663075,1
1790097663075,0
1790097663381,1
1790097663381,0
1790097663691,1
1790097663692,0
1790097664006,1
1790097664006,0
1790097664311,1
1790097664311,0
1790097664653,1
1790097664654,0
1790097664989,1
1790097664989,0
1790097665387,1
1790097665389,0
1790097665566,1
1790097665566,0
1790097665737,1
1790097665737,0
1790097665911,1
1790097665911,0
1790097666231,1
1790097666231,0
1790097666595,1
1790097666595,0
1790097666971,1
1790097666972,0
1790097667340,1
1790097667340,0
1790097667675,1
1790097667675,0
1790097667864,1
1790097667864,0
1790097668232,1
1790097668232,0
1790097668615,1
1790097668615,0
1790097668990,1
1790097668991,0
1790097669358,1
1790097669358,0
1790097669649,1
1790097669649,0
1790097669822,1
1790097669822,0
1790097670135,1
1790097670135,0
1790097670484,1
1790097670485,0
1790097670823,1
1790097670823,0
1790097671003,1
1790097671004,0
1790097671402,1
1790097671405,0
1790097671796,1
1790097671796,0
1790097672186,1
1790097672187,0
1790097672560,1
1790097672560,0
1790097672731,1
1790097672731,0
1790097672900,1
1790097672900,0
1790097673202,1
1790097673203,0
1790097673533,1
1790097673534,0
1790097673928,1
1790097673928,0
1790097674332,1
1790097674332,0
1790097674718,1
1790097674718,0
1790097675113,1
1790097675114,0
1790097675520,1
1790097675521,0
1790097675826,1
1790097675827,0
1790097676204,1
1790097676205,0
1790097676539,1
1790097676540,0
1790097676901,1
1790097676901,0
1790097677279,1
1790097677279,0
1790097677648,1
1790097677649,0
1790097677827,1
1790097677827,0
1790097678001,1
1790097678001,0
1790097678174,1
1790097678174,0
1790097678527,1
1790097678527,0
1790097678928,1
1790097678929,0
1790097679326,1
1790097679327,0
1790097679664,1
1790097679664,0
1790097680027,1
1790097680028,0
1790097680327,1
1790097680327,0
1790097680644,1
1790097680645,0
1790097680955,1
1790097680956,0
1790097681260,1
1790097681260,0
1790097681561,1
1790097681562,0
1790097681897,1
1790097681897,0
1790097682233,1
1790097682234,0
1790097682418,1
1790097682418,0
1790097682588,1
1790097682588,0
1790097682761,1
1790097682761,0
1790097683153,1
1790097683154,0
1790097683490,1
1790097683490,0
1790097683821,1
1790097683822,0
1790097684165,1
1790097684165,0
1790097684337,1
1790097684337,0
1790097684635,1
1790097684635,0
1790097684944,1
1790097684944,0
1790097685245,1
1790097685245,0
1790097685654,1
1790097685655,0
1790097685833,1
1790097685833,0
1790097686131,1
1790097686132,0
1790097686432,1
1790097686433,0
1790097686741,1
1790097686741,0
1790097687037,1
1790097687037,0
1790097687384,1
1790097687384,0
1790097687568,1
1790097687568,0
1790097687864,1
1790097687864,0
1790097688241,0
1790097688242,0
1790097688608,1
1790097688608,0
1790097688984,1
1790097688984,0
1790097689389,1
1790097689390,0
1790097689786,1
1790097689787,0
1790097690190,1
1790097690191,0
1790097690368,1
1790097690368,0
1790097690723,1
1790097690723,0
1790097691097,1
1790097691097,0
