1790095576538,1
1790095576547,0
1790095576992,0
1790095576993,0
1790095577282,1
1790095577283,0
1790095577716,1
1790095577718,0
1790095578173,1
1790095578173,0
1790095578580,1
1790095578581,0
1790095578880,1
1790095578880,0
1790095579121,1
1790095579123,0
1790095579336,1
1790095579336,0
1790095579706,1
1790095579706,0
1790095580077,1
1790095580078,0
1790095580452,1
1790095580452,0
1790095580875,1
1790095580875,0
1790095581241,1
1790095581241,0
1790095581654,1
1790095581655,0
1790095582011,1
1790095582011,0
1790095582390,1
1790095582391,0
1790095582757,1
1790095582757,0
1790095583130,1
1790095583131,0
1790095583511,1
1790095583512,0
1790095583894,1
1790095583895,0
1790095584119,1
1790095584119,0
1790095584556,1
1790095584557,0
1790095584997,1
1790095584997,0
1790095585372,1
1790095585373,0
1790095585803,1
1790095585803,0
1790095586244,1
1790095586244,0
1790095586685,1
1790095586685,0
1790095587075,1
1790095587076,0
1790095587420,1
1790095587421,0
1790095587762,1
1790095587763,0
1790095588165,1
1790095588165,0
1790095588521,1
1790095588521,0
1790095588870,1
1790095588870,0
1790095589303,1
1790095589304,0
1790095589750,1
1790095589750,0
1790095590179,1
1790095590179,0
1790095590613,1
1790095590614,0
1790095591045,1
1790095591045,0
1790095591392,1
1790095591392,0
1790095591802,1
1790095591802,0
1790095592184,1
1790095592185,0
1790095592560,1
1790095592560,0
1790095592964,1
1790095592965,0
1790095593369,1
1790095593369,0
1790095593765,1
1790095593765,0
1790095594174,1
1790095594174,0
1790095594388,1
1790095594388,0
1790095594721,1
1790095594721,0
1790095595068,1
1790095595069,0
1790095595442,1
1790095595443,0
1790095595788,1
1790095595789,0
1790095596199,1
1790095596199,0
1790095596542,1
1790095596544,0
1790095596884,1
1790095596885,0
1790095597231,1
1790095597232,0
1790095597580,1
1790095597581,0
1790095597794,1
1790095597794,0
1790095598000,1
1790095598001,0
1790095598431,1
1790095598431,0
1790095598811,1
1790095598815,0
1790095599182,1
1790095599182,0
1790095599399,1
1790095599399,0
1790095599736,1
1790095599738,0
1790095600079,1
1790095600082,0
1790095600423,1
1790095600423,0
1790095600855,1
1790095600856,0
1790095601226,1
1790095601226,0
1790095601610,1
1790095601610,0
1790095601982,1
1790095601983,0
1790095602192,1
1790095602193,0
1790095602598,1
1790095602598,0
1790095602812,1
1790095602812,0
1790095603020,1
1790095603020,0
1790095603231,1
1790095603232,0
1790095603422,1
1790095603422,0
1790095603817,1
1790095603817,0
1790095604215,1
1790095604215,0
1790095604432,1
1790095604432,0
1790095604647,1
1790095604647,0
1790095604855,1
1790095604855,0
1790095605219,1
1790095605220,0
1790095605436,1
1790095605436,0
1790095605648,1
1790095605648,0
1790095605860,1
1790095605860,0
1790095606233,1
1790095606233,0
1790095606585,1
1790095606586,0
1790095606920,1
1790095606920,0
1790095607261,1
1790095607262,0
1790095607660,1
1790095607660,0
1790095607874,1
1790095607874,0
1790095608291,1
1790095608291,0
1790095608710,1
1790095608711,0
1790095609140,1
1790095609140,0
1790095609564,1
1790095609564,0
1790095609780,1
1790095609782,0
1790095610143,1
1790095610143,0
1790095610576,1
1790095610577,0
1790095610977,1
1790095610977,0
1790095611375,1
1790095611376,0
1790095611771,1
1790095611772,0
1790095612206,1
1790095612206,0
1790095612639,1
1790095612639,0
1790095613060,1
1790095613061,0
1790095613265,1
1790095613266,0
1790095613616,1
1790095613617,0
1790095613989,1
1790095613990,0
1790095614212,1
1790095614212,0
1790095614579,1
1790095614579,0
1790095614980,1
1790095614981,0
1790095615351,1
1790095615351,0
1790095615722,1
1790095615722,0
1790095616097,1
1790095616097,0
1790095616474,1
1790095616475,0
1790095616691,1
1790095616691,0
1790095617087,1
1790095617088,0
1790095617438,1
1790095617438,0
1790095617841,1
1790095617841,0
1790095618239,1
1790095618240,0
1790095618616,1
1790095618617,0
1790095618832,1
1790095618832,0
1790095619043,1
1790095619044,0
1790095619256,1
1790095619256,0
1790095619681,1
1790095619682,0
1790095620024,1
1790095620026,0
1790095620372,0
1790095620372,0
1790095620799,1
1790095620800,0
1790095621185,1
1790095621185,0
1790095621561,0
1790095621568,0
1790095621940,0
1790095621941,0
1790095622303,1
1790095622304,0
1790095622677,1
1790095622677,0
1790095623045,1
1790095623045,0
1790095623411,1
1790095623411,0
1790095623759,1
1790095623759,0
1790095624171,1
1790095624172,0
1790095624507,1
1790095624507,0
1790095624848,1
1790095624848,0
1790095625214,1
1790095625214,0
1790095625544,1
1790095625544,0
1790095625876,1
1790095625876,0
1790095626200,1
1790095626200,0
1790095626572,1
1790095626572,0
1790095626902,1
1790095626902,0
1790095627243,1
1790095627243,0
1790095627454,1
1790095627454,0
1790095627887,1
1790095627888,0
1790095628315,1
1790095628315,0
1790095628673,1
1790095628673,0
1790095629049,1
1790095629049,0
1790095629413,1
1790095629413,0
1790095629768,1
1790095629768,0
1790095629986,1
1790095629986,0
1790095630319,1
1790095630319,0
1790095630719,1
1790095630720,0
1790095631062,1
1790095631062,0
1790095631396,1
1790095631397,0
1790095631827,1
1790095631827,0
1790095632174,1
1790095632175,0
1790095632515,1
1790095632516,0
1790095632836,1
1790095632836,0
1790095633187,1
1790095633187,0
1790095633587,1
1790095633587,0
1790095633988,1
1790095633988,0
1790095634358,1
1790095634358,0
1790095634549,1
1790095634549,0
1790095634747,1
1790095634748,0
1790095635123,1
1790095635123,0
1790095635497,1
1790095635498,0
1790095635865,1
1790095635866,0
1790095636245,1
1790095636245,0
1790095636609,1
1790095636609,0
1790095637002,1
1790095637003,0
1790095637401,1
1790095637402,0
1790095637727,1
1790095637727,0
1790095638059,1
1790095638059,0
1790095638443,1
1790095638443,0
1790095638804,1
1790095638804,0
1790095639166,1
1790095639166,0
1790095639544,1
1790095639545,0
1790095639887,1
1790095639887,0
1790095640265,1
1790095640265,0
1790095640623,1
1790095640624,0
1790095640825,1
1790095640825,0
1790095641147,1
1790095641148,0
1790095641486,1
1790095641487,0
1790095641908,1
1790095641908,0
1790095642317,1
1790095642317,0
1790095642757,1
1790095642757,0
1790095643184,1
1790095643184,0
1790095643589,1
1790095643591,0
1790095643809,1
1790095643810,0
1790095644210,1
1790095644212,0
1790095644550,0
1790095644551,0
1790095644899,1
1790095644899,0
1790095645111,1
1790095645111,0
1790095645524,1
1790095645524,0
1790095645957,1
1790095645961,0
1790095646399,1
1790095646399,0
1790095646730,0
1790095646730,0
1790095647141,1
1790095647141,0
1790095647539,1
1790095647539,0
1790095647909,1
1790095647909,0
1790095648282,1
1790095648282,0
1790095648693,1
1790095648693,0
1790095649024,1
1790095649024,0
1790095649367,1
1790095649367,0
1790095649705,1
1790095649705,0
1790095650043,1
1790095650043,0
1790095650478,1
1790095650478,0
1790095650847,1
1790095650847,0
1790095651246,1
1790095651247,0
1790095651649,1
1790095651649,0
1790095652046,1
1790095652046,0
1790095652256,1
1790095652257,0
1790095652648,1
1790095652648,0
1790095653043,1
1790095653043,0
1790095653440,1
1790095653441,0
1790095653659,1
1790095653659,0
1790095653876,1
1790095653877,0
1790095654078,1
1790095654078,0
1790095654290,1
1790095654290,0
1790095654661,1
1790095654662,0
1790095655065,1
1790095655065,0
1790095655281,1
1790095655281,0
1790095655488,1
1790095655488,0
1790095655692,1
1790095655692,0
1790095655902,1
1790095655902,0
1790095656292,1
1790095656293,0
1790095656755,1
1790095656756,0
1790095657099,1
1790095657099,0
1790095657438,1
1790095657438,0
1790095657765,1
1790095657765,0
1790095658137,1
1790095658137,0
1790095658502,1
1790095658503,0
1790095658880,1
1790095658880,0
1790095659257,1
1790095659258,0
1790095659661,1
1790095659661,0
1790095660093,1
1790095660093,0
1790095660530,1
1790095660531,0
1790095660905,1
1790095660906,0
1790095661112,1
1790095661112,0
1790095661552,1
1790095661553,0
1790095661766,1
1790095661766,0
1790095661977,1
1790095661977,0
1790095662192,1
1790095662192,0
1790095662397,1
1790095662397,0
1790095662732,1
1790095662733,0
1790095663072,1
1790095663073,0
1790095663494,1
1790095663494,0
1790095663934,1
1790095663934,0
1790095664360,1
1790095664360,0
1790095664776,1
1790095664776,0
1790095665185,1
1790095665185,0
1790095665600,1
1790095665601,0
1790095666015,1
1790095666015,0
1790095666460,1
1790095666463,0
1790095666845,1
1790095666847,0
1790095667222,1
1790095667222,0
1790095667565,1
1790095667565,0
1790095667999,1
1790095668000,0
1790095668428,1
1790095668428,0
1790095668769,1
1790095668770,0
1790095669116,1
1790095669117,0
1790095669457,1
1790095669457,0
1790095669797,1
1790095669797,0
1790095670174,1
1790095670174,0
1790095670506,1
1790095670506,0
1790095670921,1
1790095670922,0
1790095671124,1
1790095671124,0
1790095671328,1
1790095671329,0
1790095671753,1
1790095671754,0
1790095672162,1
1790095672162,0
1790095672563,1
1790095672563,0
1790095672969,1
1790095672970,0
1790095673341,1
1790095673341,0
1790095673542,1
1790095673542,0
1790095673742,1
1790095673742,0
1790095674082,1
1790095674083,0
1790095674453,1
1790095674454,0
1790095674666,1
1790095674666,0
1790095675004,1
1790095675004,0
1790095675343,1
1790095675343,0
1790095675681,1
1790095675682,0
1790095676028,1
1790095676028,0
1790095676369,1
1790095676370,0
1790095676728,1
1790095676730,0
1790095676948,1
1790095676948,0
1790095677284,1
1790095677285,0
1790095677619,1
1790095677620,0
1790095677826,1
1790095677826,0
1790095678225,1
1790095678225,0
1790095678598,1
1790095678599,0
1790095678999,1
1790095679000,0
1790095679397,1
1790095679397,0
1790095679600,1
1790095679600,0
1790095679816,1
1790095679816,0
1790095680240,1
1790095680240,0
1790095680447,1
1790095680447,0
1790095680879,1
1790095680880,0
1790095681080,1
1790095681080,0
1790095681285,1
1790095681285,0
1790095681493,1
1790095681493,0
1790095681697,1
1790095681697,0
1790095682061,1
1790095682062,0
1790095682492,1
1790095682493,0
1790095682714,1
1790095682714,0
1790095683132,1
1790095683132,0
1790095683568,1
1790095683569,0
1790095683971,1
1790095683971,0
1790095684166,1
1790095684167,0
1790095684374,1
1790095684374,0
1790095684583,1
1790095684583,0
1790095684793,1
1790095684793,0
1790095685005,1
1790095685005,0
1790095685197,1
1790095685197,0
1790095685614,1
1790095685614,0
1790095685822,1
1790095685823,0
1790095686247,1
1790095686247,0
1790095686675,1
1790095686675,0
1790095687099,1
1790095687099,0
1790095687529,1
1790095687529,0
1790095687957,1
1790095687957,0
1790095688388,1
1790095688388,0
1790095688806,1
1790095688806,0
1790095689141,1
1790095689142,0
1790095689509,1
1790095689509,0
1790095689873,1
1790095689873,0
1790095690232,1
1790095690232,0
1790095690605,1
1790095690606,0
1790095690973,1
1790095690973,0
1790095691337,1
1790095691338,0
1790095691555,1
1790095691555,0
1790095691950,1
1790095691951,0
1790095692356,1
1790095692356,0
1790095692715,1
1790095692715,0
1790095693058,1
1790095693059,0
1790095693395,1
1790095693395,0
1790095693798,1
1790095693798,0
1790095694188,1
1790095694188,0
1790095694573,1
1790095694573,0
1790095694979,1
1790095694980,0
1790095695407,1
1790095695408,0
1790095695831,1
1790095695832,0
1790095696041,1
1790095696041,0
1790095696381,1
1790095696381,0
1790095696720,1
1790095696720,0
1790095697062,1
1790095697062,0
1790095697399,1
1790095697399,0
1790095697736,1
1790095697737,0
1790095698078,1
1790095698078,0
1790095698450,1
1790095698450,0
1790095698787,1
1790095698787,0
1790095699135,1
1790095699136,0
1790095699560,1
1790095699560,0
1790095699778,1
1790095699779,0
1790095700181,1
1790095700182,0
1790095700550,1
1790095700550,0
1790095700918,1
1790095700918,0
1790095701278,1
1790095701278,0
1790095701645,1
1790095701645,0
1790095702020,1
1790095702021,0
1790095702395,1
1790095702395,0
1790095702732,1
1790095702732,0
1790095703164,1
1790095703165,0
1790095703591,1
1790095703591,0
1790095703963,1
1790095703963,0
1790095704393,1
1790095704393,0
1790095704814,1
1790095704815,0
1790095705244,1
1790095705244,0
1790095705660,1
1790095705660,0
1790095705989,1
1790095705990,0
1790095706324,1
1790095706324,0
1790095706666,1
1790095706666,0
1790095707070,1
1790095707070,0
1790095707465,1
1790095707465,0
1790095707896,1
1790095707896,0
1790095708326,1
1790095708326,0
1790095708742,1
1790095708742,0
1790095709165,1
1790095709166,0
1790095709567,1
1790095709568,0
1790095709943,1
1790095709943,0
1790095710152,1
1790095710152,0
1790095710371,1
1790095710371,0
1790095710577,1
1790095710579,0
1790095711014,0
1790095711020,0
1790095711235,1
1790095711235,0
1790095711441,1
1790095711441,0
1790095711646,1
1790095711646,0
1790095711986,1
1790095711987,0
1790095712386,1
1790095712386,0
1790095712789,1
1790095712789,0
1790095713005,1
1790095713005,0
1790095713395,1
1790095713396,0
1790095713784,1
1790095713784,0
1790095714227,1
1790095714227,0
1790095714653,1
1790095714654,0
1790095715091,1
1790095715091,0
1790095715513,1
1790095715513,0
1790095715885,1
1790095715885,0
1790095716104,1
1790095716104,0
1790095716445,1
1790095716445,0
1790095716796,1
1790095716796,0
1790095717125,1
1790095717125,0
1790095717340,1
1790095717340,0
1790095717671,1
1790095717671,0
1790095718001,1
1790095718001,0
1790095718341,1
1790095718341,0
1790095718538,1
1790095718539,0
1790095718898,1
1790095718898,0
1790095719269,0
1790095719270,0
1790095719666,1
1790095719666,0
1790095720061,1
1790095720062,0
1790095720466,1
1790095720466,0
1790095720671,1
1790095720671,0
1790095720874,1
1790095720874,0
1790095721084,1
1790095721084,0
1790095721289,1
1790095721289,0
1790095721656,1
1790095721657,0
1790095722059,1
1790095722060,0
1790095722487,1
1790095722487,0
1790095722823,1
1790095722823,0
1790095723162,1
1790095723162,0
1790095723579,1
1790095723579,0
1790095723999,1
1790095724000,0
1790095724436,1
1790095724436,0
1790095724868,1
1790095724868,0
1790095725211,1
1790095725212,0
1790095725648,0
1790095725648,0
1790095726072,1
1790095726072,0
1790095726405,1
1790095726405,0
1790095726769,0
1790095726770,0
1790095726982,1
1790095726982,0
1790095727376,1
1790095727376,0
1790095727772,0
1790095727773,0
1790095728165,1
1790095728165,0
1790095728547,1
1790095728547,0
1790095728883,0
1790095728883,0
1790095729311,1
1790095729311,0
1790095729643,1
1790095729643,0
1790095729985,0
1790095729985,0
1790095730363,1
1790095730364,0
1790095730570,1
1790095730570,0
1790095730783,0
1790095730783,0
1790095730987,1
1790095730988,0
1790095731194,1
1790095731194,0
1790095731564,0
1790095731564,0
1790095731767,1
1790095731767,0
1790095731967,1
1790095731967,0
1790095732305,0
1790095732305,0
1790095732699,1
1790095732699,0
1790095733095,1
1790095733096,0
1790095733506,0
1790095733507,0
1790095733898,1
1790095733898,0
1790095734291,1
1790095734291,0
1790095734688,0
1790095734689,0
1790095735088,1
1790095735089,0
1790095735297,1
1790095735297,0
1790095735668,0
1790095735668,0
1790095736010,1
1790095736011,0
1790095736351,1
1790095736352,0
1790095736756,0
1790095736757,0
1790095736970,1
1790095736970,0
1790095737180,1
1790095737180,0
1790095737390,0
1790095737390,0
1790095737780,1
1790095737780,0
1790095738179,1
1790095738181,0
1790095738560,0
1790095738561,0
1790095738956,1
1790095738957,0
1790095739356,1
1790095739356,0
1790095739792,0
1790095739792,0
1790095740131,1
1790095740131,0
1790095740467,1
1790095740467,0
1790095740805,0
1790095740805,0
1790095741145,1
1790095741145,0
1790095741572,1
1790095741572,0
1790095741902,0
1790095741903,0
1790095742319,1
1790095742319,0
1790095742531,1
1790095742531,0
1790095742743,0
1790095742743,0
1790095743161,1
1790095743161,0
1790095743364,1
1790095743364,0
1790095743568,0
1790095743568,0
1790095743772,1
1790095743773,0
1790095744112,1
1790095744113,0
1790095744452,0
1790095744452,0
1790095744775,1
1790095744775,0
1790095745137,1
1790095745138,0
1790095745482,0
1790095745483,0
1790095745688,1
1790095745689,0
1790095746022,1
1790095746022,0
1790095746339,1
1790095746339,0
1790095746682,1
1790095746683,0
1790095747014,1
1790095747014,0
1790095747379,0
1790095747379,0
1790095747595,1
1790095747595,0
1790095748014,1
1790095748014,0
1790095748384,1
1790095748384,0
1790095748746,1
1790095748746,0
1790095749118,1
1790095749118,0
1790095749481,0
1790095749481,0
1790095749835,1
1790095749836,0
1790095750198,1
1790095750198,0
1790095750629,0
1790095750629,0
1790095751027,1
1790095751027,0
1790095751421,1
1790095751421,0
1790095751765,0
1790095751765,0
1790095752186,1
1790095752186,0
1790095752550,1
1790095752551,0
1790095752770,0
1790095752770,0
1790095752976,1
1790095752977,0
1790095753186,1
1790095753186,0
1790095753382,1
1790095753382,0
1790095753583,1
1790095753583,0
1790095753939,1
1790095753939,0
1790095754157,0
1790095754157,0
1790095754522,1
1790095754522,0
1790095754884,1
1790095754884,0
1790095755279,0
1790095755279,0
1790095755602,1
1790095755602,0
1790095755913,1
1790095755913,0
1790095756253,0
1790095756253,0
1790095756589,1
1790095756590,0
1790095757010,1
1790095757010,0
1790095757422,0
1790095757423,0
1790095757633,1
1790095757634,0
1790095757986,1
1790095757986,0
1790095758385,0
1790095758385,0
1790095758805,1
1790095758805,0
1790095759231,1
1790095759231,0
1790095759659,0
1790095759659,0
1790095760088,1
1790095760088,0
1790095760485,1
1790095760485,0
1790095760910,0
1790095760910,0
1790095761121,1
1790095761121,0
1790095761326,1
1790095761326,0
1790095761533,0
1790095761533,0
1790095761885,1
1790095761886,0
1790095762309,1
1790095762309,0
1790095762737,0
1790095762738,0
1790095763149,1
1790095763149,0
1790095763547,1
1790095763548,0
1790095763765,1
1790095763766,0
1790095763971,1
1790095763971,0
1790095764392,1
1790095764392,0
1790095764603,1
1790095764603,0
1790095764997,1
1790095764997,0
1790095765420,1
1790095765420,0
1790095765853,0
1790095765853,0
1790095766281,1
1790095766281,0
1790095766708,1
1790095766708,0
1790095767143,0
1790095767143,0
1790095767478,1
1790095767478,0
1790095767682,1
1790095767682,0
1790095768020,0
1790095768020,0
1790095768351,1
1790095768351,0
1790095768740,1
1790095768741,0
1790095768970,0
1790095768970,0
1790095769167,1
1790095769167,0
1790095769367,1
1790095769367,0
1790095769575,0
1790095769575,0
1790095769996,1
1790095769996,0
1790095770421,1
1790095770421,0
1790095770853,0
1790095770853,0
1790095771284,1
1790095771284,0
1790095771713,1
1790095771713,0
1790095772053,0
1790095772054,0
1790095772393,1
1790095772393,0
1790095772721,1
1790095772721,0
1790095773060,1
1790095773060,0
1790095773272,1
1790095773272,0
1790095773635,1
1790095773636,0
1790095774019,0
1790095774023,0
1790095774232,1
1790095774233,0
1790095774435,1
1790095774435,0
1790095774858,0
1790095774858,0
1790095775187,1
1790095775188,0
1790095775524,1
1790095775524,0
1790095775868,0
1790095775868,0
1790095776072,1
1790095776073,0
1790095776436,1
1790095776436,0
1790095776808,0
1790095776808,0
1790095777204,1
1790095777204,0
1790095777561,1
1790095777562,0
1790095777773,0
1790095777773,0
1790095778163,1
1790095778163,0
1790095778556,1
1790095778556,0
1790095778954,0
1790095778954,0
1790095779352,1
1790095779352,0
1790095779780,1
1790095779781,0
1790095780179,0
1790095780180,0
1790095780390,1
1790095780390,0
1790095780724,1
1790095780725,0
1790095781055,0
1790095781056,0
1790095781386,1
1790095781386,0
1790095781785,1
1790095781786,0
1790095782180,0
1790095782181,0
1790095782566,1
1790095782567,0
1790095782906,1
1790095782907,0
1790095783127,1
1790095783127,0
1790095783332,1
1790095783333,0
1790095783717,1
1790095783717,0
1790095784092,0
1790095784092,0
1790095784509,1
1790095784509,0
1790095784879,1
1790095784879,0
1790095785253,0
1790095785254,0
1790095785621,1
1790095785621,0
1790095785982,1
1790095785982,0
1790095786196,1
1790095786196,0
1790095786405,1
1790095786405,0
1790095786791,1
1790095786792,0
1790095787135,0
1790095787135,0
1790095787473,1
1790095787473,0
1790095787870,1
1790095787871,0
1790095788294,0
1790095788295,0
1790095788703,1
1790095788703,0
1790095789122,1
1790095789122,0
1790095789498,0
1790095789498,0
1790095789923,1
1790095789923,0
1790095790346,1
1790095790346,0
1790095790684,0
1790095790684,0
1790095791080,1
1790095791081,0
1790095791484,1
1790095791484,0
1790095791888,0
1790095791889,0
1790095792284,1
1790095792284,0
1790095792684,1
1790095792684,0
1790095793090,0
1790095793090,0
1790095793430,1
1790095793430,0
1790095793771,1
1790095793771,0
1790095793983,0
1790095793984,0
1790095794337,1
1790095794337,0
1790095794705,1
1790095794706,0
1790095795131,0
1790095795131,0
1790095795470,1
1790095795470,0
1790095795784,1
1790095795784,0
1790095796126,0
1790095796127,0
1790095796465,1
1790095796465,0
1790095796853,1
1790095796853,0
1790095797254,0
1790095797255,0
1790095797685,1
1790095797685,0
1790095798084,1
1790095798085,0
1790095798521,1
1790095798522,0
1790095798734,1
1790095798734,0
1790095798941,1
1790095798941,0
1790095799153,0
1790095799153,0
1790095799360,1
1790095799361,0
1790095799753,1
1790095799753,0
1790095799970,1
1790095799970,0
1790095800389,1
1790095800389,0
1790095800815,1
1790095800815,0
1790095801238,0
1790095801238,0
1790095801452,1
1790095801452,0
1790095801654,1
1790095801654,0
1790095801863,0
1790095801863,0
1790095802069,1
1790095802069,0
1790095802432,1
1790095802433,0
1790095802644,0
1790095802644,0
1790095802851,1
1790095802851,0
1790095803233,1
1790095803233,0
1790095803612,0
1790095803612,0
1790095803934,1
1790095803935,0
1790095804363,1
1790095804363,0
1790095804798,0
1790095804799,0
1790095805223,1
1790095805223,0
1790095805648,1
1790095805648,0
1790095806077,0
1790095806077,0
1790095806485,1
1790095806486,0
1790095806913,1
1790095806913,0
1790095807301,0
1790095807302,0
1790095807694,1
1790095807695,0
1790095807903,1
1790095807903,0
1790095808240,1
1790095808240,0
1790095808554,1
1790095808554,0
1790095808895,1
1790095808895,0
1790095809115,0
1790095809115,0
1790095809480,1
1790095809480,0
1790095809847,1
1790095809847,0
1790095810054,0
1790095810054,0
1790095810477,1
1790095810477,0
1790095810676,1
1790095810676,0
1790095811040,0
1790095811040,0
1790095811404,1
1790095811404,0
1790095811771,1
1790095811771,0
1790095812142,0
1790095812142,0
1790095812536,1
1790095812536,0
1790095812900,1
1790095812901,0
1790095813116,0
1790095813116,0
1790095813538,1
1790095813538,0
1790095813965,1
1790095813965,0
1790095814367,0
1790095814367,0
1790095814761,1
1790095814761,0
1790095815161,1
1790095815161,0
1790095815557,0
1790095815557,0
1790095815883,1
1790095815884,0
1790095816246,1
1790095816246,0
1790095816618,0
1790095816618,0
1790095817000,1
1790095817000,0
1790095817340,1
1790095817340,0
1790095817770,0
1790095817770,0
1790095818165,1
1790095818165,0
1790095818552,1
1790095818552,0
1790095818957,0
1790095818958,0
1790095819363,1
1790095819364,0
1790095819700,1
1790095819701,0
1790095820043,0
1790095820044,0
1790095820255,1
1790095820255,0
1790095820613,1
1790095820613,0
1790095820984,0
1790095820984,0
1790095821351,1
1790095821351,0
1790095821778,1
1790095821778,0
1790095822207,0
1790095822208,0
1790095822629,1
1790095822629,0
1790095822839,1
1790095822839,0
1790095823173,0
1790095823173,0
1790095823505,1
1790095823505,0
1790095823901,1
1790095823901,0
1790095824240,0
1790095824240,0
1790095824451,1
1790095824451,0
1790095824658,1
1790095824658,0
1790095824870,0
1790095824870,0
1790095825079,1
1790095825079,0
1790095825286,1
1790095825286,0
1790095825683,0
1790095825683,0
1790095825899,1
1790095825899,0
1790095826292,1
1790095826292,0
1790095826722,0
1790095826722,0
1790095827152,1
1790095827152,0
1790095827572,1
1790095827572,0
1790095827943,0
1790095827944,0
1790095828306,1
1790095828307,0
1790095828650,1
1790095828650,0
1790095829052,0
1790095829053,0
1790095829480,1
1790095829480,0
1790095829906,1
1790095829906,0
1790095830251,0
1790095830251,0
1790095830650,1
1790095830651,0
1790095831054,1
1790095831054,0
1790095831455,0
1790095831455,0
1790095831842,1
1790095831843,0
1790095832234,1
1790095832235,0
1790095832633,0
1790095832634,0
1790095832970,1
1790095832970,0
1790095833368,1
1790095833368,0
1790095833691,1
1790095833691,0
1790095834058,1
1790095834059,0
1790095834424,1
1790095834424,0
1790095834822,0
1790095834823,0
1790095835192,1
1790095835192,0
1790095835557,1
1790095835557,0
1790095835929,0
1790095835929,0
1790095836146,1
1790095836146,0
1790095836569,1
1790095836570,0
1790095837001,0
1790095837001,0
1790095837210,1
1790095837210,0
1790095837572,1
1790095837572,0
1790095837973,0
1790095837973,0
1790095838313,1
1790095838313,0
1790095838630,1
1790095838631,0
1790095838971,1
1790095838971,0
1790095839306,1
1790095839307,0
1790095839697,1
1790095839698,0
1790095840122,0
1790095840122,0
1790095840328,1
1790095840328,0
1790095840538,1
1790095840538,0
1790095840752,0
1790095840752,0
1790095841101,1
1790095841102,0
1790095841316,1
1790095841316,0
1790095841510,0
1790095841511,0
1790095841715,1
1790095841715,0
1790095842139,1
1790095842141,0
1790095842487,0
1790095842489,0
1790095842826,0
1790095842826,0
1790095843208,0
1790095843209,0
1790095843622,0
1790095843623,0
1790095844053,1
1790095844053,0
1790095844394,1
1790095844394,0
1790095844735,0
1790095844736,0
1790095845069,1
1790095845069,0
1790095845397,1
1790095845398,0
1790095845772,0
1790095845773,0
1790095846131,1
1790095846132,0
1790095846560,1
1790095846560,0
1790095846989,0
1790095846989,0
1790095847413,1
1790095847413,0
1790095847782,1
1790095847782,0
1790095848210,0
1790095848210,0
1790095848620,1
1790095848620,0
1790095849045,1
1790095849046,0
1790095849249,0
1790095849249,0
1790095849660,1
1790095849660,0
1790095850082,1
1790095850083,0
1790095850446,1
1790095850446,0
1790095850678,1
1790095850678,0
1790095850886,1
1790095850886,0
1790095851308,0
1790095851309,0
1790095851733,1
1790095851734,0
1790095852162,1
1790095852162,0
1790095852589,0
1790095852589,0
1790095853021,1
1790095853021,0
1790095853449,1
1790095853450,0
1790095853665,0
1790095853665,0
1790095854001,1
1790095854002,0
1790095854341,1
1790095854341,0
1790095854714,0
1790095854714,0
1790095855112,1
1790095855112,0
1790095855505,1
1790095855505,0
1790095855901,0
1790095855902,0
1790095856302,1
1790095856302,0
1790095856733,1
1790095856734,0
1790095857162,0
1790095857162,0
1790095857591,1
1790095857591,0
1790095858021,1
1790095858021,0
1790095858238,1
1790095858238,0
1790095858604,1
1790095858604,0
1790095858997,1
1790095858997,0
1790095859396,0
1790095859397,0
1790095859797,1
1790095859797,0
1790095860186,1
1790095860187,0
1790095860396,0
1790095860396,0
1790095860791,1
1790095860791,0
1790095861161,1
1790095861162,0
1790095861523,0
1790095861523,0
1790095861955,1
1790095861955,0
1790095862359,1
1790095862360,0
1790095862763,0
1790095862763,0
1790095863145,1
1790095863146,0
1790095863533,1
1790095863533,0
1790095863962,0
1790095863963,0
1790095864392,1
1790095864392,0
1790095864725,1
1790095864725,0
1790095865067,0
1790095865067,0
1790095865281,1
1790095865281,0
1790095865617,1
1790095865618,0
1790095865956,0
1790095865956,0
1790095866291,1
1790095866292,0
1790095866634,1
1790095866634,0
1790095866839,0
1790095866839,0
1790095867166,1
1790095867166,0
1790095867530,1
1790095867530,0
1790095867904,0
1790095867904,0
1790095868268,1
1790095868268,0
1790095868581,1
1790095868581,0
1790095868949,0
1790095868949,0
1790095869326,1
1790095869326,0
1790095869694,1
1790095869694,0
1790095869907,0
1790095869907,0
1790095870275,1
1790095870275,0
1790095870636,1
1790095870637,0
1790095870851,1
1790095870851,0
1790095871276,1
1790095871276,0
1790095871488,1
1790095871488,0
1790095871858,0
1790095871858,0
1790095872227,1
1790095872227,0
1790095872593,1
1790095872593,0
1790095872964,0
1790095872965,0
1790095873390,1
1790095873390,0
1790095873781,1
1790095873781,0
1790095874216,0
1790095874216,0
1790095874645,1
1790095874645,0
1790095875071,1
1790095875072,0
1790095875503,0
1790095875504,0
1790095875842,1
1790095875843,0
1790095876177,1
1790095876177,0
1790095876514,0
1790095876514,0
1790095876886,1
1790095876886,0
1790095877314,0
1790095877315,0
1790095877744,0
1790095877745,0
1790095878144,1
1790095878144,0
1790095878515,1
1790095878515,0
1790095878862,0
1790095878862,0
1790095879269,1
1790095879269,0
1790095879669,1
1790095879670,0
1790095880066,0
1790095880066,0
1790095880458,1
1790095880459,0
1790095880882,1
1790095880883,0
1790095881314,0
1790095881315,0
1790095881522,1
1790095881522,0
1790095881944,1
1790095881945,0
1790095882386,0
1790095882386,0
1790095882778,1
1790095882789,0
1790095883256,1
1790095883256,0
1790095883581,0
1790095883581,0
1790095883921,1
1790095883921,0
1790095884365,1
1790095884366,0
1790095884615,1
1790095884615,0
1790095884828,1
1790095884828,0
1790095885199,1
1790095885199,0
1790095885639,0
1790095885639,0
1790095885845,1
1790095885845,0
1790095886249,1
1790095886250,0
1790095886661,0
1790095886662,0
1790095887094,1
1790095887094,0
1790095887520,1
1790095887520,0
1790095887737,0
1790095887737,0
1790095888127,1
1790095888128,0
1790095888531,1
1790095888532,0
1790095888896,0
1790095888896,0
1790095889252,1
1790095889252,0
1790095889678,1
1790095889678,0
1790095889879,1
1790095889879,0
1790095890078,1
1790095890079,0
1790095890274,1
1790095890274,0
1790095890598,0
1790095890598,0
1790095890797,1
1790095890798,0
1790095890999,1
1790095890999,0
1790095891210,0
1790095891210,0
1790095891601,1
1790095891601,0
1790095891957,1
1790095891957,0
1790095892379,0
1790095892379,0
1790095892804,1
1790095892804,0
1790095893228,1
1790095893228,0
1790095893637,0
1790095893637,0
1790095894009,1
1790095894009,0
1790095894440,1
1790095894440,0
1790095894813,0
1790095894813,0
1790095895238,1
1790095895238,0
1790095895673,1
1790095895673,0
1790095896050,0
1790095896051,0
1790095896263,1
1790095896263,0
1790095896468,1
1790095896468,0
1790095896681,1
1790095896681,0
1790095896887,1
1790095896887,0
1790095897090,1
1790095897090,0
1790095897314,0
1790095897314,0
1790095897521,1
1790095897521,0
1790095897725,1
1790095897725,0
1790095898114,0
1790095898115,0
1790095898328,1
1790095898328,0
1790095898518,1
1790095898518,0
1790095898727,0
1790095898727,0
1790095898920,1
1790095898920,0
1790095899292,1
1790095899292,0
1790095899715,0
1790095899715,0
1790095899927,1
1790095899927,0
1790095900319,1
1790095900319,0
1790095900718,0
1790095900718,0
1790095901057,1
1790095901058,0
1790095901384,1
1790095901384,0
1790095901713,0
1790095901713,0
1790095902037,1
1790095902037,0
1790095902241,1
1790095902241,0
1790095902601,0
1790095902601,0
1790095902971,1
1790095902971,0
1790095903367,1
1790095903367,0
1790095903693,0
1790095903693,0
1790095904062,1
1790095904062,0
1790095904276,1
1790095904276,0
1790095904487,0
1790095904487,0
1790095904696,1
1790095904696,0
1790095904897,1
1790095904897,0
1790095905308,0
1790095905308,0
1790095905520,1
1790095905520,0
1790095905941,1
1790095905941,0
1790095906342,0
1790095906342,0
1790095906735,1
1790095906735,0
1790095907069,1
1790095907069,0
1790095907411,0
1790095907411,0
1790095907749,1
1790095907750,0
1790095908083,1
1790095908083,0
1790095908421,0
1790095908421,0
1790095908840,1
1790095908840,0
1790095909265,1
1790095909265,0
1790095909698,0
1790095909699,0
1790095910065,1
1790095910065,0
1790095910278,1
1790095910278,0
1790095910488,0
1790095910488,0
1790095910695,1
1790095910695,0
1790095910904,1
1790095910905,0
1790095911112,0
1790095911112,0
1790095911524,1
1790095911525,0
1790095911924,1
1790095911924,0
1790095912324,0
1790095912325,0
1790095912753,1
1790095912754,0
1790095913174,1
1790095913174,0
1790095913391,0
1790095913391,0
1790095913718,1
1790095913718,0
1790095914048,1
1790095914049,0
1790095914396,0
1790095914396,0
1790095914804,1
1790095914804,0
1790095915162,1
1790095915163,0
1790095915534,0
1790095915534,0
1790095915899,1
1790095915899,0
1790095916261,1
1790095916261,0
1790095916688,0
1790095916688,0
1790095917104,1
1790095917104,0
1790095917517,1
1790095917517,0
1790095917929,0
1790095917929,0
1790095918343,1
1790095918343,0
1790095918656,1
1790095918656,0
1790095919007,0
1790095919007,0
1790095919373,1
1790095919373,0
1790095919794,1
1790095919794,0
1790095920212,0
1790095920213,0
1790095920638,1
1790095920638,0
1790095920968,1
1790095920968,0
1790095921303,0
1790095921303,0
1790095921637,1
1790095921638,0
1790095922059,1
1790095922059,0
1790095922386,0
1790095922386,0
1790095922722,1
1790095922722,0
1790095923115,1
1790095923115,0
1790095923498,0
1790095923498,0
1790095923814,1
1790095923814,0
1790095924208,1
1790095924208,0
1790095924611,0
1790095924611,0
1790095924984,1
1790095924984,0
1790095925365,1
1790095925366,0
1790095925707,0
1790095925707,0
1790095925901,1
1790095925901,0
1790095926093,1
1790095926093,0
1790095926301,0
1790095926301,0
1790095926480,1
1790095926480,0
1790095926895,1
1790095926895,0
1790095927265,0
1790095927266,0
1790095927615,1
1790095927615,0
1790095927976,1
1790095927976,0
1790095928382,0
1790095928383,0
1790095928701,1
1790095928701,0
1790095929042,1
1790095929042,0
1790095929448,0
1790095929448,0
1790095929639,1
1790095929639,0
1790095930021,1
1790095930022,0
1790095930366,0
1790095930366,0
1790095930700,1
1790095930700,0
1790095931032,1
1790095931032,0
1790095931376,0
1790095931376,0
1790095931594,1
1790095931594,0
1790095931958,1
1790095931958,0
1790095932359,0
1790095932359,0
1790095932694,1
1790095932695,0
1790095933039,1
1790095933039,0
1790095933428,0
1790095933428,0
1790095933635,1
1790095933635,0
1790095933841,1
1790095933841,0
1790095934056,0
1790095934056,0
1790095934407,1
1790095934407,0
1790095934829,1
1790095934830,0
1790095935258,0
1790095935258,0
1790095935585,1
1790095935585,0
1790095936014,1
1790095936014,0
1790095936352,0
1790095936353,0
1790095936688,1
1790095936688,0
1790095937030,1
1790095937030,0
1790095937373,0
1790095937373,0
1790095937711,1
1790095937712,0
1790095938051,1
1790095938051,0
1790095938261,0
1790095938261,0
1790095938573,0
1790095938573,0
1790095938911,1
1790095938912,0
1790095939256,0
1790095939257,0
1790095939651,1
1790095939651,0
1790095939866,1
1790095939867,0
1790095940075,0
1790095940075,0
1790095940280,1
1790095940280,0
1790095940671,1
1790095940671,0
1790095940879,0
1790095940879,0
1790095941082,1
1790095941082,0
1790095941441,1
1790095941442,0
1790095941815,0
1790095941816,0
1790095942232,1
1790095942232,0
1790095942577,1
1790095942577,0
1790095942935,0
1790095942935,0
1790095943301,1
1790095943301,0
1790095943643,1
1790095943644,0
1790095943980,0
1790095943981,0
1790095944381,1
1790095944381,0
1790095944708,1
1790095944708,0
1790095944904,0
1790095944904,0
1790095945106,1
1790095945106,0
1790095945291,1
1790095945291,0
1790095945702,1
1790095945703,0
1790095946124,1
1790095946125,0
1790095946542,1
1790095946543,0
1790095946978,0
1790095946979,0
1790095947309,1
1790095947309,0
1790095947631,1
1790095947631,0
1790095948006,0
1790095948006,0
1790095948364,1
1790095948364,0
1790095948686,1
1790095948686,0
1790095949018,0
1790095949018,0
1790095949361,1
1790095949361,0
1790095949691,1
1790095949691,0
1790095950031,0
1790095950031,0
1790095950372,1
1790095950372,0
1790095950709,1
1790095950709,0
1790095951138,0
1790095951139,0
1790095951560,1
1790095951560,0
1790095951987,1
1790095951987,0
1790095952357,0
1790095952357,0
1790095952565,1
1790095952565,0
1790095952770,1
1790095952770,0
1790095952977,0
1790095952977,0
1790095953309,1
1790095953309,0
1790095953650,1
1790095953650,0
1790095954016,0
1790095954017,0
1790095954229,1
1790095954229,0
1790095954563,1
1790095954564,0
1790095955004,0
1790095955005,0
1790095955403,1
1790095955403,0
1790095955799,1
1790095955799,0
1790095956192,0
1790095956192,0
1790095956591,1
1790095956592,0
1790095956803,1
1790095956803,0
1790095957230,0
1790095957230,0
1790095957444,1
1790095957444,0
1790095957836,1
1790095957836,0
1790095958236,0
1790095958236,0
1790095958429,1
1790095958429,0
1790095958750,1
1790095958750,0
1790095959103,1
1790095959103,0
1790095959429,1
1790095959429,0
1790095959857,1
1790095959857,0
1790095960286,0
1790095960286,0
1790095960710,1
1790095960710,0
1790095960922,1
1790095960922,0
1790095961251,0
1790095961251,0
1790095961587,1
1790095961587,0
1790095961798,1
1790095961798,0
1790095962000,0
1790095962000,0
1790095962206,1
1790095962206,0
1790095962409,1
1790095962409,0
1790095962831,0
1790095962831,0
1790095963223,1
1790095963223,0
1790095963419,1
1790095963419,0
1790095963751,0
1790095963751,0
1790095964084,1
1790095964084,0
1790095964505,1
1790095964506,0
1790095964719,0
1790095964719,0
1790095964925,1
1790095964925,0
1790095965136,1
1790095965136,0
1790095965564,0
1790095965564,0
1790095965780,1
1790095965780,0
1790095965982,1
1790095965982,0
1790095966373,0
1790095966373,0
1790095966796,1
1790095966797,0
1790095967123,1
1790095967123,0
1790095967472,0
1790095967472,0
1790095967814,1
1790095967815,0
1790095968146,1
1790095968147,0
1790095968490,0
1790095968491,0
1790095968831,1
1790095968831,0
1790095969045,1
1790095969045,0
1790095969483,0
1790095969484,0
1790095969821,1
1790095969821,0
1790095970159,1
1790095970159,0
1790095970375,1
1790095970375,0
1790095970577,1
1790095970577,0
1790095970780,1
1790095970780,0
1790095970981,0
1790095970981,0
1790095971399,1
1790095971400,0
1790095971823,1
1790095971824,0
1790095972256,1
1790095972257,0
1790095972653,1
1790095972654,0
1790095973045,1
1790095973045,0
1790095973263,1
1790095973264,0
1790095973635,1
1790095973635,0
1790095974030,1
1790095974030,0
1790095974434,0
1790095974434,0
1790095974830,1
1790095974831,0
1790095975199,1
1790095975199,0
1790095975604,0
1790095975604,0
1790095975994,1
1790095975994,0
1790095976208,1
1790095976208,0
1790095976419,0
1790095976419,0
1790095976629,1
1790095976629,0
1790095976830,1
1790095976830,0
1790095977040,1
1790095977040,0
1790095977245,1
1790095977246,0
1790095977632,1
1790095977632,0
1790095977848,0
1790095977848,0
1790095978056,1
1790095978056,0
1790095978390,1
1790095978390,0
1790095978586,0
1790095978587,0
1790095978976,1
1790095978976,0
1790095979347,1
1790095979347,0
1790095979705,1
1790095979705,0
1790095980085,1
1790095980085,0
1790095980452,1
1790095980453,0
1790095980669,0
1790095980669,0
1790095980877,1
1790095980877,0
1790095981302,1
1790095981303,0
1790095981731,0
1790095981731,0
1790095982161,1
1790095982161,0
1790095982372,1
1790095982372,0
1790095982715,0
1790095982715,0
1790095983058,1
1790095983058,0
1790095983393,1
1790095983393,0
1790095983782,0
1790095983782,0
1790095983992,1
1790095983992,0
1790095984200,1
1790095984200,0
1790095984622,0
1790095984623,0
1790095985027,1
1790095985028,0
1790095985390,1
1790095985391,0
1790095985795,0
1790095985795,0
1790095986194,1
1790095986194,0
1790095986593,1
1790095986593,0
1790095986999,0
1790095987000,0
1790095987396,1
1790095987397,0
1790095987735,1
1790095987736,0
1790095988139,0
1790095988140,0
1790095988571,1
1790095988572,0
1790095989002,1
1790095989003,0
1790095989351,0
1790095989352,0
1790095989562,1
1790095989562,0
1790095989768,1
1790095989768,0
1790095989976,0
1790095989976,0
1790095990180,1
1790095990181,0
1790095990602,1
1790095990602,0
1790095991041,0
1790095991041,0
1790095991413,1
1790095991414,0
1790095991803,1
1790095991803,0
1790095992018,0
1790095992019,0
1790095992383,1
1790095992383,0
1790095992752,1
1790095992752,0
1790095993119,0
1790095993119,0
1790095993479,1
1790095993480,0
1790095993905,1
1790095993905,0
1790095994249,0
1790095994249,0
1790095994586,1
1790095994586,0
1790095994987,1
1790095994988,0
1790095995387,0
1790095995387,0
1790095995712,1
1790095995712,0
1790095996083,1
1790095996083,0
1790095996459,0
1790095996460,0
1790095996828,1
1790095996828,0
1790095997169,1
1790095997169,0
1790095997589,0
1790095997589,0
1790095998021,1
1790095998022,0
1790095998443,1
1790095998443,0
1790095998869,0
1790095998870,0
1790095999295,1
1790095999296,0
1790095999505,1
1790095999505,0
1790095999709,0
1790095999709,0
1790095999911,1
1790095999911,0
1790096000121,1
1790096000121,0
1790096000521,0
1790096000522,0
1790096000940,1
1790096000941,0
1790096001149,1
1790096001149,0
1790096001515,0
1790096001516,0
1790096001885,1
1790096001885,0
1790096002092,1
1790096002092,0
1790096002513,0
1790096002513,0
1790096002936,1
1790096002937,0
1790096003345,1
1790096003345,0
1790096003539,0
1790096003539,0
1790096003931,1
1790096003932,0
1790096004324,1
1790096004324,0
1790096004747,0
1790096004747,0
1790096004959,1
1790096004959,0
1790096005381,1
1790096005382,0
1790096005815,0
1790096005815,0
1790096006245,1
1790096006245,0
1790096006670,1
1790096006670,0
1790096007103,0
1790096007103,0
1790096007531,1
1790096007531,0
1790096007868,1
1790096007868,0
1790096008295,0
1790096008295,0
1790096008697,1
1790096008697,0
1790096009126,1
1790096009127,0
1790096009530,0
1790096009531,0
1790096009871,1
1790096009872,0
1790096010203,1
1790096010204,0
1790096010545,0
1790096010545,0
1790096010757,1
1790096010757,0
1790096011094,1
1790096011095,0
1790096011439,0
1790096011439,0
1790096011867,1
1790096011868,0
1790096012081,1
1790096012081,0
1790096012422,0
1790096012423,0
1790096012639,1
1790096012639,0
1790096012847,1
1790096012847,0
1790096013056,0
1790096013056,0
1790096013251,1
1790096013251,0
1790096013589,1
1790096013589,0
1790096013802,0
1790096013803,0
1790096014134,1
1790096014134,0
1790096014474,1
1790096014474,0
1790096014818,0
1790096014818,0
1790096015219,1
1790096015219,0
1790096015557,1
1790096015557,0
1790096015900,1
1790096015901,0
1790096016241,1
1790096016241,0
1790096016578,1
1790096016578,0
1790096016982,0
1790096016982,0
1790096017380,1
1790096017380,0
1790096017595,1
1790096017595,0
1790096017959,0
1790096017960,0
1790096018172,1
1790096018172,0
1790096018588,1
1790096018589,0
1790096019013,0
1790096019014,0
1790096019440,1
1790096019441,0
1790096019869,1
1790096019869,0
1790096020206,0
1790096020207,0
1790096020571,1
1790096020571,0
1790096020913,1
1790096020913,0
1790096021283,0
1790096021284,0
1790096021645,1
1790096021645,0
1790096022067,1
1790096022067,0
1790096022440,0
1790096022440,0
1790096022804,1
1790096022805,0
1790096023168,1
1790096023168,0
1790096023497,0
1790096023497,0
1790096023919,1
1790096023920,0
1790096024344,1
1790096024344,0
1790096024716,0
1790096024716,0
1790096024929,1
1790096024929,0
1790096025253,1
1790096025254,0
1790096025690,0
1790096025690,0
1790096026111,1
1790096026111,0
1790096026527,1
1790096026527,0
1790096026962,0
1790096026962,0
1790096027297,1
1790096027298,0
1790096027696,1
1790096027696,0
1790096027909,0
1790096027909,0
1790096028325,1
1790096028325,0
1790096028725,1
1790096028725,0
1790096029094,0
1790096029094,0
1790096029309,1
1790096029309,0
1790096029510,1
1790096029510,0
1790096029722,0
1790096029722,0
1790096030140,1
1790096030140,0
1790096030566,1
1790096030567,0
1790096030998,0
1790096030999,0
1790096031402,1
1790096031402,0
1790096031829,1
1790096031829,0
1790096032263,0
1790096032263,0
1790096032688,1
1790096032689,0
1790096033115,1
1790096033115,0
1790096033551,0
1790096033551,0
1790096033982,1
1790096033983,0
1790096034350,1
1790096034351,0
1790096034689,0
1790096034690,0
1790096034900,1
1790096034900,0
1790096035316,1
1790096035316,0
1790096035745,0
1790096035745,0
1790096036106,1
1790096036106,0
1790096036471,1
1790096036471,0
1790096036834,0
1790096036834,0
1790096037188,1
1790096037188,0
1790096037579,1
1790096037579,0
1790096037919,0
1790096037919,0
1790096038250,1
1790096038250,0
1790096038629,1
1790096038629,0
1790096038974,0
1790096038977,0
1790096039314,1
1790096039316,0
1790096039718,1
1790096039719,0
1790096040116,0
1790096040116,0
1790096040508,1
1790096040508,0
1790096040890,1
1790096040890,0
1790096041256,0
1790096041257,0
1790096041620,1
1790096041620,0
1790096042015,1
1790096042016,0
1790096042382,0
1790096042382,0
1790096042752,1
1790096042752,0
1790096043181,1
1790096043181,0
1790096043575,0
1790096043575,0
1790096043969,1
1790096043969,0
1790096044371,1
1790096044372,0
1790096044733,0
1790096044734,0
1790096045128,1
1790096045129,0
1790096045512,1
1790096045512,0
1790096045729,0
1790096045730,0
1790096045937,1
1790096045937,0
1790096046331,1
1790096046332,0
1790096046681,0
1790096046681,0
1790096047011,1
1790096047011,0
1790096047346,1
1790096047346,0
1790096047689,0
1790096047689,0
1790096048057,0
1790096048058,0
1790096048270,1
1790096048270,0
1790096048582,0
1790096048583,0
1790096048983,1
1790096048983,0
1790096049379,1
1790096049379,0
1790096049753,0
1790096049753,0
1790096049964,1
1790096049964,0
1790096050171,1
1790096050171,0
1790096050379,0
1790096050380,0
1790096050800,1
1790096050800,0
1790096051168,1
1790096051168,0
1790096051544,0
1790096051544,0
1790096051748,1
1790096051748,0
1790096051954,1
1790096051955,0
1790096052346,1
1790096052347,0
1790096052683,1
1790096052684,0
1790096053024,1
1790096053024,0
1790096053357,0
1790096053358,0
1790096053679,1
1790096053679,0
1790096054017,1
1790096054017,0
1790096054420,0
1790096054420,0
1790096054759,1
1790096054759,0
1790096054960,1
1790096054960,0
1790096055167,0
1790096055167,0
1790096055592,1
1790096055592,0
1790096055959,1
1790096055959,0
1790096056326,0
1790096056326,0
1790096056691,1
1790096056691,0
1790096057121,1
1790096057121,0
1790096057523,0
1790096057524,0
1790096057924,1
1790096057925,0
1790096058263,1
1790096058263,0
1790096058450,1
1790096058450,0
1790096058774,1
1790096058774,0
1790096059168,1
1790096059169,0
1790096059572,0
1790096059572,0
1790096059968,1
1790096059968,0
1790096060359,1
1790096060360,0
1790096060792,0
1790096060792,0
1790096061188,1
1790096061189,0
1790096061555,1
1790096061555,0
1790096061768,0
1790096061768,0
1790096061981,1
1790096061981,0
1790096062189,1
1790096062189,0
1790096062552,1
1790096062552,0
1790096062916,1
1790096062916,0
1790096063287,1
1790096063287,0
1790096063474,0
1790096063474,0
1790096063804,1
1790096063805,0
1790096064146,1
1790096064146,0
1790096064514,0
1790096064514,0
1790096064722,1
1790096064722,0
1790096065141,1
1790096065141,0
1790096065539,0
1790096065540,0
1790096065937,1
1790096065938,0
1790096066331,1
1790096066331,0
1790096066732,0
1790096066732,0
1790096067071,1
1790096067071,0
1790096067500,1
1790096067500,0
1790096067922,0
1790096067923,0
1790096068235,1
1790096068235,0
1790096068557,1
1790096068557,0
1790096068960,0
1790096068960,0
1790096069329,1
1790096069329,0
1790096069697,1
1790096069697,0
1790096070074,0
1790096070074,0
1790096070481,1
1790096070482,0
1790096070878,1
1790096070879,0
1790096071278,0
1790096071278,0
1790096071645,1
1790096071645,0
1790096071854,1
1790096071854,0
1790096072215,0
1790096072216,0
1790096072430,1
1790096072430,0
1790096072639,1
1790096072639,0
1790096072851,0
1790096072851,0
1790096073057,1
1790096073057,0
1790096073261,1
1790096073261,0
1790096073608,0
1790096073608,0
1790096073965,1
1790096073966,0
1790096074334,1
1790096074334,0
1790096074707,0
1790096074707,0
1790096075037,1
1790096075037,0
1790096075371,1
1790096075371,0
1790096075708,0
1790096075709,0
1790096076046,1
1790096076047,0
1790096076412,1
1790096076413,0
1790096076815,0
1790096076815,0
1790096077211,1
1790096077211,0
1790096077609,1
1790096077610,0
1790096078042,0
1790096078042,0
1790096078466,1
1790096078466,0
1790096078855,1
1790096078855,0
1790096079260,0
1790096079260,0
1790096079653,1
1790096079653,0
1790096080038,1
1790096080038,0
1790096080436,0
1790096080436,0
1790096080829,1
1790096080829,0
1790096081227,1
1790096081227,0
1790096081658,0
1790096081658,0
1790096082085,1
1790096082086,0
1790096082416,1
1790096082416,0
1790096082757,0
1790096082758,0
1790096083096,1
1790096083096,0
1790096083431,1
1790096083432,0
1790096083640,0
1790096083641,0
1790096084056,1
1790096084056,0
1790096084472,1
1790096084472,0
1790096084900,0
1790096084900,0
1790096085290,1
1790096085290,0
1790096085687,1
1790096085688,0
1790096085898,0
1790096085899,0
1790096086106,1
1790096086106,0
1790096086306,1
1790096086306,0
1790096086513,1
1790096086513,0
1790096086846,1
1790096086847,0
1790096087186,1
1790096087187,0
1790096087593,0
1790096087593,0
1790096087930,1
1790096087931,0
1790096088274,1
1790096088274,0
1790096088621,0
1790096088621,0
1790096088836,1
1790096088837,0
1790096089042,1
1790096089042,0
1790096089257,0
1790096089257,0
1790096089652,1
1790096089652,0
1790096090076,1
1790096090076,0
1790096090502,0
1790096090503,0
1790096090845,1
1790096090845,0
1790096091050,1
1790096091050,0
1790096091262,0
1790096091263,0
1790096091468,1
1790096091468,0
1790096091675,1
1790096091675,0
1790096091887,0
1790096091887,0
1790096092092,1
1790096092092,0
1790096092297,1
1790096092297,0
1790096092724,0
1790096092724,0
1790096093116,1
1790096093116,0
1790096093454,1
1790096093454,0
1790096093789,0
1790096093790,0
1790096094113,1
1790096094113,0
1790096094541,1
1790096094541,0
1790096094962,0
1790096094962,0
1790096095394,1
1790096095394,0
1790096095793,1
1790096095794,0
1790096096128,0
1790096096130,0
1790096096472,0
1790096096474,0
1790096096901,0
1790096096901,0
1790096097237,0
1790096097237,0
1790096097655,1
1790096097655,0
1790096098049,1
1790096098049,0
1790096098450,0
1790096098450,0
1790096098844,1
1790096098844,0
1790096099245,1
1790096099245,0
1790096099646,0
1790096099647,0
1790096100049,1
1790096100049,0
1790096100389,1
1790096100389,0
1790096100731,0
1790096100731,0
1790096101065,1
1790096101065,0
1790096101498,1
1790096101498,0
1790096101838,0
1790096101838,0
1790096102176,1
1790096102176,0
1790096102512,1
1790096102513,0
1790096102730,0
1790096102730,0
1790096103118,1
1790096103119,0
1790096103517,1
1790096103518,0
1790096103886,0
1790096103886,0
1790096104310,1
1790096104310,0
1790096104740,1
1790096104740,0
1790096104957,0
1790096104957,0
1790096105165,1
1790096105165,0
1790096105376,1
1790096105376,0
1790096105585,0
1790096105585,0
1790096105940,1
1790096105940,0
1790096106276,1
1790096106276,0
1790096106681,0
1790096106681,0
1790096107018,1
1790096107018,0
1790096107355,1
1790096107355,0
1790096107752,0
1790096107752,0
1790096108088,1
1790096108089,0
1790096108427,1
1790096108427,0
1790096108760,0
1790096108761,0
1790096109186,1
1790096109186,0
1790096109571,1
1790096109572,0
1790096109975,0
1790096109975,0
1790096110348,1
1790096110348,0
1790096110559,1
1790096110559,0
1790096110955,0
1790096110955,0
1790096111323,0
1790096111324,0
1790096111692,1
1790096111693,0
1790096112063,0
1790096112064,0
1790096112416,1
1790096112417,0
1790096112840,1
1790096112840,0
1790096113214,0
1790096113214,0
1790096113603,1
1790096113603,0
1790096113806,1
1790096113806,0
1790096114006,0
1790096114006,0
1790096114213,1
1790096114213,0
1790096114634,1
1790096114634,0
1790096115063,0
1790096115063,0
1790096115482,1
1790096115482,0
1790096115817,1
1790096115817,0
1790096116156,0
1790096116156,0
1790096116489,1
1790096116489,0
1790096116703,1
1790096116703,0
1790096117106,0
1790096117106,0
1790096117316,1
1790096117316,0
1790096117675,1
1790096117676,0
1790096118045,0
1790096118046,0
1790096118409,1
1790096118409,0
1790096118759,1
1790096118759,0
1790096119190,0
1790096119191,0
1790096119554,1
1790096119554,0
1790096119985,1
1790096119985,0
1790096120327,0
1790096120327,0
1790096120655,1
1790096120655,0
1790096121028,1
1790096121028,0
1790096121452,0
1790096121453,0
1790096121870,1
1790096121870,0
1790096122268,1
1790096122268,0
1790096122626,0
1790096122626,0
1790096122959,1
1790096122960,0
1790096123295,1
1790096123295,0
1790096123674,0
1790096123674,0
1790096124112,1
1790096124112,0
1790096124497,1
1790096124497,0
1790096124926,0
1790096124926,0
1790096125336,1
1790096125336,0
1790096125752,1
1790096125752,0
1790096126170,0
1790096126170,0
1790096126598,1
1790096126598,0
1790096126803,1
1790096126803,0
1790096127228,0
1790096127228,0
1790096127589,1
1790096127589,0
1790096127953,1
1790096127953,0
1790096128353,0
1790096128353,0
1790096128768,1
1790096128769,0
1790096129211,1
1790096129212,0
1790096129650,0
1790096129651,0
1790096130039,1
1790096130040,0
1790096130370,1
1790096130370,0
1790096130694,0
1790096130694,0
1790096131020,1
1790096131020,0
1790096131365,1
1790096131365,0
1790096131747,0
1790096131747,0
1790096132155,1
1790096132155,0
1790096132564,1
1790096132565,0
1790096132964,0
1790096132964,0
1790096133358,1
1790096133358,0
1790096133680,1
1790096133680,0
1790096134086,0
1790096134086,0
1790096134278,1
1790096134279,0
1790096134672,1
1790096134672,0
1790096135075,0
1790096135075,0
1790096135482,1
1790096135482,0
1790096135874,1
1790096135874,0
1790096136267,0
1790096136267,0
1790096136673,1
1790096136674,0
1790096137014,1
1790096137015,0
1790096137233,0
1790096137234,0
1790096137434,1
1790096137434,0
1790096137781,1
1790096137781,0
1790096138151,0
1790096138151,0
1790096138588,1
1790096138588,0
1790096138939,1
1790096138939,0
1790096139271,1
1790096139279,0
1790096139598,1
1790096139599,0
1790096139945,1
1790096139946,0
1790096140162,0
1790096140162,0
1790096140362,1
1790096140363,0
1790096140771,1
1790096140771,0
1790096141170,0
1790096141170,0
1790096141584,1
1790096141584,0
1790096141999,1
1790096142000,0
1790096142409,0
1790096142410,0
1790096142820,1
1790096142820,0
1790096143209,1
1790096143210,0
1790096143611,0
1790096143612,0
1790096143958,1
1790096143959,0
1790096144294,1
1790096144294,0
1790096144511,0
1790096144511,0
1790096144950,1
1790096144950,0
1790096145325,1
1790096145326,0
1790096145695,0
1790096145695,0
1790096146056,1
1790096146056,0
1790096146442,1
1790096146443,0
1790096146810,0
1790096146810,0
1790096147192,1
1790096147192,0
1790096147418,1
1790096147418,0
1790096147841,0
1790096147841,0
1790096148048,1
1790096148048,0
1790096148251,1
1790096148251,0
1790096148442,0
1790096148442,0
1790096148874,1
1790096148874,0
1790096149317,1
1790096149317,0
1790096149749,0
1790096149749,0
1790096150195,1
1790096150195,0
1790096150594,1
1790096150594,0
1790096150992,0
1790096150993,0
1790096151385,1
1790096151386,0
1790096151825,1
1790096151825,0
1790096152200,0
1790096152200,0
1790096152403,1
1790096152403,0
1790096152604,1
1790096152604,0
1790096152812,0
1790096152812,0
1790096153033,1
1790096153033,0
1790096153376,1
1790096153393,0
1790096153924,0
1790096153925,0
1790096154359,1
1790096154359,0
1790096154933,1
1790096154935,0
1790096155391,1
1790096155391,0
1790096155819,1
1790096155819,0
1790096156198,1
1790096156199,0
1790096156580,0
1790096156580,0
1790096156966,1
1790096156966,0
1790096157177,1
1790096157177,0
1790096157604,0
1790096157604,0
1790096158033,1
1790096158033,0
1790096158382,1
1790096158382,0
1790096158715,0
1790096158715,0
1790096158928,1
1790096158928,0
1790096159288,1
1790096159288,0
1790096159661,0
1790096159661,0
1790096160024,1
1790096160024,0
1790096160403,1
1790096160403,0
1790096160611,1
1790096160611,0
1790096160919,1
1790096160919,0
1790096161347,1
1790096161347,0
1790096161676,0
1790096161676,0
1790096162016,1
1790096162016,0
1790096162347,1
1790096162347,0
1790096162684,0
1790096162685,0
1790096163018,1
1790096163018,0
1790096163356,1
1790096163356,0
1790096163678,0
1790096163678,0
1790096164101,1
1790096164102,0
1790096164528,1
1790096164528,0
1790096164871,0
1790096164872,0
1790096165307,1
1790096165307,0
1790096165692,1
1790096165692,0
1790096166123,0
1790096166124,0
1790096166547,1
1790096166547,0
1790096166986,1
1790096166986,0
1790096167419,0
1790096167420,0
1790096167776,1
1790096167776,0
1790096168114,1
1790096168114,0
1790096168491,0
1790096168492,0
1790096168933,1
1790096168933,0
1790096169370,1
1790096169370,0
1790096169747,0
1790096169747,0
1790096170141,1
1790096170141,0
1790096170533,1
1790096170533,0
1790096170939,0
1790096170939,0
1790096171305,1
1790096171305,0
1790096171521,1
1790096171521,0
1790096171739,1
1790096171739,0
1790096172126,1
1790096172126,0
1790096172354,1
1790096172354,0
1790096172782,0
1790096172782,0
1790096173118,1
1790096173118,0
1790096173469,1
1790096173469,0
1790096173813,0
1790096173813,0
1790096174166,1
1790096174166,0
1790096174392,1
1790096174392,0
1790096174728,0
1790096174728,0
1790096174939,1
1790096174939,0
1790096175313,1
1790096175313,0
1790096175667,0
1790096175667,0
1790096176020,1
1790096176020,0
1790096176423,1
1790096176423,0
1790096176825,0
1790096176825,0
1790096177225,1
1790096177225,0
1790096177640,1
1790096177640,0
1790096178014,0
1790096178014,0
1790096178393,1
1790096178393,0
1790096178770,1
1790096178770,0
1790096179196,0
1790096179196,0
1790096179601,1
1790096179601,0
1790096179822,1
1790096179822,0
1790096180028,0
1790096180028,0
1790096180246,1
1790096180246,0
1790096180462,1
1790096180462,0
1790096180881,0
1790096180881,0
1790096181289,1
1790096181290,0
1790096181634,1
1790096181634,0
1790096182064,0
1790096182065,0
1790096182493,1
1790096182493,0
1790096182844,1
1790096182844,0
1790096183222,0
1790096183222,0
1790096183588,1
1790096183588,0
1790096183936,1
1790096183936,0
1790096184372,0
1790096184373,0
1790096184726,1
1790096184726,0
1790096185080,1
1790096185080,0
1790096185517,0
1790096185517,0
1790096185724,1
1790096185724,0
1790096185942,1
1790096185942,0
1790096186276,0
1790096186277,0
1790096186613,1
1790096186613,0
1790096186963,1
1790096186963,0
1790096187310,0
1790096187311,0
1790096187691,1
1790096187691,0
1790096188033,1
1790096188033,0
1790096188400,0
1790096188400,0
1790096188594,1
1790096188594,0
1790096188807,1
1790096188807,0
1790096189181,0
1790096189181,0
1790096189610,1
1790096189611,0
1790096190033,1
1790096190033,0
1790096190461,0
1790096190461,0
1790096190847,1
1790096190848,0
1790096191198,1
1790096191199,0
1790096191542,0
1790096191542,0
1790096191967,1
1790096191967,0
1790096192401,1
1790096192402,0
1790096192840,0
1790096192840,0
1790096193051,1
1790096193052,0
1790096193252,1
1790096193252,0
1790096193448,0
1790096193449,0
1790096193667,1
1790096193667,0
1790096194099,1
1790096194099,0
1790096194314,0
1790096194314,0
1790096194704,1
1790096194704,0
1790096195116,1
1790096195117,0
1790096195523,0
1790096195523,0
1790096195853,1
1790096195853,0
1790096196266,1
1790096196266,0
1790096196677,0
1790096196677,0
1790096197084,1
1790096197084,0
1790096197417,1
1790096197417,0
1790096197818,0
1790096197818,0
1790096198230,1
1790096198231,0
1790096198454,1
1790096198455,0
1790096198668,0
1790096198668,0
1790096199084,1
1790096199084,0
1790096199310,1
1790096199310,0
1790096199528,0
1790096199528,0
1790096199733,1
1790096199733,0
1790096199941,1
1790096199941,0
1790096200271,0
1790096200271,0
1790096200711,1
1790096200712,0
1790096201087,1
1790096201087,0
1790096201420,0
1790096201421,0
1790096201748,1
1790096201748,0
1790096202130,1
1790096202130,0
1790096202347,0
1790096202347,0
1790096202556,1
1790096202556,0
1790096202779,1
1790096202779,0
1790096203206,0
1790096203207,0
1790096203618,1
1790096203618,0
1790096204038,1
1790096204038,0
1790096204461,0
1790096204462,0
1790096204686,1
1790096204686,0
1790096205036,1
1790096205037,0
1790096205473,0
1790096205473,0
1790096205900,1
1790096205900,0
1790096206328,1
1790096206328,0
1790096206758,0
1790096206759,0
1790096207153,1
1790096207154,0
1790096207574,1
1790096207575,0
1790096207918,0
1790096207919,0
1790096208329,1
1790096208329,0
1790096208688,1
1790096208688,0
1790096209061,0
1790096209062,0
1790096209396,1
1790096209396,0
1790096209732,1
1790096209732,0
1790096210068,0
1790096210068,0
1790096210488,1
1790096210488,0
1790096210854,1
1790096210854,0
1790096211229,0
1790096211229,0
1790096211638,1
1790096211638,0
1790096211863,1
1790096211863,0
1790096212066,0
1790096212067,0
1790096212511,0
1790096212512,0
1790096212937,0
1790096212938,0
1790096213369,0
1790096213369,0
1790096213774,1
1790096213775,0
1790096214170,1
1790096214171,0
1790096214515,1
1790096214515,0
1790096214895,1
1790096214895,0
1790096215247,1
1790096215247,0
1790096215595,0
1790096215595,0
1790096215943,1
1790096215944,0
1790096216383,1
1790096216383,0
1790096216818,0
1790096216818,0
1790096217262,1
1790096217262,0
1790096217704,1
1790096217705,0
1790096218053,0
1790096218054,0
1790096218394,1
1790096218394,0
1790096218724,1
1790096218725,0
1790096218939,0
1790096218939,0
1790096219285,1
1790096219286,0
1790096219714,1
1790096219714,0
1790096220153,0
1790096220153,0
1790096220598,1
1790096220599,0
1790096221035,1
1790096221035,0
1790096221444,0
1790096221444,0
1790096221837,1
1790096221837,0
1790096222170,1
1790096222171,0
1790096222392,0
1790096222393,0
1790096222612,1
1790096222612,0
1790096222955,1
1790096222956,0
1790096223388,0
1790096223388,0
1790096223806,1
1790096223807,0
1790096224241,1
1790096224241,0
1790096224459,0
1790096224459,0
1790096224868,1
1790096224868,0
1790096225265,1
1790096225265,0
1790096225486,0
1790096225487,0
1790096225866,1
1790096225867,0
1790096226275,1
1790096226276,0
1790096226653,0
1790096226654,0
1790096227031,1
1790096227031,0
1790096227397,1
1790096227397,0
1790096227772,0
1790096227773,0
1790096227999,1
1790096227999,0
1790096228199,1
1790096228199,0
1790096228531,0
1790096228532,0
1790096228763,1
1790096228763,0
1790096228969,1
1790096228969,0
1790096229372,0
1790096229373,0
1790096229734,1
1790096229735,0
1790096230103,1
1790096230103,0
1790096230481,0
1790096230481,0
1790096230899,1
1790096230900,0
1790096231236,1
1790096231237,0
1790096231583,0
1790096231583,0
1790096232008,1
1790096232009,0
1790096232338,1
1790096232338,0
1790096232678,0
1790096232678,0
1790096233060,1
1790096233060,0
1790096233421,1
1790096233421,0
1790096233777,0
1790096233778,0
1790096234162,1
1790096234162,0
1790096234601,1
1790096234601,0
1790096234819,0
1790096234819,0
1790096235166,1
1790096235166,0
1790096235376,1
1790096235376,0
1790096235584,0
1790096235584,0
1790096236021,1
1790096236021,0
1790096236447,1
1790096236447,0
1790096236879,0
1790096236879,0
1790096237307,1
1790096237307,0
1790096237514,1
1790096237514,0
1790096237724,0
1790096237724,0
1790096237944,1
1790096237945,0
1790096238167,1
1790096238167,0
1790096238381,0
1790096238381,0
1790096238583,1
1790096238583,0
1790096238968,1
1790096238969,0
1790096239373,0
1790096239374,0
1790096239768,1
1790096239768,0
1790096240164,1
1790096240164,0
1790096240505,0
1790096240505,0
1790096240871,1
1790096240872,0
1790096241078,1
1790096241078,0
1790096241293,0
1790096241293,0
1790096241516,1
1790096241516,0
1790096241903,1
1790096241904,0
1790096242172,0
1790096242172,0
1790096242385,1
1790096242385,0
1790096242604,1
1790096242604,0
1790096242977,0
1790096242977,0
1790096243403,1
1790096243403,0
1790096243818,1
1790096243818,0
1790096244249,0
1790096244249,0
1790096244480,1
1790096244480,0
1790096244681,1
1790096244681,0
1790096245082,0
1790096245082,0
1790096245480,1
1790096245480,0
1790096245896,1
1790096245896,0
1790096246299,0
1790096246299,0
1790096246697,1
1790096246698,0
1790096247038,1
1790096247039,0
1790096247376,0
1790096247376,0
1790096247605,1
1790096247605,0
1790096247808,1
1790096247808,0
1790096248200,0
1790096248201,0
1790096248626,1
1790096248627,0
1790096249065,1
1790096249065,0
1790096249505,0
1790096249505,0
1790096249910,1
1790096249910,0
1790096250349,1
1790096250350,0
1790096250781,0
1790096250781,0
1790096251171,1
1790096251172,0
1790096251612,1
1790096251612,0
1790096252048,0
1790096252048,0
1790096252260,1
1790096252260,0
1790096252481,1
1790096252481,0
1790096252687,0
1790096252687,0
1790096252907,1
1790096252907,0
1790096253324,1
1790096253324,0
1790096253521,0
1790096253521,0
1790096253847,1
1790096253847,0
1790096254278,1
1790096254278,0
1790096254712,0
1790096254712,0
1790096255044,1
1790096255044,0
1790096255275,1
1790096255275,0
1790096255481,0
1790096255481,0
1790096255687,1
1790096255687,0
1790096256110,1
1790096256110,0
1790096256454,0
1790096256455,0
1790096256809,1
1790096256809,0
1790096257248,1
1790096257248,0
1790096257622,0
1790096257622,0
1790096258064,1
1790096258064,0
1790096258291,1
1790096258291,0
1790096258487,0
1790096258488,0
1790096258689,1
1790096258689,0
1790096258912,1
1790096258912,0
1790096259315,0
1790096259315,0
1790096259542,1
1790096259542,0
1790096259896,1
1790096259896,0
1790096260261,0
1790096260261,0
1790096260625,1
1790096260626,0
1790096261051,0
1790096261051,0
1790096261397,0
1790096261398,0
1790096261748,1
1790096261748,0
1790096262104,1
1790096262104,0
1790096262533,0
1790096262534,0
1790096262982,1
1790096262982,0
1790096263419,1
1790096263419,0
1790096263781,0
1790096263781,0
1790096264130,1
1790096264130,0
1790096264542,1
1790096264542,0
1790096264887,0
1790096264888,0
1790096265222,1
1790096265222,0
1790096265563,1
1790096265564,0
1790096265910,0
1790096265910,0
1790096266119,1
1790096266119,0
1790096266445,1
1790096266445,0
1790096266847,0
1790096266848,0
1790096267183,1
1790096267184,0
1790096267517,1
1790096267517,0
1790096267915,0
1790096267915,0
1790096268310,1
1790096268310,0
1790096268682,1
1790096268682,0
1790096269087,0
1790096269088,0
1790096269525,1
1790096269525,0
1790096269862,1
1790096269862,0
1790096270213,0
1790096270213,0
1790096270439,1
1790096270439,0
1790096270767,1
1790096270767,0
1790096271117,0
1790096271117,0
1790096271513,1
1790096271514,0
1790096271911,1
1790096271911,0
1790096272321,0
1790096272321,0
1790096272738,1
1790096272738,0
1790096273086,1
1790096273086,0
1790096273463,0
1790096273463,0
1790096273820,1
1790096273820,0
1790096274188,1
1790096274188,0
1790096274569,0
1790096274570,0
1790096274919,1
1790096274919,0
1790096275130,1
1790096275130,0
1790096275341,0
1790096275341,0
1790096275562,1
1790096275562,0
1790096275764,1
1790096275764,0
1790096276133,0
1790096276134,0
1790096276504,1
1790096276505,0
1790096276916,1
1790096276916,0
1790096277352,0
1790096277352,0
1790096277767,1
1790096277767,0
1790096278120,1
1790096278120,0
1790096278464,0
1790096278464,0
1790096278792,1
1790096278793,0
1790096279131,1
1790096279132,0
1790096279564,0
1790096279565,0
1790096279928,1
1790096279928,0
1790096280368,1
1790096280368,0
1790096280766,0
1790096280767,0
1790096281182,1
1790096281183,0
1790096281536,1
1790096281537,0
1790096281898,0
1790096281899,0
1790096282264,1
1790096282264,0
1790096282627,1
1790096282628,0
1790096282977,0
1790096282978,0
1790096283327,1
1790096283327,0
1790096283636,1
1790096283637,0
1790096283981,0
1790096283982,0
1790096284191,1
1790096284191,0
1790096284414,1
1790096284414,0
1790096284782,0
1790096284783,0
1790096285153,1
1790096285153,0
1790096285524,1
1790096285524,0
1790096285901,0
1790096285901,0
1790096286116,1
1790096286116,0
1790096286499,1
1790096286499,0
1790096286926,1
1790096286926,0
1790096287370,1
1790096287371,0
1790096287800,1
1790096287800,0
1790096288141,0
1790096288142,0
1790096288514,1
1790096288514,0
1790096288875,1
1790096288875,0
1790096289256,0
1790096289257,0
1790096289625,1
1790096289625,0
1790096289961,1
1790096289961,0
1790096290311,0
1790096290311,0
1790096290709,1
1790096290709,0
1790096291088,1
1790096291088,0
1790096291458,0
1790096291458,0
1790096291798,1
1790096291798,0
1790096292151,1
1790096292151,0
1790096292492,0
1790096292493,0
1790096292847,1
1790096292850,0
1790096293265,0
1790096293266,0
1790096293479,0
1790096293480,0
1790096293899,0
1790096293900,0
1790096294268,0
1790096294269,0
1790096294642,0
1790096294642,0
1790096294852,1
1790096294852,0
1790096295275,1
1790096295275,0
1790096295711,0
1790096295711,0
1790096296151,1
1790096296151,0
1790096296374,1
1790096296374,0
1790096296792,0
1790096296792,0
1790096297189,1
1790096297189,0
1790096297522,1
1790096297522,0
1790096297735,0
1790096297736,0
1790096298070,1
1790096298070,0
1790096298425,1
1790096298426,0
1790096298757,0
1790096298757,0
1790096299091,1
1790096299092,0
1790096299427,1
1790096299427,0
1790096299845,1
1790096299846,0
1790096300261,1
1790096300262,0
1790096300450,1
1790096300451,0
1790096300792,0
1790096300793,0
1790096301148,1
1790096301148,0
1790096301563,1
1790096301563,0
1790096301874,0
1790096301874,0
1790096302215,1
1790096302216,0
1790096302545,1
1790096302546,0
1790096302876,0
1790096302876,0
1790096303236,1
1790096303236,0
1790096303587,1
1790096303588,0
1790096303937,0
1790096303938,0
1790096304349,1
1790096304349,0
1790096304580,1
1790096304581,0
1790096304954,0
1790096304955,0
1790096305330,1
1790096305330,0
1790096305691,1
1790096305691,0
1790096306063,0
1790096306063,0
1790096306424,1
1790096306424,0
1790096306755,1
1790096306755,0
1790096307084,0
1790096307084,0
1790096307473,1
1790096307473,0
1790096307875,1
1790096307875,0
1790096308226,0
1790096308226,0
1790096308636,1
1790096308637,0
1790096309038,1
1790096309038,0
1790096309440,0
1790096309440,0
1790096309854,1
1790096309854,0
1790096310082,1
1790096310082,0
1790096310295,0
1790096310296,0
1790096310638,1
1790096310639,0
1790096310988,1
1790096310988,0
1790096311376,0
1790096311377,0
1790096311587,1
1790096311587,0
1790096311795,1
1790096311795,0
1790096312000,0
1790096312000,0
1790096312201,1
1790096312201,0
1790096312403,1
1790096312403,0
1790096312837,0
1790096312838,0
1790096313203,1
1790096313203,0
1790096313624,1
1790096313625,0
1790096314041,0
1790096314041,0
1790096314420,1
1790096314420,0
1790096314820,1
1790096314820,0
1790096315223,0
1790096315223,0
1790096315641,1
1790096315643,0
1790096316070,0
1790096316071,0
1790096316480,0
1790096316481,0
1790096316866,1
1790096316866,0
1790096317216,1
1790096317216,0
1790096317551,0
1790096317551,0
1790096317887,1
1790096317887,0
1790096318251,1
1790096318251,0
1790096318624,0
1790096318625,0
1790096318998,1
1790096318998,0
1790096319361,1
1790096319362,0
1790096319767,0
1790096319767,0
1790096320071,1
1790096320071,0
1790096320445,1
1790096320446,0
1790096320664,0
1790096320664,0
1790096320847,1
1790096320847,0
1790096321187,1
1790096321187,0
1790096321523,0
1790096321523,0
1790096321833,1
1790096321833,0
1790096322165,1
1790096322165,0
1790096322561,0
1790096322562,0
1790096322939,1
1790096322939,0
1790096323283,1
1790096323283,0
1790096323694,0
1790096323694,0
1790096324049,1
1790096324049,0
1790096324247,1
1790096324247,0
1790096324678,0
1790096324678,0
1790096325109,1
1790096325109,0
1790096325544,1
1790096325544,0
1790096325970,0
1790096325970,0
1790096326413,1
1790096326413,0
1790096326761,1
1790096326761,0
1790096326981,0
1790096326981,0
1790096327388,1
1790096327389,0
1790096327804,1
1790096327804,0
1790096328025,0
1790096328025,0
1790096328464,1
1790096328464,0
1790096328879,1
1790096328879,0
1790096329308,0
1790096329308,0
1790096329525,1
1790096329525,0
1790096329919,1
1790096329919,0
1790096330311,0
1790096330311,0
1790096330697,1
1790096330697,0
1790096330919,1
1790096330920,0
1790096331317,0
1790096331318,0
1790096331712,1
1790096331712,0
1790096332114,1
1790096332114,0
1790096332518,0
1790096332518,0
1790096332900,1
1790096332901,0
1790096333273,1
1790096333273,0
1790096333625,0
1790096333625,0
1790096334010,1
1790096334010,0
1790096334394,1
1790096334394,0
1790096334777,0
1790096334778,0
1790096335219,1
1790096335219,0
1790096335575,1
1790096335575,0
1790096335941,0
1790096335941,0
1790096336304,1
1790096336304,0
1790096336662,1
1790096336663,0
1790096337074,0
1790096337075,0
1790096337464,1
1790096337464,0
1790096337805,1
1790096337805,0
1790096338196,0
1790096338197,0
1790096338526,1
1790096338526,0
1790096338751,1
1790096338751,0
1790096338958,0
1790096338959,0
1790096339161,1
1790096339161,0
1790096339364,1
1790096339364,0
1790096339736,0
1790096339736,0
1790096339962,1
1790096339962,0
1790096340178,1
1790096340178,0
1790096340600,0
1790096340601,0
1790096341029,1
1790096341029,0
1790096341453,1
1790096341453,0
1790096341888,0
1790096341888,0
1790096342326,1
1790096342326,0
1790096342769,1
1790096342769,0
1790096342989,0
1790096342989,0
1790096343212,1
1790096343212,0
1790096343418,1
1790096343418,0
1790096343740,0
1790096343740,0
1790096344137,1
1790096344138,0
1790096344547,1
1790096344547,0
1790096344975,0
1790096344982,0
1790096345406,1
1790096345407,0
1790096345850,1
1790096345851,0
1790096346281,0
1790096346281,0
1790096346662,1
1790096346663,0
1790096347043,1
1790096347043,0
1790096347450,0
1790096347450,0
1790096347787,1
1790096347787,0
1790096348133,1
1790096348134,0
1790096348527,0
1790096348528,0
1790096348872,1
1790096348872,0
1790096349211,1
1790096349212,0
1790096349550,0
1790096349550,0
1790096349891,1
1790096349891,0
1790096350286,1
1790096350286,0
1790096350686,0
1790096350686,0
1790096351068,1
1790096351068,0
1790096351491,1
1790096351491,0
1790096351840,0
1790096351840,0
1790096352209,1
1790096352209,0
1790096352577,1
1790096352577,0
1790096352955,0
1790096352956,0
1790096353316,1
1790096353317,0
1790096353683,1
1790096353683,0
1790096354109,0
1790096354109,0
1790096354473,1
1790096354473,0
1790096354844,1
1790096354844,0
1790096355212,0
1790096355212,0
1790096355599,1
1790096355599,0
1790096355821,1
1790096355821,0
1790096356033,0
1790096356033,0
1790096356240,1
1790096356240,0
1790096356613,1
1790096356613,0
1790096356947,0
1790096356947,0
1790096357299,1
1790096357299,0
1790096357658,1
1790096357658,0
1790096358047,0
1790096358047,0
1790096358402,1
1790096358402,0
1790096358780,1
1790096358780,0
1790096359180,0
1790096359181,0
1790096359574,1
1790096359574,0
1790096359988,1
1790096359988,0
1790096360425,0
1790096360426,0
1790096360639,1
1790096360639,0
1790096361019,1
1790096361019,0
1790096361448,0
1790096361449,0
1790096361893,1
1790096361893,0
1790096362320,1
1790096362321,0
1790096362750,0
1790096362750,0
1790096363178,1
1790096363178,0
1790096363604,1
1790096363605,0
1790096363994,0
1790096363994,0
1790096364327,1
1790096364327,0
1790096364661,1
1790096364661,0
1790096365004,0
1790096365004,0
1790096365401,1
1790096365401,0
1790096365804,1
1790096365804,0
1790096366207,0
1790096366207,0
1790096366602,1
1790096366602,0
1790096367017,1
1790096367018,0
1790096367403,0
1790096367404,0
1790096367821,1
1790096367821,0
1790096368204,1
1790096368205,0
1790096368639,0
1790096368639,0
1790096369072,1
1790096369072,0
1790096369487,1
1790096369488,0
1790096369929,0
1790096369929,0
1790096370139,1
1790096370139,0
1790096370345,1
1790096370345,0
1790096370551,0
1790096370551,0
1790096370880,1
1790096370881,0
1790096371214,1
1790096371214,0
1790096371550,0
1790096371550,0
1790096371892,1
1790096371893,0
1790096372126,1
1790096372126,0
1790096372467,0
1790096372467,0
1790096372811,1
1790096372811,0
1790096373156,1
1790096373156,0
1790096373494,0
1790096373494,0
1790096373835,1
1790096373835,0
1790096374260,1
1790096374260,0
1790096374706,0
1790096374706,0
1790096375063,1
1790096375063,0
1790096375261,1
1790096375261,0
1790096375474,0
1790096375474,0
1790096375859,1
1790096375859,0
1790096376242,1
1790096376243,0
1790096376616,0
1790096376616,0
1790096377003,1
1790096377003,0
1790096377217,1
1790096377217,0
1790096377591,0
1790096377591,0
1790096377964,1
1790096377965,0
1790096378166,1
1790096378166,0
1790096378534,0
1790096378535,0
1790096378892,1
1790096378892,0
1790096379246,1
1790096379246,0
1790096379590,0
1790096379590,0
1790096379921,1
1790096379921,0
1790096380258,1
1790096380258,0
1790096380635,0
1790096380635,0
1790096381058,1
1790096381058,0
1790096381417,1
1790096381417,0
1790096381841,0
1790096381841,0
1790096382258,1
1790096382258,0
1790096382633,1
1790096382635,0
1790096382978,0
1790096382979,0
1790096383321,1
1790096383321,0
1790096383635,1
1790096383635,0
1790096383849,0
1790096383849,0
1790096384056,1
1790096384056,0
1790096384260,1
1790096384260,0
1790096384607,0
1790096384608,0
1790096384956,1
1790096384956,0
1790096385280,1
1790096385280,0
1790096385682,0
1790096385682,0
1790096386081,1
1790096386081,0
1790096386495,1
1790096386495,0
1790096386894,0
1790096386895,0
1790096387117,1
1790096387117,0
1790096387318,1
1790096387318,0
1790096387685,0
1790096387685,0
1790096388053,1
1790096388053,0
1790096388400,1
1790096388400,0
1790096388814,0
1790096388814,0
1790096389177,1
1790096389178,0
1790096389533,1
1790096389534,0
1790096389903,0
1790096389903,0
1790096390281,1
1790096390281,0
1790096390726,1
1790096390726,0
1790096391145,0
1790096391145,0
1790096391474,1
1790096391474,0
1790096391807,1
1790096391807,0
1790096392186,0
1790096392187,0
1790096392525,1
1790096392526,0
1790096392854,1
1790096392854,0
1790096393180,0
1790096393180,0
1790096393532,1
1790096393533,0
1790096393919,1
1790096393920,0
1790096394329,0
1790096394329,0
1790096394665,1
1790096394666,0
1790096395090,0
1790096395090,0
1790096395526,0
1790096395526,0
1790096395874,1
1790096395874,0
1790096396211,1
1790096396211,0
1790096396552,0
1790096396552,0
1790096396904,1
1790096396905,0
1790096397326,1
1790096397327,0
1790096397751,0
1790096397752,0
1790096398177,1
1790096398178,0
1790096398504,1
1790096398504,0
1790096398869,0
1790096398870,0
1790096399290,1
1790096399290,0
1790096399723,1
1790096399724,0
1790096400162,0
1790096400162,0
1790096400584,1
1790096400584,0
1790096401024,1
1790096401025,0
1790096401483,0
1790096401484,0
1790096401699,1
1790096401699,0
1790096402117,1
1790096402117,0
1790096402551,0
1790096402551,0
1790096402980,1
1790096402980,0
1790096403393,1
1790096403393,0
1790096403580,0
1790096403580,0
1790096403782,1
1790096403782,0
1790096403985,1
1790096403985,0
1790096404321,0
1790096404321,0
1790096404682,1
1790096404683,0
1790096405045,1
1790096405045,0
1790096405259,0
1790096405259,0
1790096405675,1
1790096405676,0
1790096406099,1
1790096406099,0
1790096406444,0
1790096406444,0
1790096406763,1
1790096406763,0
1790096407100,1
1790096407101,0
1790096407444,0
1790096407444,0
1790096407871,1
1790096407871,0
1790096408293,1
1790096408293,0
1790096408646,0
1790096408647,0
1790096408984,1
1790096408984,0
1790096409313,1
1790096409313,0
1790096409708,0
1790096409708,0
1790096410098,1
1790096410099,0
1790096410492,1
1790096410492,0
1790096410894,0
1790096410894,0
1790096411231,1
1790096411231,0
1790096411618,1
1790096411618,0
1790096412021,0
1790096412022,0
1790096412388,1
1790096412388,0
1790096412807,1
1790096412807,0
1790096413216,0
1790096413216,0
1790096413430,1
1790096413430,0
1790096413621,1
1790096413621,0
1790096413832,0
1790096413832,0
1790096414033,1
1790096414033,0
1790096414426,1
1790096414426,0
1790096414823,0
1790096414824,0
1790096415225,1
1790096415225,0
1790096415651,1
1790096415651,0
1790096416083,0
1790096416083,0
1790096416468,1
1790096416468,0
1790096416828,1
1790096416829,0
1790096417184,0
1790096417185,0
1790096417533,1
1790096417534,0
1790096417931,1
1790096417932,0
1790096418146,0
1790096418146,0
1790096418346,1
1790096418346,0
1790096418740,1
1790096418740,0
1790096418935,1
1790096418936,0
1790096419349,1
1790096419349,0
1790096419776,1
1790096419776,0
1790096420194,0
1790096420194,0
1790096420611,1
1790096420611,0
1790096421030,1
1790096421030,0
1790096421450,0
1790096421450,0
1790096421880,1
1790096421880,0
1790096422085,1
1790096422085,0
1790096422481,0
1790096422481,0
1790096422875,1
1790096422876,0
1790096423241,1
1790096423241,0
1790096423609,0
1790096423609,0
1790096423967,1
1790096423967,0
1790096424319,1
1790096424319,0
1790096424686,0
1790096424687,0
1790096424890,1
1790096424890,0
1790096425096,1
1790096425096,0
1790096425465,0
1790096425466,0
1790096425848,1
1790096425848,0
1790096426059,1
1790096426059,0
1790096426271,0
1790096426271,0
1790096426473,1
1790096426473,0
1790096426677,1
1790096426677,0
1790096426892,0
1790096426892,0
1790096427097,1
1790096427097,0
1790096427484,1
1790096427485,0
1790096427847,0
1790096427848,0
1790096428057,1
1790096428057,0
1790096428262,1
1790096428262,0
1790096428599,0
1790096428599,0
1790096429026,1
1790096429026,0
1790096429453,1
1790096429453,0
1790096429887,0
1790096429888,0
1790096430224,1
1790096430224,0
1790096430561,1
1790096430562,0
1790096430901,0
1790096430902,0
1790096431230,1
1790096431230,0
1790096431632,1
1790096431632,0
1790096431957,0
1790096431958,0
1790096432292,1
1790096432292,0
1790096432632,1
1790096432633,0
1790096432975,0
1790096432976,0
1790096433314,1
1790096433315,0
1790096433505,1
1790096433505,0
1790096433923,0
1790096433923,0
1790096434319,1
1790096434319,0
1790096434672,1
1790096434672,0
1790096435040,0
1790096435040,0
1790096435368,1
1790096435368,0
1790096435768,1
1790096435768,0
1790096436165,0
1790096436165,0
1790096436557,1
1790096436558,0
1790096436940,1
1790096436940,0
1790096437337,0
1790096437337,0
1790096437732,1
1790096437732,0
1790096438087,1
1790096438087,0
1790096438303,0
1790096438303,0
1790096438618,1
1790096438618,0
1790096438826,1
1790096438826,0
1790096439037,0
1790096439038,0
1790096439239,1
1790096439239,0
1790096439440,1
1790096439440,0
1790096439777,0
1790096439777,0
1790096440145,1
1790096440145,0
1790096440358,1
1790096440358,0
1790096440721,0
1790096440721,0
1790096441082,1
1790096441082,0
1790096441419,1
1790096441419,0
1790096441824,0
1790096441824,0
1790096442205,1
1790096442205,0
1790096442597,1
1790096442598,0
1790096442959,0
1790096442960,0
1790096443381,1
1790096443381,0
1790096443780,1
1790096443781,0
1790096444206,0
1790096444206,0
1790096444412,1
1790096444412,0
1790096444801,1
1790096444801,0
1790096445020,0
1790096445020,0
1790096445225,1
1790096445225,0
1790096445430,1
1790096445430,0
1790096445641,0
1790096445641,0
1790096446031,1
1790096446032,0
1790096446399,1
1790096446400,0
1790096446607,0
1790096446608,0
1790096447026,1
1790096447026,0
1790096447450,1
1790096447451,0
1790096447791,0
1790096447791,0
1790096448202,1
1790096448203,0
1790096448626,1
1790096448626,0
1790096449052,0
1790096449052,0
1790096449263,1
1790096449263,0
1790096449675,1
1790096449676,0
1790096450098,0
1790096450098,0
1790096450488,1
1790096450489,0
1790096450812,1
1790096450812,0
1790096451210,1
1790096451210,0
1790096451420,1
1790096451420,0
1790096451618,1
1790096451619,0
1790096451825,0
1790096451825,0
1790096452028,1
1790096452028,0
1790096452443,1
1790096452443,0
1790096452783,0
1790096452784,0
1790096453110,1
1790096453110,0
1790096453322,1
1790096453322,0
1790096453512,0
1790096453513,0
1790096453833,1
1790096453833,0
1790096454163,1
1790096454163,0
1790096454499,0
1790096454499,0
1790096454836,1
1790096454836,0
1790096455261,1
1790096455261,0
1790096455478,0
1790096455478,0
1790096455669,1
1790096455669,0
1790096455868,1
1790096455868,0
1790096456267,0
1790096456268,0
1790096456694,1
1790096456695,0
1790096456904,1
1790096456904,0
1790096457115,0
1790096457115,0
1790096457318,1
1790096457318,0
1790096457518,1
1790096457518,0
1790096457914,0
1790096457914,0
1790096458252,1
1790096458252,0
1790096458609,1
1790096458609,0
1790096458946,0
1790096458946,0
1790096459273,1
1790096459274,0
1790096459630,1
1790096459630,0
1790096459847,0
1790096459848,0
1790096460054,1
1790096460055,0
1790096460246,1
1790096460247,0
1790096460587,0
1790096460588,0
1790096460942,1
1790096460942,0
1790096461304,1
1790096461304,0
1790096461721,0
1790096461722,0
1790096461924,1
1790096461924,0
1790096462341,1
1790096462342,0
1790096462673,0
1790096462673,0
1790096463014,1
1790096463014,0
1790096463337,1
1790096463337,0
1790096463655,0
1790096463656,0
1790096464081,1
1790096464081,0
1790096464502,1
1790096464503,0
1790096464938,0
1790096464939,0
1790096465301,1
1790096465301,0
1790096465660,1
1790096465660,0
1790096466032,0
1790096466032,0
1790096466401,1
1790096466401,0
1790096466766,1
1790096466766,0
1790096467131,0
1790096467131,0
1790096467342,1
1790096467342,0
1790096467709,1
1790096467710,0
1790096468075,0
1790096468075,0
1790096468410,1
1790096468410,0
1790096468754,1
1790096468754,0
1790096469157,1
1790096469158,0
1790096469367,1
1790096469367,0
1790096469566,1
1790096469566,0
1790096469776,0
1790096469776,0
1790096469979,1
1790096469979,0
1790096470302,1
1790096470303,0
1790096470644,0
1790096470644,0
1790096471011,1
1790096471011,0
1790096471212,1
1790096471212,0
1790096471419,0
1790096471419,0
1790096471840,1
1790096471840,0
1790096472258,1
1790096472258,0
1790096472680,0
1790096472680,0
1790096473099,1
1790096473100,0
1790096473520,1
1790096473521,0
1790096473731,0
1790096473731,0
1790096473925,1
1790096473926,0
1790096474123,1
1790096474123,0
1790096474457,0
1790096474458,0
1790096474668,1
1790096474669,0
1790096475026,1
1790096475026,0
1790096475392,0
1790096475393,0
1790096475749,1
1790096475749,0
1790096476113,1
1790096476113,0
1790096476462,0
1790096476463,0
1790096476834,1
1790096476835,0
1790096477225,1
1790096477225,0
1790096477635,0
1790096477636,0
1790096478030,1
1790096478030,0
1790096478365,1
1790096478365,0
1790096478714,0
1790096478714,0
1790096479078,1
1790096479079,0
1790096479432,1
1790096479432,0
1790096479839,0
1790096479839,0
1790096480228,1
1790096480228,0
1790096480620,1
1790096480621,0
1790096481040,0
1790096481041,0
1790096481401,0
1790096481403,0
1790096481741,0
1790096481743,0
1790096482078,0
1790096482079,0
1790096482405,1
1790096482405,0
1790096482738,1
1790096482738,0
1790096483077,0
1790096483078,0
1790096483434,1
1790096483434,0
1790096483840,1
1790096483841,0
1790096484220,0
1790096484222,0
1790096484583,1
1790096484584,0
1790096484950,1
1790096484950,0
1790096485380,0
1790096485380,0
1790096485578,1
1790096485578,0
1790096485778,1
1790096485778,0
1790096485990,0
1790096485990,0
1790096486350,0
1790096486351,0
1790096486772,1
1790096486772,0
1790096487201,0
1790096487201,0
1790096487394,1
1790096487394,0
1790096487600,1
1790096487600,0
1790096487966,0
1790096487966,0
1790096488316,1
1790096488316,0
1790096488668,1
1790096488668,0
1790096489040,0
1790096489040,0
1790096489402,1
1790096489402,0
1790096489835,1
1790096489835,0
1790096490173,0
1790096490174,0
1790096490597,1
1790096490598,0
1790096490954,1
1790096490954,0
1790096491327,0
1790096491327,0
1790096491690,1
1790096491690,0
1790096492023,1
1790096492023,0
1790096492361,0
1790096492361,0
1790096492691,1
1790096492691,0
1790096493072,1
1790096493072,0
1790096493273,0
1790096493273,0
1790096493474,1
1790096493474,0
1790096493825,1
1790096493825,0
1790096494232,0
1790096494232,0
1790096494653,0
1790096494655,0
1790096495045,1
1790096495046,0
1790096495448,0
1790096495449,0
1790096495832,1
1790096495832,0
1790096496223,1
1790096496223,0
1790096496590,0
1790096496591,0
1790096496989,1
1790096496990,0
1790096497353,1
1790096497353,0
1790096497723,0
1790096497724,0
1790096498085,1
1790096498085,0
1790096498479,1
1790096498480,0
1790096498895,0
1790096498895,0
1790096499316,1
1790096499316,0
1790096499744,1
1790096499744,0
1790096500177,0
1790096500177,0
1790096500514,1
1790096500514,0
1790096500836,1
1790096500836,0
1790096501244,0
1790096501244,0
1790096501639,1
1790096501639,0
1790096502032,1
1790096502033,0
1790096502276,0
1790096502276,0
1790096502473,1
1790096502473,0
1790096502677,1
1790096502678,0
1790096502893,0
1790096502893,0
1790096503222,1
1790096503222,0
1790096503545,1
1790096503545,0
1790096503977,0
1790096503978,0
1790096504304,1
1790096504304,0
1790096504631,1
1790096504631,0
1790096504973,0
1790096504976,0
1790096505401,1
1790096505402,0
1790096505821,1
1790096505822,0
1790096506251,1
1790096506251,0
1790096506436,1
1790096506436,0
1790096506755,1
1790096506759,0
1790096507109,0
1790096507109,0
1790096507530,1
1790096507530,0
1790096507739,1
1790096507739,0
1790096508082,0
1790096508083,0
1790096508508,1
1790096508509,0
1790096508926,1
1790096508926,0
1790096509360,0
1790096509360,0
1790096509773,1
1790096509773,0
1790096510167,1
1790096510167,0
1790096510565,0
1790096510565,0
1790096510896,1
1790096510896,0
1790096511108,1
1790096511109,0
1790096511320,0
1790096511320,0
1790096511649,1
1790096511649,0
1790096511979,1
1790096511980,0
1790096512324,0
1790096512324,0
1790096512646,1
1790096512646,0
1790096513069,1
1790096513070,0
1790096513404,0
1790096513404,0
1790096513712,1
1790096513712,0
1790096514091,1
1790096514091,0
1790096514527,0
1790096514528,0
1790096514892,1
1790096514893,0
1790096515222,1
1790096515222,0
1790096515563,0
1790096515563,0
1790096515900,1
1790096515900,0
1790096516233,1
1790096516233,0
1790096516597,0
1790096516597,0
1790096516938,1
1790096516938,0
1790096517295,1
1790096517295,0
1790096517722,0
1790096517722,0
1790096518145,1
1790096518145,0
1790096518505,1
1790096518505,0
1790096518832,0
1790096518832,0
1790096519157,1
1790096519157,0
1790096519488,1
1790096519488,0
1790096519920,0
1790096519920,0
1790096520273,1
1790096520273,0
1790096520631,1
1790096520631,0
1790096520839,0
1790096520839,0
1790096521194,1
1790096521195,0
1790096521590,1
1790096521590,0
1790096521931,0
1790096521932,0
1790096522257,1
1790096522257,0
1790096522592,1
1790096522592,0
1790096522933,0
1790096522933,0
1790096523149,1
1790096523149,0
1790096523482,1
1790096523482,0
1790096523686,0
1790096523686,0
1790096524013,1
1790096524013,0
1790096524338,1
1790096524338,0
1790096524708,0
1790096524709,0
1790096525068,1
1790096525068,0
1790096525428,1
1790096525428,0
1790096525789,0
1790096525790,0
1790096526171,1
1790096526172,0
1790096526561,1
1790096526562,0
1790096526978,0
1790096526978,0
1790096527195,1
1790096527195,0
1790096527558,1
1790096527559,0
1790096527921,0
1790096527921,0
1790096528350,1
1790096528350,0
1790096528750,1
1790096528752,0
1790096529171,1
1790096529172,0
1790096529598,1
1790096529599,0
1790096529960,1
1790096529960,0
1790096530389,0
1790096530389,0
1790096530770,1
1790096530770,0
1790096531155,1
1790096531155,0
1790096531554,0
1790096531555,0
1790096531978,1
1790096531978,0
1790096532340,1
1790096532340,0
1790096532715,0
1790096532715,0
1790096533077,1
1790096533077,0
1790096533415,1
1790096533415,0
1790096533798,0
1790096533799,0
1790096534198,1
1790096534198,0
1790096534592,1
1790096534592,0
1790096534993,0
1790096534993,0
1790096535363,1
1790096535364,0
1790096535758,1
1790096535758,0
1790096536159,0
1790096536159,0
1790096536557,1
1790096536557,0
1790096536953,1
1790096536953,0
1790096537349,0
1790096537349,0
1790096537770,1
1790096537771,0
1790096537976,1
1790096537976,0
1790096538185,0
1790096538185,0
1790096538389,1
1790096538389,0
1790096538720,1
1790096538720,0
1790096539052,0
1790096539052,0
1790096539385,1
1790096539385,0
1790096539717,1
1790096539717,0
1790096540156,0
1790096540156,0
1790096540514,1
1790096540515,0
1790096540875,1
1790096540875,0
1790096541091,0
1790096541091,0
1790096541297,1
1790096541297,0
1790096541686,1
1790096541686,0
1790096542026,0
1790096542027,0
1790096542359,1
1790096542360,0
1790096542684,1
1790096542684,0
1790096543027,0
1790096543028,0
1790096543452,1
1790096543452,0
1790096543828,1
1790096543828,0
1790096544171,0
1790096544171,0
1790096544380,1
1790096544380,0
1790096544584,1
1790096544584,0
1790096544982,0
1790096544983,0
1790096545319,1
1790096545319,0
1790096545652,1
1790096545652,0
1790096545990,0
1790096545991,0
1790096546412,1
1790096546412,0
1790096546766,1
1790096546767,0
1790096547141,0
1790096547141,0
1790096547461,1
1790096547461,0
1790096547786,1
1790096547786,0
1790096548184,0
1790096548184,0
1790096548608,1
1790096548608,0
1790096549009,1
1790096549009,0
1790096549440,0
1790096549440,0
1790096549865,1
1790096549865,0
1790096550251,1
1790096550252,0
1790096550689,0
1790096550689,0
1790096551081,1
1790096551081,0
1790096551468,1
1790096551468,0
1790096551872,0
1790096551872,0
1790096552242,1
1790096552242,0
1790096552663,1
1790096552663,0
1790096553080,0
1790096553081,0
1790096553499,1
1790096553499,0
1790096553853,1
1790096553853,0
1790096554222,0
1790096554222,0
1790096554591,1
1790096554591,0
1790096554957,1
1790096554957,0
1790096555163,0
1790096555163,0
1790096555363,1
1790096555363,0
1790096555792,1
1790096555792,0
1790096556212,0
1790096556212,0
1790096556637,1
1790096556638,0
1790096557063,1
1790096557063,0
1790096557471,0
1790096557471,0
1790096557897,1
1790096557898,0
1790096558259,1
1790096558260,0
1790096558666,0
1790096558667,0
1790096559053,1
1790096559053,0
1790096559261,1
1790096559261,0
1790096559661,0
1790096559662,0
1790096560057,1
1790096560057,0
1790096560435,1
1790096560435,0
1790096560865,0
1790096560865,0
1790096561061,1
1790096561061,0
1790096561266,1
1790096561266,0
1790096561696,0
1790096561696,0
1790096562063,1
1790096562063,0
1790096562269,1
1790096562269,0
1790096562665,0
1790096562665,0
1790096563053,1
1790096563053,0
1790096563451,1
1790096563451,0
1790096563831,0
1790096563832,0
1790096564041,1
1790096564041,0
1790096564371,1
1790096564371,0
1790096564773,0
1790096564773,0
1790096565200,1
1790096565200,0
1790096565614,1
1790096565614,0
1790096565827,0
1790096565827,0
1790096566243,1
1790096566244,0
1790096566657,1
1790096566658,0
1790096567089,0
1790096567089,0
1790096567299,1
1790096567299,0
1790096567690,1
1790096567691,0
1790096568086,0
1790096568086,0
1790096568508,1
1790096568508,0
1790096568924,1
1790096568925,0
1790096569300,0
1790096569300,0
1790096569502,1
1790096569502,0
1790096569699,1
1790096569699,0
1790096569910,0
1790096569910,0
1790096570113,1
1790096570113,0
1790096570472,1
1790096570472,0
1790096570687,0
1790096570687,0
1790096570998,1
1790096570999,0
1790096571326,1
1790096571326,0
1790096571668,0
1790096571668,0
1790096572005,1
1790096572005,0
1790096572428,1
1790096572428,0
1790096572857,0
1790096572858,0
1790096573285,1
1790096573285,0
1790096573492,1
1790096573492,0
1790096573877,0
1790096573878,0
1790096574266,1
1790096574267,0
1790096574478,1
1790096574478,0
1790096574847,0
1790096574848,0
1790096575181,1
1790096575181,0
1790096575599,1
1790096575599,0
1790096576019,0
1790096576019,0
1790096576441,1
1790096576441,0
1790096576857,1
1790096576858,0
1790096577234,0
1790096577235,0
1790096577460,1
1790096577460,0
1790096577794,1
1790096577794,0
1790096577981,0
1790096577981,0
1790096578171,1
1790096578172,0
1790096578568,1
1790096578568,0
1790096578943,0
1790096578943,0
1790096579316,1
1790096579316,0
1790096579708,1
1790096579708,0
1790096580077,0
1790096580077,0
1790096580409,1
1790096580409,0
1790096580733,1
1790096580734,0
1790096581128,0
1790096581129,0
1790096581459,1
1790096581459,0
1790096581876,1
1790096581876,0
1790096582298,0
1790096582298,0
1790096582722,1
1790096582722,0
1790096583151,1
1790096583151,0
1790096583584,0
1790096583585,0
1790096583790,1
1790096583790,0
1790096584179,1
1790096584180,0
1790096584607,0
1790096584607,0
1790096585003,1
1790096585003,0
1790096585401,1
1790096585401,0
1790096585833,0
1790096585834,0
1790096586258,1
1790096586258,0
1790096586683,1
1790096586683,0
1790096587111,0
1790096587112,0
1790096587475,1
1790096587475,0
1790096587835,1
1790096587835,0
1790096588212,0
1790096588213,0
1790096588537,1
1790096588537,0
1790096588864,1
1790096588864,0
1790096589300,0
1790096589301,0
1790096589698,1
1790096589698,0
1790096590086,1
1790096590086,0
1790096590486,0
1790096590487,0
1790096590878,1
1790096590879,0
1790096591210,1
1790096591211,0
1790096591636,0
1790096591637,0
1790096591971,1
1790096591971,0
1790096592309,1
1790096592310,0
1790096592654,0
1790096592654,0
1790096593015,1
1790096593015,0
1790096593348,1
1790096593348,0
1790096593667,0
1790096593668,0
1790096593994,1
1790096593995,0
1790096594388,1
1790096594389,0
1790096594758,0
1790096594759,0
1790096595120,1
1790096595120,0
1790096595514,1
1790096595514,0
1790096595919,0
1790096595920,0
1790096596323,1
1790096596323,0
1790096596739,1
1790096596739,0
1790096597165,0
1790096597166,0
1790096597594,1
1790096597595,0
1790096598013,1
1790096598015,0
1790096598222,0
1790096598223,0
1790096598424,1
1790096598424,0
1790096598763,1
1790096598764,0
1790096598983,0
1790096598983,0
1790096599190,1
1790096599190,0
1790096599521,1
1790096599521,0
1790096599950,0
1790096599951,0
1790096600369,1
1790096600369,0
1790096600793,1
1790096600793,0
1790096601219,0
1790096601219,0
1790096601648,1
1790096601649,0
1790096602067,1
1790096602068,0
1790096602436,0
1790096602436,0
1790096602841,1
1790096602841,0
1790096603043,1
1790096603043,0
1790096603435,0
1790096603435,0
1790096603808,1
1790096603808,0
1790096604206,1
1790096604206,0
1790096604610,0
1790096604611,0
1790096605033,1
1790096605033,0
1790096605458,1
1790096605458,0
1790096605673,0
1790096605673,0
1790096606001,1
1790096606001,0
1790096606331,1
1790096606333,0
1790096606532,0
1790096606532,0
1790096606951,1
1790096606952,0
1790096607368,1
1790096607368,0
1790096607800,0
1790096607800,0
1790096608218,1
1790096608219,0
1790096608543,1
1790096608543,0
1790096608878,0
1790096608878,0
1790096609296,1
1790096609296,0
1790096609651,1
1790096609651,0
1790096609862,0
1790096609862,0
1790096610186,1
1790096610186,0
1790096610522,1
1790096610523,0
1790096610862,0
1790096610863,0
1790096611198,1
1790096611198,0
1790096611408,1
1790096611408,0
1790096611836,0
1790096611836,0
1790096612143,1
1790096612143,0
1790096612541,1
1790096612541,0
1790096612939,0
1790096612939,0
1790096613265,1
1790096613265,0
1790096613638,1
1790096613638,0
1790096614011,0
1790096614011,0
1790096614377,1
1790096614377,0
1790096614769,1
1790096614769,0
1790096615170,0
1790096615170,0
1790096615567,1
1790096615567,0
1790096615777,1
1790096615777,0
1790096616200,0
1790096616201,0
1790096616567,1
1790096616567,0
1790096616772,1
1790096616772,0
1790096616980,0
1790096616980,0
1790096617181,1
1790096617181,0
1790096617384,1
1790096617385,0
1790096617817,0
1790096617817,0
1790096618213,1
1790096618214,0
1790096618548,1
1790096618548,0
1790096618913,0
1790096618914,0
1790096619284,1
1790096619284,0
1790096619643,1
1790096619643,0
1790096619859,0
1790096619859,0
1790096620066,1
1790096620066,0
1790096620268,1
1790096620268,0
1790096620697,0
1790096620697,0
1790096621123,1
1790096621123,0
1790096621546,1
1790096621546,0
1790096621761,0
1790096621761,0
1790096622154,1
1790096622154,0
1790096622546,1
1790096622547,0
1790096622918,0
1790096622919,0
1790096623272,1
1790096623272,0
1790096623637,1
1790096623637,0
1790096624000,0
1790096624000,0
1790096624421,1
1790096624421,0
1790096624789,1
1790096624789,0
1790096625190,0
1790096625190,0
1790096625622,1
1790096625622,0
1790096626051,1
1790096626051,0
1790096626452,0
1790096626452,0
1790096626802,1
1790096626802,0
1790096627165,1
1790096627166,0
1790096627541,0
1790096627541,0
1790096627925,1
1790096627925,0
1790096628307,1
1790096628308,0
1790096628707,0
1790096628708,0
1790096629135,1
1790096629135,0
1790096629561,1
1790096629562,0
1790096629999,0
1790096629999,0
1790096630420,1
1790096630421,0
1790096630844,1
1790096630844,0
1790096631273,0
1790096631273,0
1790096631698,1
1790096631698,0
1790096632118,1
1790096632118,0
1790096632453,0
1790096632453,0
1790096632849,1
1790096632850,0
1790096633276,1
1790096633277,0
1790096633705,0
1790096633706,0
1790096633922,1
1790096633922,0
1790096634311,1
1790096634311,0
1790096634709,0
1790096634710,0
1790096635098,1
1790096635098,0
1790096635307,1
1790096635307,0
1790096635651,0
1790096635651,0
1790096635982,1
1790096635982,0
1790096636174,1
1790096636174,0
1790096636538,0
1790096636538,0
1790096636926,1
1790096636926,0
1790096637288,1
1790096637288,0
1790096637658,0
1790096637659,0
1790096638019,1
1790096638020,0
1790096638380,1
1790096638380,0
1790096638756,0
1790096638756,0
1790096638964,1
1790096638964,0
1790096639349,1
1790096639350,0
1790096639686,1
1790096639686,0
1790096640013,1
1790096640014,0
1790096640376,1
1790096640376,0
1790096640811,0
1790096640811,0
1790096641232,1
1790096641232,0
1790096641653,1
1790096641653,0
1790096642029,0
1790096642029,0
1790096642391,1
1790096642391,0
1790096642753,1
1790096642753,0
1790096643122,0
1790096643122,0
1790096643549,1
1790096643549,0
1790096643939,1
1790096643940,0
1790096644279,0
1790096644279,0
1790096644608,1
1790096644608,0
1790096644923,1
1790096644923,0
1790096645264,0
1790096645264,0
1790096645593,1
1790096645594,0
1790096645942,1
1790096645943,0
1790096646286,0
1790096646286,0
1790096646650,1
1790096646650,0
1790096647015,1
1790096647015,0
1790096647443,0
1790096647444,0
1790096647644,1
1790096647644,0
1790096647846,1
1790096647846,0
1790096648044,0
1790096648044,0
1790096648396,1
1790096648396,0
1790096648766,1
1790096648767,0
1790096649169,0
1790096649169,0
1790096649567,1
1790096649568,0
1790096649923,1
1790096649923,0
1790096650136,0
1790096650136,0
1790096650556,1
1790096650557,0
1790096650982,1
1790096650982,0
1790096651414,0
1790096651415,0
1790096651835,1
1790096651835,0
1790096652163,1
1790096652163,0
1790096652380,0
1790096652380,0
1790096652720,1
1790096652721,0
1790096653089,1
1790096653089,0
1790096653447,0
1790096653447,0
1790096653635,1
1790096653635,0
1790096654045,1
1790096654045,0
1790096654479,0
1790096654479,0
1790096654902,1
1790096654902,0
1790096655298,1
1790096655298,0
1790096655514,0
1790096655514,0
1790096655717,1
1790096655718,0
1790096656040,1
1790096656040,0
1790096656413,0
1790096656413,0
1790096656832,1
1790096656832,0
1790096657253,1
1790096657253,0
1790096657684,0
1790096657684,0
1790096658107,1
1790096658107,0
1790096658529,1
1790096658529,0
1790096658858,0
1790096658859,0
1790096659252,1
1790096659252,0
1790096659615,1
1790096659615,0
1790096660015,0
1790096660016,0
1790096660411,1
1790096660411,0
1790096660803,1
1790096660803,0
1790096661017,0
1790096661017,0
1790096661225,1
1790096661225,0
1790096661428,1
1790096661428,0
1790096661818,0
1790096661818,0
1790096662236,1
1790096662236,0
1790096662661,1
1790096662661,0
1790096663029,0
1790096663029,0
1790096663422,1
1790096663422,0
1790096663724,1
1790096663724,0
1790096664064,0
1790096664065,0
1790096664401,1
1790096664401,0
1790096664739,1
1790096664739,0
1790096665082,0
1790096665082,0
1790096665444,1
1790096665444,0
1790096665805,1
1790096665805,0
1790096666021,0
1790096666021,0
1790096666224,1
1790096666224,0
1790096666428,1
1790096666428,0
1790096666857,0
1790096666857,0
1790096667226,1
1790096667226,0
1790096667593,1
1790096667593,0
1790096667962,0
1790096667962,0
1790096668172,1
1790096668172,0
1790096668497,1
1790096668497,0
1790096668818,0
1790096668819,0
1790096669147,1
1790096669148,0
1790096669571,1
1790096669572,0
1790096669774,0
1790096669774,0
1790096670102,1
1790096670103,0
1790096670433,1
1790096670433,0
1790096670762,0
1790096670763,0
1790096671091,1
1790096671091,0
1790096671450,1
1790096671450,0
1790096671666,0
1790096671666,0
1790096671995,1
1790096671996,0
1790096672387,1
1790096672387,0
1790096672789,0
1790096672789,0
1790096673200,1
1790096673201,0
1790096673620,1
1790096673620,0
1790096674042,0
1790096674042,0
1790096674467,1
1790096674467,0
1790096674678,1
1790096674678,0
1790096675075,0
1790096675075,0
1790096675452,1
1790096675453,0
