1790099642855,1
1790099642864,0
1790099643293,0
1790099643294,0
1790099643570,1
1790099643571,0
1790099644008,1
1790099644008,0
1790099644447,1
1790099644448,0
1790099644758,1
1790099644758,0
1790099644977,1
1790099644978,0
1790099645224,1
1790099645225,0
1790099645373,1
1790099645374,0
1790099645682,1
1790099645682,0
1790099646074,1
1790099646075,0
1790099646444,1
1790099646444,0
1790099646818,1
1790099646818,0
1790099647199,1
1790099647200,0
1790099647610,1
1790099647611,0
1790099647993,1
1790099647993,0
1790099648373,1
1790099648374,0
1790099648692,1
1790099648692,0
1790099648994,1
1790099648994,0
1790099649306,1
1790099649307,0
1790099649689,1
1790099649689,0
1790099649847,0
1790099649847,0
1790099650288,1
1790099650289,0
1790099650653,1
1790099650653,0
1790099650959,1
1790099650960,0
1790099651391,1
1790099651391,0
1790099651821,1
1790099651822,0
1790099652189,1
1790099652190,0
1790099652528,1
1790099652529,0
1790099652875,1
1790099652876,0
1790099653220,1
1790099653221,0
1790099653561,1
1790099653562,0
1790099653939,1
1790099653940,0
1790099654263,1
1790099654264,0
1790099654701,1
1790099654701,0
1790099655081,1
1790099655081,0
1790099655451,1
1790099655451,0
1790099655821,1
1790099655821,0
1790099656190,1
1790099656190,0
1790099656532,1
1790099656532,0
1790099656941,1
1790099656941,0
1790099657250,1
1790099657251,0
1790099657629,1
1790099657629,0
1790099657974,1
1790099657974,0
1790099658390,1
1790099658390,0
1790099658730,1
1790099658731,0
1790099659068,1
1790099659069,0
1790099659211,1
1790099659212,0
1790099659489,1
1790099659490,0
1790099659845,1
1790099659845,0
1790099660149,1
1790099660150,0
1790099660435,1
1790099660435,0
1790099660785,1
1790099660786,0
1790099661064,1
1790099661064,0
1790099661344,1
1790099661344,0
1790099661621,1
1790099661621,0
1790099661901,1
1790099661902,0
1790099662052,1
1790099662052,0
1790099662203,1
1790099662203,0
1790099662569,1
1790099662569,0
1790099662948,1
1790099662952,0
1790099663253,1
1790099663254,0
1790099663401,1
1790099663401,0
1790099663682,1
1790099663684,0
1790099663960,1
1790099663961,0
1790099664223,1
1790099664224,0
1790099664591,1
1790099664592,0
1790099664903,1
1790099664903,0
1790099665289,1
1790099665290,0
1790099665599,1
1790099665599,0
1790099665822,1
1790099665822,0
1790099666222,1
1790099666223,0
1790099666437,1
1790099666437,0
1790099666578,1
1790099666579,0
1790099666736,1
1790099666737,0
1790099666888,1
1790099666888,0
1790099667228,1
1790099667228,0
1790099667565,1
1790099667565,0
1790099667719,1
1790099667719,0
1790099667928,1
1790099667928,0
1790099668143,1
1790099668144,0
1790099668444,1
1790099668444,0
1790099668603,1
1790099668603,0
1790099668808,1
1790099668808,0
1790099668960,1
1790099668960,0
1790099669264,1
1790099669264,0
1790099669553,1
1790099669554,0
1790099669831,1
1790099669832,0
1790099670104,1
1790099670104,0
1790099670435,1
1790099670435,0
1790099670580,1
1790099670580,0
1790099671004,1
1790099671004,0
1790099671437,1
1790099671438,0
1790099671801,1
1790099671802,0
1790099672167,1
1790099672167,0
1790099672320,1
1790099672324,0
1790099672625,1
1790099672626,0
1790099673066,1
1790099673066,0
1790099673470,1
1790099673470,0
1790099673865,1
1790099673865,0
1790099674195,1
1790099674196,0
1790099674633,1
1790099674634,0
1790099675007,1
1790099675008,0
1790099675369,1
1790099675371,0
1790099675519,1
1790099675520,0
1790099675828,1
1790099675829,0
1790099676139,1
1790099676139,0
1790099676299,1
1790099676299,0
1790099676661,1
1790099676661,0
1790099677002,1
1790099677002,0
1790099677308,1
1790099677309,0
1790099677620,1
1790099677620,0
1790099677928,1
1790099677928,0
1790099678232,1
1790099678233,0
1790099678379,1
1790099678379,0
1790099678716,1
1790099678716,0
1790099678995,1
1790099678995,0
1790099679387,1
1790099679388,0
1790099679726,1
1790099679727,0
1790099680068,1
1790099680068,0
1790099680224,1
1790099680224,0
1790099680442,1
1790099680443,0
1790099680591,1
1790099680591,0
1790099680956,1
1790099680957,0
1790099681298,1
1790099681301,0
1790099681634,1
1790099681636,0
1790099682006,1
1790099682007,0
1790099682389,1
1790099682391,0
1790099682710,0
1790099682717,0
1790099683024,0
1790099683025,0
1790099683392,1
1790099683393,0
1790099683695,1
1790099683696,0
1790099683995,1
1790099683995,0
1790099684291,1
1790099684291,0
1790099684572,1
1790099684572,0
1790099684938,1
1790099684938,0
1790099685210,1
1790099685210,0
1790099685558,1
1790099685558,0
1790099685863,1
1790099685864,0
1790099686222,1
1790099686223,0
1790099686552,1
1790099686552,0
1790099686827,1
1790099686827,0
1790099687130,1
1790099687131,0
1790099687479,1
1790099687480,0
1790099687759,1
1790099687759,0
1790099687904,1
1790099687905,0
1790099688337,1
1790099688337,0
1790099688758,1
1790099688759,0
1790099689060,1
1790099689060,0
1790099689416,1
1790099689417,0
1790099689722,1
1790099689723,0
1790099690026,1
1790099690027,0
1790099690172,1
1790099690173,0
1790099690443,1
1790099690444,0
1790099690779,1
1790099690780,0
1790099691058,1
1790099691059,0
1790099691332,1
1790099691332,0
1790099691691,1
1790099691692,0
1790099691965,1
1790099691966,0
1790099692237,1
1790099692238,0
1790099692515,1
1790099692516,0
1790099692814,1
1790099692814,0
1790099693250,1
1790099693251,0
1790099693611,1
1790099693611,0
1790099693882,1
1790099693883,0
1790099694028,1
1790099694028,0
1790099694221,1
1790099694221,0
1790099694578,1
1790099694578,0
1790099694884,1
1790099694884,0
1790099695186,1
1790099695186,0
1790099695493,1
1790099695493,0
1790099695795,1
1790099695795,0
1790099696129,1
1790099696129,0
1790099696532,1
1790099696533,0
1790099696805,1
1790099696806,0
1790099697078,1
1790099697078,0
1790099697406,1
1790099697407,0
1790099697714,1
1790099697714,0
1790099698019,1
1790099698019,0
1790099698321,1
1790099698321,0
1790099698595,1
1790099698596,0
1790099698910,1
1790099698910,0
1790099699210,1
1790099699211,0
1790099699355,1
1790099699356,0
1790099699630,1
1790099699630,0
1790099699903,1
1790099699905,0
1790099700271,1
1790099700271,0
1790099700633,1
1790099700633,0
1790099700991,1
1790099700992,0
1790099701348,1
1790099701348,0
1790099701715,1
1790099701717,0
1790099701928,1
1790099701928,0
1790099702326,1
1790099702328,0
1790099702606,0
1790099702607,0
1790099702948,1
1790099702949,0
1790099703097,1
1790099703097,0
1790099703462,1
1790099703462,0
1790099703881,1
1790099703881,0
1790099704238,1
1790099704239,0
1790099704514,1
1790099704514,0
1790099704849,1
1790099704849,0
1790099705253,1
1790099705253,0
1790099705556,1
1790099705556,0
1790099705856,1
1790099705857,0
1790099706220,1
1790099706221,0
1790099706493,1
1790099706493,0
1790099706760,1
1790099706761,0
1790099707027,1
1790099707027,0
1790099707294,1
1790099707294,0
1790099707660,1
1790099707660,0
1790099708034,1
1790099708035,0
1790099708372,1
1790099708372,0
1790099708705,1
1790099708705,0
1790099709036,1
1790099709036,0
1790099709180,1
1790099709181,0
1790099709509,1
1790099709509,0
1790099709841,1
1790099709841,0
1790099710174,1
1790099710175,0
1790099710314,1
1790099710314,0
1790099710529,1
1790099710529,0
1790099710669,1
1790099710669,0
1790099710821,1
1790099710821,0
1790099711127,1
1790099711127,0
1790099711463,1
1790099711464,0
1790099711609,1
1790099711609,0
1790099711757,1
1790099711757,0
1790099711902,1
1790099711902,0
1790099712045,1
1790099712045,0
1790099712379,1
1790099712379,0
1790099712840,1
1790099712840,0
1790099713194,1
1790099713195,0
1790099713469,1
1790099713469,0
1790099713737,1
1790099713737,0
1790099714038,1
1790099714038,0
1790099714382,1
1790099714383,0
1790099714680,1
1790099714680,0
1790099714986,1
1790099714987,0
1790099715322,1
1790099715322,0
1790099715685,1
1790099715686,0
1790099716045,1
1790099716046,0
1790099716349,1
1790099716350,0
1790099716498,1
1790099716498,0
1790099716872,1
1790099716872,0
1790099717024,1
1790099717024,0
1790099717174,1
1790099717175,0
1790099717323,1
1790099717323,0
1790099717471,1
1790099717471,0
1790099717742,1
1790099717743,0
1790099718014,1
1790099718014,0
1790099718378,1
1790099718378,0
1790099718752,1
1790099718753,0
1790099719123,1
1790099719123,0
1790099719469,1
1790099719470,0
1790099719815,1
1790099719815,0
1790099720149,1
1790099720149,0
1790099720490,1
1790099720490,0
1790099720876,1
1790099720878,0
1790099721199,1
1790099721200,0
1790099721505,1
1790099721505,0
1790099721773,1
1790099721773,0
1790099722135,1
1790099722135,0
1790099722497,1
1790099722497,0
1790099722760,1
1790099722760,0
1790099723034,1
1790099723035,0
1790099723308,1
1790099723309,0
1790099723584,1
1790099723584,0
1790099723882,1
1790099723882,0
1790099724148,1
1790099724148,0
1790099724507,1
1790099724507,0
1790099724651,1
1790099724651,0
1790099724863,1
1790099724863,0
1790099725223,1
1790099725224,0
1790099725554,1
1790099725555,0
1790099725882,1
1790099725882,0
1790099726224,1
1790099726224,0
1790099726523,1
1790099726523,0
1790099726668,1
1790099726668,0
1790099726814,1
1790099726814,0
1790099727086,1
1790099727086,0
1790099727389,1
1790099727389,0
1790099727533,1
1790099727533,0
1790099727803,1
1790099727803,0
1790099728071,1
1790099728071,0
1790099728345,1
1790099728345,0
1790099728624,1
1790099728625,0
1790099728901,1
1790099728902,0
1790099729200,1
1790099729202,0
1790099729422,1
1790099729423,0
1790099729693,1
1790099729693,0
1790099729968,1
1790099729968,0
1790099730105,1
1790099730106,0
1790099730432,1
1790099730432,0
1790099730754,1
1790099730754,0
1790099731095,1
1790099731095,0
1790099731418,1
1790099731418,0
1790099731563,1
1790099731564,0
1790099731707,1
1790099731707,0
1790099732068,1
1790099732069,0
1790099732215,1
1790099732215,0
1790099732573,1
1790099732573,0
1790099732718,1
1790099732719,0
1790099732859,1
1790099732859,0
1790099733003,1
1790099733003,0
1790099733145,1
1790099733145,0
1790099733440,1
1790099733440,0
1790099733807,1
1790099733808,0
1790099733955,1
1790099733955,0
1790099734310,1
1790099734310,0
1790099734681,1
1790099734682,0
1790099735013,1
1790099735014,0
1790099735159,1
1790099735159,0
1790099735303,1
1790099735304,0
1790099735450,1
1790099735451,0
1790099735595,1
1790099735596,0
1790099735737,1
1790099735737,0
1790099735884,1
1790099735884,0
1790099736245,1
1790099736246,0
1790099736388,1
1790099736388,0
1790099736752,1
1790099736752,0
1790099737188,1
1790099737188,0
1790099737551,1
1790099737552,0
1790099737914,1
1790099737915,0
1790099738276,1
1790099738276,0
1790099738632,1
1790099738634,0
1790099738994,1
1790099738994,0
1790099739263,1
1790099739263,0
1790099739559,1
1790099739559,0
1790099739857,1
1790099739857,0
1790099740153,1
1790099740154,0
1790099740454,1
1790099740455,0
1790099740755,1
1790099740756,0
1790099741049,1
1790099741049,0
1790099741195,1
1790099741195,0
1790099741527,1
1790099741527,0
1790099741859,1
1790099741859,0
1790099742162,1
1790099742162,0
1790099742437,1
1790099742437,0
1790099742714,1
1790099742714,0
1790099743046,1
1790099743047,0
1790099743379,1
1790099743380,0
1790099743706,1
1790099743707,0
1790099744041,1
1790099744041,0
1790099744399,1
1790099744400,0
1790099744763,1
1790099744764,0
1790099744905,1
1790099744905,0
1790099745179,1
1790099745180,0
1790099745444,1
1790099745444,0
1790099745714,1
1790099745715,0
1790099745981,1
1790099745981,0
1790099746251,1
1790099746251,0
1790099746523,1
1790099746523,0
1790099746824,1
1790099746825,0
1790099747096,1
1790099747096,0
1790099747376,0
1790099747376,0
1790099747743,1
1790099747744,0
1790099747945,1
1790099747946,0
1790099748279,1
1790099748279,0
1790099748579,1
1790099748579,0
1790099748882,1
1790099748883,0
1790099749182,1
1790099749182,0
1790099749482,1
1790099749482,0
1790099749792,1
1790099749792,0
1790099750096,1
1790099750096,0
1790099750365,1
1790099750366,0
1790099750734,1
1790099750734,0
1790099751100,1
1790099751101,0
1790099751401,1
1790099751401,0
1790099751762,1
1790099751762,0
1790099752126,1
1790099752126,0
1790099752488,1
1790099752489,0
1790099752844,1
1790099752845,0
1790099753114,1
1790099753114,0
1790099753386,1
1790099753387,0
1790099753653,1
1790099753653,0
1790099753975,1
1790099753976,0
1790099754306,1
1790099754306,0
1790099754666,1
1790099754666,0
1790099755026,1
1790099755026,0
1790099755397,1
1790099755397,0
1790099755765,1
1790099755765,0
1790099756102,1
1790099756105,0
1790099756417,1
1790099756418,0
1790099756568,1
1790099756568,0
1790099756724,1
1790099756725,0
1790099756873,1
1790099756874,0
1790099757247,1
1790099757254,0
1790099757402,1
1790099757403,0
1790099757551,1
1790099757552,0
1790099757697,1
1790099757697,0
1790099757966,1
1790099757968,0
1790099758295,1
1790099758295,0
1790099758624,1
1790099758625,0
1790099758773,1
1790099758773,0
1790099759100,1
1790099759100,0
1790099759426,1
1790099759426,0
1790099759796,1
1790099759797,0
1790099760158,1
1790099760158,0
1790099760519,1
1790099760520,0
1790099760881,1
1790099760882,0
1790099761183,1
1790099761183,0
1790099761332,1
1790099761332,0
1790099761603,1
1790099761603,0
1790099761952,1
1790099761952,0
1790099762224,1
1790099762224,0
1790099762367,1
1790099762367,0
1790099762638,1
1790099762639,0
1790099762904,1
1790099762904,0
1790099763176,1
1790099763176,0
1790099763320,1
1790099763321,0
1790099763619,1
1790099763620,0
1790099763919,1
1790099763919,0
1790099764248,1
1790099764249,0
1790099764575,1
1790099764575,0
1790099764909,1
1790099764909,0
1790099765056,1
1790099765056,0
1790099765206,1
1790099765206,0
1790099765353,1
1790099765353,0
1790099765492,1
1790099765493,0
1790099765792,1
1790099765792,0
1790099766121,1
1790099766121,0
1790099766480,1
1790099766481,0
1790099766751,1
1790099766751,0
1790099767103,1
1790099767104,0
1790099767470,1
1790099767470,0
1790099767834,1
1790099767834,0
1790099768197,1
1790099768197,0
1790099768559,1
1790099768559,0
1790099768836,1
1790099768837,0
1790099769196,1
1790099769197,0
1790099769554,1
1790099769554,0
1790099769825,1
1790099769825,0
1790099770127,1
1790099770127,0
1790099770272,1
1790099770272,0
1790099770605,1
1790099770605,0
1790099770935,1
1790099770935,0
1790099771266,1
1790099771266,0
1790099771595,1
1790099771595,0
1790099771857,1
1790099771858,0
1790099772219,1
1790099772220,0
1790099772489,1
1790099772489,0
1790099772749,1
1790099772749,0
1790099773073,1
1790099773073,0
1790099773220,1
1790099773221,0
1790099773435,1
1790099773436,0
1790099773577,1
1790099773578,0
1790099773726,1
1790099773726,0
1790099774027,1
1790099774027,0
1790099774166,1
1790099774166,0
1790099774308,1
1790099774308,0
1790099774581,1
1790099774581,0
1790099774918,1
1790099774918,0
1790099775315,1
1790099775315,0
1790099775716,1
1790099775716,0
1790099776045,1
1790099776045,0
1790099776366,1
1790099776366,0
1790099776693,1
1790099776693,0
1790099777023,1
1790099777023,0
1790099777160,1
1790099777160,0
1790099777461,1
1790099777461,0
1790099777726,1
1790099777726,0
1790099777996,1
1790099777997,0
1790099778322,1
1790099778323,0
1790099778465,1
1790099778465,0
1790099778608,1
1790099778608,0
1790099778756,1
1790099778756,0
1790099779092,1
1790099779092,0
1790099779419,1
1790099779420,0
1790099779753,1
1790099779753,0
1790099780083,1
1790099780084,0
1790099780414,1
1790099780414,0
1790099780779,1
1790099780779,0
1790099781052,1
1790099781053,0
1790099781325,1
1790099781325,0
1790099781597,1
1790099781598,0
1790099781864,1
1790099781864,0
1790099782228,1
1790099782229,0
1790099782498,1
1790099782499,0
1790099782859,1
1790099782859,0
1790099783001,1
1790099783001,0
1790099783152,1
1790099783152,0
1790099783507,1
1790099783507,0
1790099783653,1
1790099783654,0
1790099783805,1
1790099783805,0
1790099783947,1
1790099783947,0
1790099784213,1
1790099784213,0
1790099784486,1
1790099784486,0
1790099784759,1
1790099784760,0
1790099785058,1
1790099785058,0
1790099785332,1
1790099785332,0
1790099785477,1
1790099785478,0
1790099785744,1
1790099785744,0
1790099786013,1
1790099786013,0
1790099786287,1
1790099786287,0
1790099786554,1
1790099786554,0
1790099786850,1
1790099786850,0
1790099786995,1
1790099786995,0
1790099787356,1
1790099787356,0
1790099787656,1
1790099787657,0
1790099787953,1
1790099787953,0
1790099788253,1
1790099788253,0
1790099788551,1
1790099788551,0
1790099788851,1
1790099788852,0
1790099789142,1
1790099789142,0
1790099789501,1
1790099789502,0
1790099789832,1
1790099789832,0
1790099790163,1
1790099790163,0
1790099790434,1
1790099790434,0
1790099790792,1
1790099790792,0
1790099791098,1
1790099791098,0
1790099791245,1
1790099791245,0
1790099791392,1
1790099791392,0
1790099791542,1
1790099791542,0
1790099791691,1
1790099791691,0
1790099791836,1
1790099791837,0
1790099792137,1
1790099792137,0
1790099792281,1
1790099792282,0
1790099792574,1
1790099792574,0
1790099792872,1
1790099792872,0
1790099793202,1
1790099793202,0
1790099793469,1
1790099793470,0
1790099793740,1
1790099793741,0
1790099794007,1
1790099794007,0
1790099794274,1
1790099794274,0
1790099794632,1
1790099794632,0
1790099794992,1
1790099794992,0
1790099795143,1
1790099795143,0
1790099795440,1
1790099795440,0
1790099795764,1
1790099795764,0
1790099796125,1
1790099796125,0
1790099796484,1
1790099796485,0
1790099796845,1
1790099796845,0
1790099797202,1
1790099797202,0
1790099797531,1
1790099797531,0
1790099797893,1
1790099797893,0
1790099798038,1
1790099798038,0
1790099798186,1
1790099798186,0
1790099798331,1
1790099798331,0
1790099798631,1
1790099798631,0
1790099798989,1
1790099798989,0
1790099799345,1
1790099799345,0
1790099799715,1
1790099799715,0
1790099800045,1
1790099800046,0
1790099800193,1
1790099800193,0
1790099800337,1
1790099800337,0
1790099800694,1
1790099800694,0
1790099800836,1
1790099800836,0
1790099801162,1
1790099801162,0
1790099801513,1
1790099801513,0
1790099801868,1
1790099801868,0
1790099802228,1
1790099802228,0
1790099802595,1
1790099802595,0
1790099802957,1
1790099802957,0
1790099803231,1
1790099803231,0
1790099803373,1
1790099803373,0
1790099803646,1
1790099803646,0
1790099803913,1
1790099803913,0
1790099804241,1
1790099804241,0
1790099804387,1
1790099804387,0
1790099804530,1
1790099804530,0
1790099804671,1
1790099804671,0
1790099804814,1
1790099804814,0
1790099805174,1
1790099805174,0
1790099805528,1
1790099805529,0
1790099805890,1
1790099805890,0
1790099806248,1
1790099806248,0
1790099806602,1
1790099806602,0
1790099806868,1
1790099806868,0
1790099807141,1
1790099807141,0
1790099807409,1
1790099807409,0
1790099807680,1
1790099807680,0
1790099807826,1
1790099807827,0
1790099808154,1
1790099808155,0
1790099808486,1
1790099808489,0
1790099808632,1
1790099808632,0
1790099808775,1
1790099808776,0
1790099809132,1
1790099809132,0
1790099809398,1
1790099809398,0
1790099809663,1
1790099809663,0
1790099809935,1
1790099809935,0
1790099810079,1
1790099810080,0
1790099810375,1
1790099810375,0
1790099810677,1
1790099810677,0
1790099811005,1
1790099811005,0
1790099811307,1
1790099811307,0
1790099811452,1
1790099811452,0
1790099811780,1
1790099811780,0
1790099812109,1
1790099812109,0
1790099812433,1
1790099812434,0
1790099812761,1
1790099812761,0
1790099813116,1
1790099813126,0
1790099813451,1
1790099813673,0
1790099813821,1
1790099813842,0
1790099814106,1
1790099814118,0
1790099814400,1
1790099814420,0
1790099814691,1
1790099814691,0
1790099815017,1
1790099815017,0
1790099815344,1
1790099815345,0
1790099815672,1
1790099815673,0
1790099815944,1
1790099815944,0
1790099816088,1
1790099816088,0
1790099816229,1
1790099816229,0
1790099816558,1
1790099816558,0
1790099816860,1
1790099816861,0
1790099817222,1
1790099817222,0
1790099817518,1
1790099817518,0
1790099817818,1
1790099817818,0
1790099818115,1
1790099818115,0
1790099818411,1
1790099818411,0
1790099818547,1
1790099818547,0
1790099818692,1
1790099818692,0
1790099819024,1
1790099819025,0
1790099819291,1
1790099819291,0
1790099819554,1
1790099819554,0
1790099819878,1
1790099819878,0
1790099820233,1
1790099820233,0
1790099820590,1
1790099820590,0
1790099820945,1
1790099820945,0
1790099821241,1
1790099821241,0
1790099821599,1
1790099821599,0
1790099821955,1
1790099821955,0
1790099822226,1
1790099822226,0
1790099822556,1
1790099822556,0
1790099822880,1
1790099822880,0
1790099823210,1
1790099823210,0
1790099823533,1
1790099823533,0
1790099823861,1
1790099823862,0
1790099824180,1
1790099824180,0
1790099824450,1
1790099824450,0
1790099824718,0
1790099824719,0
1790099824863,1
1790099824866,0
1790099825163,1
1790099825163,0
1790099825455,1
1790099825455,0
1790099825811,1
1790099825811,0
1790099826075,1
1790099826075,0
1790099826348,1
1790099826348,0
1790099826620,1
1790099826620,0
1790099826887,1
1790099826888,0
1790099827213,1
1790099827213,0
1790099827536,1
1790099827536,0
1790099827891,1
1790099827892,0
1790099828224,1
1790099828224,0
1790099828591,1
1790099828591,0
1790099828738,1
1790099828738,0
1790099828881,1
1790099828882,0
1790099829026,1
1790099829026,0
1790099829168,1
1790099829169,0
1790099829504,1
1790099829505,0
1790099829653,1
1790099829654,0
1790099830028,1
1790099830029,0
1790099830390,1
1790099830390,0
1790099830751,1
1790099830751,0
1790099830892,1
1790099830893,0
1790099831043,1
1790099831043,0
1790099831190,1
1790099831190,0
1790099831340,1
1790099831341,0
1790099831656,1
1790099831656,0
1790099831807,1
1790099831807,0
1790099831963,1
1790099831963,0
1790099832305,1
1790099832305,0
1790099832649,1
1790099832649,0
1790099832926,1
1790099832926,0
1790099833293,1
1790099833293,0
1790099833659,1
1790099833659,0
1790099834017,1
1790099834018,0
1790099834380,1
1790099834380,0
1790099834744,1
1790099834744,0
1790099835117,1
1790099835117,0
1790099835485,1
1790099835485,0
1790099835819,1
1790099835820,0
1790099836149,1
1790099836149,0
1790099836306,1
1790099836306,0
1790099836590,1
1790099836590,0
1790099836865,1
1790099836866,0
1790099837127,1
1790099837128,0
1790099837282,1
1790099837283,0
1790099837593,1
1790099837593,0
1790099837894,1
1790099837894,0
1790099838041,1
1790099838041,0
1790099838410,1
1790099838410,0
1790099838557,1
1790099838557,0
1790099838864,1
1790099838864,0
1790099839159,1
1790099839159,0
1790099839465,1
1790099839466,0
1790099839782,1
1790099839783,0
1790099840128,1
1790099840128,0
1790099840442,1
1790099840443,0
1790099840582,1
1790099840583,0
1790099840957,1
1790099840957,0
1790099841331,1
1790099841331,0
1790099841669,1
1790099841669,0
1790099842007,1
1790099842007,0
1790099842344,1
1790099842344,0
1790099842683,1
1790099842683,0
1790099842960,1
1790099842960,0
1790099843264,1
1790099843264,0
1790099843575,1
1790099843575,0
1790099843906,1
1790099843906,0
1790099844186,1
1790099844187,0
1790099844559,1
1790099844559,0
1790099844901,1
1790099844902,0
1790099845248,1
1790099845248,0
1790099845586,1
1790099845586,0
1790099845926,1
1790099845926,0
1790099846197,1
1790099846197,0
1790099846469,1
1790099846470,0
1790099846617,1
1790099846617,0
1790099846931,1
1790099846931,0
1790099847239,1
1790099847239,0
1790099847535,1
1790099847535,0
1790099847905,1
1790099847905,0
1790099848279,1
1790099848280,0
1790099848645,1
1790099848645,0
1790099848805,1
1790099848805,0
1790099849078,1
1790099849078,0
1790099849356,1
1790099849356,0
1790099849687,1
1790099849687,0
1790099849962,1
1790099849962,0
1790099850117,1
1790099850117,0
1790099850265,1
1790099850265,0
1790099850421,1
1790099850421,0
1790099850577,1
1790099850577,0
1790099850720,1
1790099850720,0
1790099851060,1
1790099851060,0
1790099851213,1
1790099851213,0
1790099851549,1
1790099851549,0
1790099851922,1
1790099851922,0
1790099852283,1
1790099852284,0
1790099852645,1
1790099852645,0
1790099852952,1
1790099852954,0
1790099853261,1
1790099853261,0
1790099853563,1
1790099853563,0
1790099853903,1
1790099853903,0
1790099854259,1
1790099854259,0
1790099854616,1
1790099854616,0
1790099854892,1
1790099854892,0
1790099855235,1
1790099855235,0
1790099855579,1
1790099855579,0
1790099855921,1
1790099855921,0
1790099856260,1
1790099856260,0
1790099856595,1
1790099856596,0
1790099856927,1
1790099856927,0
1790099857197,1
1790099857197,0
1790099857524,1
1790099857524,0
1790099857800,1
1790099857800,0
1790099858108,1
1790099858108,0
1790099858405,1
1790099858406,0
1790099858739,1
1790099858739,0
1790099859044,1
1790099859044,0
1790099859355,1
1790099859355,0
1790099859670,1
1790099859670,0
1790099859816,1
1790099859817,0
1790099860180,1
1790099860180,0
1790099860538,1
1790099860539,0
1790099860682,1
1790099860682,0
1790099860996,1
1790099860996,0
1790099861343,1
1790099861343,0
1790099861610,1
1790099861610,0
1790099861886,1
1790099861886,0
1790099862151,1
1790099862151,0
1790099862427,1
1790099862427,0
1790099862775,1
1790099862776,0
1790099863136,1
1790099863137,0
1790099863291,1
1790099863292,0
1790099863446,1
1790099863446,0
1790099863605,1
1790099863605,0
1790099863911,1
1790099863912,0
1790099864060,1
1790099864060,0
1790099864214,1
1790099864214,0
1790099864355,1
1790099864356,0
1790099864710,1
1790099864711,0
1790099864978,1
1790099864979,0
1790099865252,1
1790099865253,0
1790099865585,1
1790099865586,0
1790099865961,1
1790099865962,0
1790099866334,1
1790099866334,0
1790099866605,1
1790099866605,0
1790099866871,1
1790099866871,0
1790099867135,1
1790099867135,0
1790099867411,1
1790099867412,0
1790099867718,1
1790099867718,0
1790099868023,1
1790099868023,0
1790099868388,1
1790099868389,0
1790099868744,1
1790099868744,0
1790099869119,1
1790099869119,0
1790099869429,1
1790099869430,0
1790099869786,1
1790099869786,0
1790099870141,1
1790099870142,0
1790099870507,1
1790099870507,0
1790099870650,1
1790099870650,0
1790099871015,1
1790099871015,0
1790099871380,1
1790099871380,0
1790099871687,1
1790099871688,0
1790099871917,1
1790099871918,0
1790099872133,1
1790099872134,0
1790099872575,1
1790099872575,0
1790099873013,1
1790099873013,0
1790099873451,1
1790099873451,0
1790099873822,1
1790099873823,0
1790099874179,1
1790099874179,0
1790099874612,1
1790099874613,0
1790099874832,1
1790099874832,0
1790099875187,1
1790099875187,0
1790099875549,1
1790099875549,0
1790099875939,1
1790099875939,0
1790099876357,1
1790099876357,0
1790099876769,1
1790099876769,0
1790099877112,1
1790099877112,0
1790099877451,1
1790099877451,0
1790099877899,1
1790099877899,0
1790099878339,1
1790099878340,0
1790099878785,1
1790099878785,0
1790099879218,1
1790099879218,0
1790099879433,1
1790099879433,0
1790099879853,1
1790099879854,0
1790099880247,1
1790099880247,0
1790099880592,1
1790099880592,0
1790099880936,1
1790099880937,0
1790099881342,1
1790099881342,0
1790099881555,1
1790099881555,0
1790099881963,1
1790099881963,0
1790099882336,1
1790099882336,0
1790099882724,1
1790099882724,0
1790099883174,1
1790099883174,0
1790099883573,1
1790099883574,0
1790099883988,1
1790099883988,0
1790099884333,1
1790099884333,0
1790099884743,1
1790099884743,0
1790099885182,1
1790099885182,0
1790099885625,1
1790099885625,0
1790099885903,1
1790099885904,0
1790099886256,1
1790099886258,0
1790099886484,1
1790099886484,0
1790099886836,1
1790099886837,0
1790099887184,1
1790099887185,0
1790099887534,1
1790099887534,0
1790099887816,1
1790099887817,0
1790099887969,1
1790099887969,0
1790099888315,1
1790099888315,0
1790099888696,1
1790099888696,0
1790099889080,1
1790099889081,0
1790099889448,1
1790099889449,0
1790099889798,1
1790099889798,0
1790099890200,1
1790099890200,0
1790099890579,1
1790099890579,0
1790099890870,1
1790099890870,0
1790099891092,1
1790099891093,0
1790099891471,1
1790099891472,0
1790099891869,1
1790099891870,0
1790099892019,1
1790099892019,0
1790099892472,1
1790099892472,0
1790099892711,1
1790099892712,0
1790099893080,1
1790099893081,0
1790099893465,1
1790099893465,0
1790099893858,1
1790099893859,0
1790099894159,1
1790099894160,0
1790099894521,1
1790099894521,0
1790099894936,1
1790099894937,0
1790099895381,1
1790099895382,0
1790099895827,1
1790099895827,0
1790099896269,1
1790099896269,0
1790099896688,1
1790099896688,0
1790099897033,1
1790099897033,0
1790099897379,1
1790099897380,0
1790099897725,1
1790099897726,0
1790099898032,1
1790099898032,0
1790099898470,1
1790099898471,0
1790099898911,1
1790099898911,0
1790099899326,1
1790099899327,0
1790099899708,1
1790099899708,0
1790099900056,1
1790099900057,0
1790099900475,1
1790099900476,0
1790099900877,1
1790099900877,0
1790099901298,1
1790099901299,0
1790099901632,1
1790099901632,0
1790099902005,1
1790099902005,0
1790099902449,1
1790099902449,0
1790099902676,1
1790099902676,0
1790099903120,1
1790099903120,0
1790099903556,1
1790099903556,0
1790099903864,1
1790099903864,0
1790099904220,1
1790099904221,0
1790099904568,1
1790099904568,0
1790099904929,1
1790099904930,0
1790099905301,1
1790099905301,0
1790099905529,1
1790099905529,0
1790099905750,1
1790099905750,0
1790099906095,1
1790099906095,0
1790099906549,1
1790099906549,0
1790099906778,1
1790099906778,0
1790099907208,1
1790099907209,0
1790099907634,1
1790099907635,0
1790099907997,1
1790099907997,0
1790099908360,1
1790099908360,0
1790099908591,1
1790099908591,0
1790099909001,1
1790099909001,0
1790099909399,1
1790099909399,0
1790099909783,1
1790099909783,0
1790099910157,1
1790099910157,0
1790099910598,1
1790099910599,0
1790099910834,1
1790099910835,0
1790099911049,1
1790099911049,0
1790099911193,1
1790099911193,0
1790099911470,1
1790099911470,0
1790099911699,1
1790099911699,0
1790099911925,1
1790099911926,0
1790099912076,1
1790099912076,0
1790099912496,1
1790099912497,0
1790099912890,1
1790099912890,0
1790099913339,1
1790099913339,0
1790099913787,1
1790099913787,0
1790099914234,1
1790099914234,0
1790099914608,1
1790099914608,0
1790099914953,1
1790099914953,0
1790099915397,1
1790099915397,0
1790099915783,1
1790099915784,0
1790099916225,1
1790099916225,0
1790099916675,1
1790099916676,0
1790099917040,1
1790099917040,0
1790099917269,1
1790099917269,0
1790099917490,1
1790099917490,0
1790099917632,1
1790099917632,0
1790099917780,1
1790099917780,0
1790099917987,1
1790099917988,0
1790099918208,1
1790099918208,0
1790099918431,1
1790099918431,0
1790099918651,1
1790099918651,0
1790099919021,1
1790099919021,0
1790099919226,1
1790099919226,0
1790099919445,1
1790099919445,0
1790099919669,1
1790099919669,0
1790099919808,1
1790099919808,0
1790099920146,1
1790099920146,0
1790099920581,1
1790099920581,0
1790099920808,1
1790099920808,0
1790099921226,1
1790099921226,0
1790099921643,1
1790099921643,0
1790099921987,1
1790099921987,0
1790099922326,1
1790099922326,0
1790099922688,1
1790099922688,0
1790099923035,1
1790099923036,0
1790099923188,1
1790099923189,0
1790099923556,1
1790099923557,0
1790099923936,1
1790099923936,0
1790099924351,1
1790099924351,0
1790099924711,1
1790099924712,0
1790099925083,1
1790099925083,0
1790099925303,1
1790099925303,0
1790099925527,1
1790099925527,0
1790099925752,1
1790099925752,0
1790099925892,1
1790099925892,0
1790099926245,1
1790099926245,0
1790099926477,1
1790099926477,0
1790099926912,1
1790099926912,0
1790099927317,1
1790099927318,0
1790099927734,1
1790099927734,0
1790099928013,1
1790099928013,0
1790099928369,1
1790099928369,0
1790099928724,1
1790099928725,0
1790099929006,1
1790099929006,0
1790099929282,1
1790099929282,0
1790099929729,1
1790099929729,0
1790099930168,1
1790099930169,0
1790099930598,1
1790099930598,0
1790099930986,1
1790099930987,0
1790099931211,1
1790099931211,0
1790099931437,1
1790099931438,0
1790099931653,1
1790099931653,0
1790099931870,1
1790099931870,0
1790099932024,1
1790099932024,0
1790099932399,1
1790099932399,0
1790099932821,1
1790099932822,0
1790099933228,1
1790099933229,0
1790099933670,1
1790099933670,0
1790099934118,1
1790099934119,0
1790099934266,1
1790099934266,0
1790099934622,1
1790099934623,0
1790099934982,1
1790099934982,0
1790099935260,1
1790099935260,0
1790099935601,1
1790099935601,0
1790099935987,1
1790099935989,0
1790099936368,1
1790099936368,0
1790099936666,1
1790099936666,0
1790099937044,1
1790099937045,0
1790099937496,1
1790099937496,0
1790099937931,1
1790099937932,0
1790099938382,1
1790099938383,0
1790099938739,1
1790099938740,0
1790099939188,1
1790099939189,0
1790099939461,1
1790099939462,0
1790099939841,1
1790099939841,0
1790099940216,1
1790099940217,0
1790099940665,1
1790099940665,0
1790099941099,1
1790099941099,0
1790099941549,1
1790099941550,0
1790099941898,1
1790099941898,0
1790099942246,1
1790099942247,0
1790099942596,1
1790099942597,0
1790099942971,0
1790099942972,0
1790099943328,0
1790099943329,0
1790099943683,1
1790099943685,0
1790099944098,1
1790099944098,0
1790099944493,1
1790099944494,0
1790099944839,1
1790099944840,0
1790099945238,1
1790099945238,0
1790099945666,1
1790099945666,0
1790099946004,1
1790099946005,0
1790099946430,1
1790099946430,0
1790099946743,1
1790099946744,0
1790099946986,1
1790099946986,0
1790099947205,1
1790099947205,0
1790099947432,1
1790099947432,0
1790099947656,1
1790099947656,0
1790099948018,1
1790099948019,0
1790099948423,1
1790099948423,0
1790099948806,1
1790099948807,0
1790099949188,1
1790099949188,0
1790099949570,1
1790099949574,0
1790099949931,1
1790099949932,0
1790099950289,1
1790099950289,0
1790099950647,1
1790099950647,0
1790099950871,1
1790099950871,0
1790099951284,1
1790099951285,0
1790099951653,1
1790099951654,0
1790099952012,1
1790099952012,0
1790099952373,1
1790099952373,0
1790099952651,1
1790099952651,0
1790099952800,1
1790099952800,0
1790099953207,1
1790099953208,0
1790099953632,1
1790099953632,0
1790099953993,1
1790099953993,0
1790099954347,1
1790099954348,0
1790099954696,1
1790099954700,0
1790099954930,1
1790099954930,0
1790099955156,1
1790099955157,0
1790099955315,1
1790099955315,0
1790099955625,1
1790099955625,0
1790099956071,1
1790099956072,0
1790099956513,1
1790099956513,0
1790099956874,1
1790099956875,0
1790099957330,1
1790099957331,0
1790099957696,1
1790099957697,0
1790099958059,1
1790099958060,0
1790099958398,1
1790099958399,0
1790099958761,1
1790099958762,0
1790099959033,1
1790099959033,0
1790099959308,1
1790099959308,0
1790099959536,1
1790099959536,0
1790099959882,1
1790099959882,0
1790099960234,1
1790099960235,0
1790099960591,1
1790099960592,0
1790099961012,1
1790099961013,0
1790099961238,1
1790099961239,0
1790099961466,1
1790099961466,0
1790099961690,1
1790099961690,0
1790099962037,1
1790099962038,0
1790099962261,1
1790099962261,0
1790099962477,1
1790099962477,0
1790099962783,1
1790099962783,0
1790099963170,1
1790099963172,0
1790099963607,1
1790099963608,0
1790099963993,1
1790099963993,0
1790099964379,1
1790099964380,0
1790099964692,1
1790099964693,0
1790099965067,1
1790099965068,0
1790099965341,1
1790099965342,0
1790099965763,1
1790099965764,0
1790099966132,1
1790099966132,0
1790099966356,1
1790099966356,0
1790099966583,1
1790099966583,0
1790099966803,1
1790099966803,0
1790099967248,0
1790099967248,0
1790099967701,1
1790099967701,0
1790099968066,1
1790099968066,0
1790099968509,1
1790099968510,0
1790099968875,1
1790099968879,0
1790099969235,1
1790099969235,0
1790099969550,1
1790099969550,0
1790099969958,1
1790099969960,0
1790099970315,1
1790099970315,0
1790099970651,0
1790099970652,0
1790099970996,1
1790099970997,0
1790099971353,1
1790099971354,0
1790099971624,1
1790099971624,0
1790099971903,1
1790099971903,0
1790099972254,1
1790099972257,0
1790099972700,1
1790099972701,0
1790099973143,1
1790099973143,0
1790099973594,1
1790099973594,0
1790099973986,1
1790099973987,0
1790099974221,1
1790099974221,0
1790099974430,1
1790099974430,0
1790099974576,1
1790099974576,0
1790099974848,1
1790099974848,0
1790099975231,1
1790099975232,0
1790099975630,1
1790099975630,0
1790099975780,1
1790099975780,0
1790099976125,1
1790099976125,0
1790099976583,1
1790099976584,0
1790099977012,1
1790099977013,0
1790099977417,1
1790099977417,0
1790099977745,1
1790099977745,0
1790099978165,1
1790099978166,0
1790099978316,1
1790099978316,0
1790099978755,1
1790099978755,0
1790099978987,1
1790099978988,0
1790099979391,1
1790099979391,0
1790099979799,1
1790099979799,0
1790099980025,1
1790099980025,0
1790099980363,1
1790099980363,0
1790099980712,1
1790099980713,0
1790099980989,1
1790099980989,0
1790099981432,1
1790099981433,0
1790099981878,1
1790099981878,0
1790099982316,1
1790099982316,0
1790099982546,1
1790099982546,0
1790099982903,1
1790099982903,0
1790099983245,1
1790099983246,0
1790099983477,1
1790099983477,0
1790099983700,1
1790099983700,0
1790099983851,1
1790099983852,0
1790099984079,1
1790099984079,0
1790099984441,1
1790099984442,0
1790099984859,1
1790099984859,0
1790099985083,1
1790099985084,0
1790099985429,1
1790099985429,0
1790099985788,1
1790099985789,0
1790099986154,1
1790099986154,0
1790099986386,1
1790099986386,0
1790099986611,1
1790099986611,0
1790099986758,1
1790099986758,0
1790099987204,1
1790099987205,0
1790099987433,1
1790099987433,0
1790099987661,1
1790099987661,0
1790099988057,1
1790099988057,0
1790099988498,1
1790099988499,0
1790099988861,1
1790099988861,0
1790099989216,1
1790099989216,0
1790099989559,1
1790099989559,0
1790099989833,1
1790099989834,0
1790099990186,1
1790099990186,0
1790099990472,1
1790099990473,0
1790099990697,1
1790099990697,0
1790099991133,1
1790099991133,0
1790099991495,1
1790099991495,0
1790099991842,1
1790099991842,0
1790099991986,1
1790099991986,0
1790099992210,1
1790099992211,0
1790099992429,1
1790099992429,0
1790099992643,1
1790099992643,0
1790099993012,1
1790099993013,0
1790099993459,1
1790099993460,0
1790099993898,1
1790099993898,0
1790099994321,1
1790099994322,0
1790099994727,1
1790099994727,0
1790099994959,1
1790099994960,0
1790099995376,1
1790099995377,0
1790099995784,1
1790099995784,0
1790099996105,1
1790099996105,0
1790099996436,1
1790099996436,0
1790099996823,1
1790099996824,0
1790099997245,1
1790099997246,0
1790099997658,1
1790099997659,0
1790099997890,1
1790099997890,0
1790099998110,1
1790099998110,0
1790099998250,1
1790099998251,0
1790099998481,1
1790099998481,0
1790099998704,1
1790099998705,0
1790099998854,1
1790099998855,0
1790099999273,1
1790099999273,0
1790099999493,1
1790099999493,0
1790099999717,1
1790099999717,0
1790100000001,1
1790100000001,0
1790100000228,1
1790100000228,0
1790100000623,1
1790100000623,0
1790100000998,1
1790100000998,0
1790100001393,1
1790100001393,0
1790100001773,1
1790100001774,0
1790100002066,1
1790100002066,0
1790100002216,1
1790100002216,0
1790100002433,1
1790100002433,0
1790100002875,1
1790100002875,0
1790100003315,1
1790100003316,0
1790100003756,1
1790100003757,0
1790100003969,1
1790100003969,0
1790100004316,1
1790100004317,0
1790100004666,1
1790100004667,0
1790100004945,1
1790100004946,0
1790100005286,1
1790100005287,0
1790100005519,1
1790100005519,0
1790100005747,1
1790100005747,0
1790100006177,1
1790100006177,0
1790100006584,1
1790100006585,0
1790100006956,0
1790100006956,0
1790100007378,1
1790100007378,0
1790100007795,1
1790100007795,0
1790100008124,1
1790100008124,0
1790100008449,1
1790100008449,0
1790100008860,1
1790100008860,0
1790100009219,1
1790100009219,0
1790100009615,1
1790100009615,0
1790100010051,1
1790100010052,0
1790100010490,1
1790100010491,0
1790100010835,1
1790100010835,0
1790100011064,1
1790100011064,0
1790100011287,1
1790100011287,0
1790100011432,1
1790100011432,0
1790100011574,1
1790100011574,0
1790100012006,1
1790100012007,0
1790100012434,1
1790100012434,0
1790100012819,1
1790100012820,0
1790100013246,1
1790100013246,0
1790100013467,1
1790100013467,0
1790100013847,1
1790100013848,0
1790100014231,1
1790100014232,0
1790100014611,1
1790100014611,0
1790100014924,1
1790100014924,0
1790100015292,1
1790100015292,0
1790100015641,1
1790100015642,0
1790100015995,1
1790100015995,0
1790100016409,1
1790100016409,0
1790100016822,1
1790100016822,0
1790100017099,1
1790100017099,0
1790100017487,1
1790100017488,0
1790100017869,1
1790100017870,0
1790100018173,1
1790100018173,0
1790100018441,1
1790100018441,0
1790100018889,1
1790100018890,0
1790100019333,1
1790100019333,0
1790100019695,1
1790100019696,0
1790100020138,1
1790100020139,0
1790100020585,1
1790100020585,0
1790100020818,1
1790100020818,0
1790100021043,1
1790100021043,0
1790100021194,1
1790100021194,0
1790100021346,1
1790100021346,0
1790100021676,1
1790100021676,0
1790100022118,1
1790100022118,0
1790100022342,1
1790100022343,0
1790100022723,1
1790100022724,0
1790100023108,1
1790100023109,0
1790100023255,1
1790100023256,0
1790100023696,1
1790100023696,0
1790100024140,1
1790100024140,0
1790100024552,1
1790100024552,0
1790100024700,1
1790100024700,0
1790100025119,1
1790100025120,0
1790100025525,1
1790100025526,0
1790100025886,1
1790100025886,0
1790100026115,1
1790100026115,0
1790100026556,1
1790100026556,0
1790100026999,1
1790100027000,0
1790100027450,1
1790100027451,0
1790100027814,1
1790100027814,0
1790100028265,1
1790100028265,0
1790100028639,1
1790100028639,0
1790100028990,1
1790100028990,0
1790100029432,1
1790100029435,0
1790100029871,1
1790100029873,0
1790100030313,1
1790100030314,0
1790100030727,1
1790100030728,0
1790100031081,1
1790100031081,0
1790100031433,1
1790100031433,0
1790100031783,1
1790100031784,0
1790100031939,1
1790100031940,0
1790100032291,1
1790100032292,0
1790100032649,1
1790100032650,0
1790100033101,1
1790100033102,0
1790100033331,1
1790100033331,0
1790100033677,1
1790100033677,0
1790100033902,1
1790100033902,0
1790100034117,1
1790100034117,0
1790100034264,1
1790100034264,0
1790100034410,1
1790100034410,0
1790100034775,1
1790100034776,0
1790100034991,1
1790100034991,0
1790100035334,1
1790100035335,0
1790100035685,1
1790100035686,0
1790100036034,1
1790100036034,0
1790100036454,1
1790100036454,0
1790100036811,1
1790100036812,0
1790100037170,1
1790100037173,0
1790100037528,1
1790100037529,0
1790100037802,1
1790100037803,0
1790100038216,1
1790100038224,0
1790100038644,1
1790100038646,0
1790100038873,1
1790100038873,0
1790100039262,1
1790100039262,0
1790100039485,1
1790100039485,0
1790100039928,1
1790100039928,0
1790100040376,1
1790100040376,0
1790100040737,1
1790100040738,0
1790100041180,1
1790100041180,0
1790100041447,1
1790100041447,0
1790100041815,1
1790100041816,0
1790100042168,1
1790100042168,0
1790100042554,1
1790100042554,0
1790100042926,1
1790100042926,0
1790100043355,1
1790100043355,0
1790100043725,1
1790100043725,0
1790100044095,1
1790100044095,0
1790100044386,1
1790100044386,0
1790100044749,1
1790100044749,0
1790100045187,1
1790100045187,0
1790100045621,1
1790100045621,0
1790100045994,1
1790100045994,0
1790100046196,1
1790100046196,0
1790100046536,1
1790100046537,0
1790100046980,1
1790100046980,0
1790100047414,1
1790100047414,0
1790100047853,1
1790100047853,0
1790100048224,1
1790100048224,0
1790100048506,1
1790100048506,0
1790100048912,1
1790100048912,0
1790100049143,1
1790100049143,0
1790100049574,1
1790100049575,0
1790100050020,1
1790100050021,0
1790100050318,1
1790100050318,0
1790100050544,1
1790100050544,0
1790100050761,1
1790100050762,0
1790100050983,1
1790100050983,0
1790100051355,1
1790100051355,0
1790100051811,1
1790100051812,0
1790100052236,1
1790100052237,0
1790100052582,1
1790100052582,0
1790100053018,1
1790100053019,0
1790100053449,1
1790100053450,0
1790100053881,1
1790100053881,0
1790100054300,1
1790100054300,0
1790100054751,1
1790100054751,0
1790100055127,1
1790100055127,0
1790100055432,1
1790100055433,0
1790100055792,1
1790100055792,0
1790100056015,1
1790100056015,0
1790100056458,1
1790100056459,0
1790100056898,1
1790100056898,0
1790100057204,1
1790100057205,0
1790100057588,1
1790100057589,0
1790100057955,1
1790100057956,0
1790100058331,1
1790100058332,0
1790100058677,1
1790100058677,0
1790100059016,1
1790100059016,0
1790100059360,1
1790100059360,0
1790100059705,1
1790100059706,0
1790100060063,1
1790100060065,0
1790100060416,1
1790100060420,0
1790100060816,1
1790100060817,0
1790100061232,1
1790100061232,0
1790100061638,1
1790100061638,0
1790100061979,1
1790100061979,0
1790100062289,1
1790100062290,0
1790100062669,1
1790100062669,0
1790100063077,1
1790100063077,0
1790100063462,1
1790100063462,0
1790100063842,1
1790100063842,0
1790100064209,1
1790100064209,0
1790100064612,1
1790100064612,0
1790100065016,1
1790100065016,0
1790100065361,1
1790100065361,0
1790100065735,1
1790100065735,0
1790100066132,1
1790100066132,0
1790100066528,1
1790100066528,0
1790100066677,1
1790100066677,0
1790100066906,1
1790100066906,0
1790100067310,1
1790100067311,0
1790100067657,1
1790100067657,0
1790100068014,1
1790100068015,0
1790100068294,1
1790100068294,0
1790100068651,1
1790100068652,0
1790100068955,1
1790100068956,0
1790100069180,1
1790100069180,0
1790100069522,1
1790100069523,0
1790100069924,1
1790100069924,0
1790100070342,1
1790100070343,0
1790100070650,1
1790100070650,0
1790100070874,1
1790100070875,0
1790100071099,1
1790100071099,0
1790100071241,1
1790100071242,0
1790100071609,1
1790100071610,0
1790100071995,1
1790100071995,0
1790100072381,1
1790100072381,0
1790100072529,1
1790100072529,0
1790100072756,1
1790100072756,0
1790100073159,1
1790100073159,0
1790100073510,1
1790100073510,0
1790100073861,1
1790100073861,0
1790100074130,1
1790100074130,0
1790100074401,1
1790100074402,0
1790100074735,1
1790100074735,0
1790100075163,1
1790100075164,0
1790100075504,1
1790100075504,0
1790100075722,1
1790100075722,0
1790100075939,1
1790100075940,0
1790100076385,1
1790100076386,0
1790100076767,1
1790100076767,0
1790100077130,1
1790100077130,0
1790100077441,1
1790100077441,0
1790100077808,1
1790100077808,0
1790100078222,1
1790100078223,0
1790100078626,1
1790100078626,0
1790100078977,1
1790100078978,0
1790100079203,1
1790100079203,0
1790100079544,1
1790100079544,0
1790100079945,1
1790100079946,0
1790100080360,1
1790100080361,0
1790100080694,1
1790100080694,0
1790100081115,1
1790100081115,0
1790100081488,1
1790100081488,0
1790100081906,1
1790100081906,0
1790100082284,1
1790100082285,0
1790100082507,1
1790100082507,0
1790100082733,1
1790100082734,0
1790100082955,1
1790100082955,0
1790100083344,1
1790100083344,0
1790100083714,1
1790100083714,0
1790100084081,1
1790100084081,0
1790100084225,1
1790100084225,0
1790100084566,1
1790100084567,0
1790100084920,1
1790100084920,0
1790100085303,1
1790100085304,0
1790100085522,1
1790100085522,0
1790100085959,1
1790100085960,0
1790100086356,1
1790100086356,0
1790100086774,1
1790100086775,0
1790100087120,1
1790100087120,0
1790100087462,1
1790100087462,0
1790100087807,1
1790100087808,0
1790100088241,1
1790100088241,0
1790100088673,1
1790100088674,0
1790100089018,1
1790100089019,0
1790100089370,1
1790100089371,0
1790100089714,1
1790100089714,0
1790100090076,1
1790100090076,0
1790100090460,1
1790100090461,0
1790100090843,1
1790100090843,0
1790100091210,1
1790100091210,0
1790100091621,1
1790100091621,0
1790100092049,1
1790100092050,0
1790100092365,1
1790100092366,0
1790100092587,1
1790100092587,0
1790100092974,1
1790100092975,0
1790100093202,1
1790100093203,0
1790100093426,1
1790100093426,0
1790100093646,1
1790100093646,0
1790100093799,1
1790100093799,0
1790100093949,1
1790100093949,0
1790100094323,1
1790100094324,0
1790100094693,1
1790100094693,0
1790100095071,1
1790100095072,0
1790100095444,1
1790100095444,0
1790100095730,1
1790100095731,0
1790100096081,1
1790100096081,0
1790100096434,1
1790100096435,0
1790100096792,1
1790100096793,0
1790100097091,1
1790100097091,0
1790100097499,1
1790100097499,0
1790100097898,1
1790100097898,0
1790100098296,1
1790100098296,0
1790100098746,1
1790100098746,0
1790100099191,1
1790100099191,0
1790100099585,1
1790100099586,0
1790100099999,1
1790100099999,0
1790100100341,1
1790100100341,0
1790100100679,1
1790100100679,0
1790100101082,1
1790100101082,0
1790100101488,1
1790100101489,0
1790100101886,1
1790100101886,0
1790100102326,1
1790100102327,0
1790100102753,1
1790100102753,0
1790100103116,1
1790100103117,0
1790100103469,1
1790100103469,0
1790100103821,1
1790100103821,0
1790100104097,1
1790100104097,0
1790100104240,1
1790100104240,0
1790100104668,1
1790100104669,0
1790100105105,1
1790100105106,0
1790100105536,1
1790100105536,0
1790100105939,1
1790100105940,0
1790100106350,1
1790100106351,0
1790100106566,1
1790100106566,0
1790100106782,1
1790100106782,0
1790100106922,1
1790100106922,0
1790100107070,1
1790100107070,0
1790100107347,1
1790100107347,0
1790100107701,1
1790100107702,0
1790100108114,1
1790100108114,0
1790100108456,1
1790100108456,0
1790100108807,1
1790100108807,0
1790100109180,1
1790100109181,0
1790100109388,1
1790100109388,0
1790100109605,1
1790100109605,0
1790100109816,1
1790100109816,0
1790100110147,1
1790100110147,0
1790100110582,1
1790100110583,0
1790100111007,1
1790100111009,0
1790100111358,1
1790100111359,0
1790100111581,1
1790100111581,0
1790100111808,1
1790100111808,0
1790100112027,1
1790100112027,0
1790100112238,1
1790100112238,0
1790100112376,1
1790100112376,0
1790100112523,1
1790100112523,0
1790100112675,1
1790100112675,0
1790100113113,1
1790100113113,0
1790100113517,1
1790100113517,0
1790100113856,1
1790100113856,0
1790100114200,1
1790100114200,0
1790100114533,1
1790100114534,0
1790100114973,1
1790100114974,0
1790100115406,1
1790100115406,0
1790100115774,1
1790100115775,0
1790100116121,1
1790100116122,0
1790100116464,1
1790100116464,0
1790100116814,1
1790100116814,0
1790100117265,1
1790100117265,0
1790100117601,1
1790100117601,0
1790100118018,1
1790100118018,0
1790100118425,1
1790100118425,0
1790100118826,1
1790100118826,0
1790100119228,1
1790100119228,0
1790100119563,1
1790100119563,0
1790100119905,1
1790100119905,0
1790100120310,1
1790100120311,0
1790100120658,1
1790100120658,0
1790100121001,1
1790100121001,0
1790100121357,1
1790100121358,0
1790100121720,1
1790100121720,0
1790100122064,1
1790100122065,0
1790100122430,1
1790100122431,0
1790100122708,1
1790100122709,0
1790100122934,1
1790100122934,0
1790100123329,1
1790100123329,0
1790100123742,1
1790100123743,0
1790100124041,1
1790100124041,0
1790100124485,1
1790100124485,0
1790100124923,1
1790100124924,0
1790100125145,1
1790100125145,0
1790100125361,1
1790100125362,0
1790100125587,1
1790100125587,0
1790100125737,1
1790100125738,0
1790100126046,1
1790100126046,0
1790100126397,1
1790100126397,0
1790100126807,1
1790100126808,0
1790100127151,1
1790100127151,0
1790100127494,1
1790100127494,0
1790100127832,1
1790100127832,0
1790100128176,1
1790100128176,0
1790100128527,1
1790100128527,0
1790100128810,1
1790100128810,0
1790100129179,1
1790100129179,0
1790100129572,1
1790100129573,0
1790100129989,1
1790100129990,0
1790100130363,1
1790100130363,0
1790100130579,1
1790100130579,0
1790100130986,1
1790100130987,0
1790100131361,1
1790100131361,0
1790100131737,1
1790100131737,0
1790100132105,1
1790100132105,0
1790100132412,1
1790100132412,0
1790100132776,1
1790100132776,0
1790100133151,1
1790100133151,0
1790100133563,1
1790100133563,0
1790100133790,1
1790100133790,0
1790100134011,1
1790100134012,0
1790100134164,1
1790100134164,0
1790100134585,1
1790100134585,0
1790100135031,1
1790100135032,0
1790100135470,1
1790100135470,0
1790100135750,1
1790100135751,0
1790100136102,1
1790100136102,0
1790100136448,1
1790100136448,0
1790100136594,1
1790100136594,0
1790100137007,1
1790100137008,0
1790100137232,1
1790100137232,0
1790100137615,1
1790100137615,0
1790100137998,1
1790100137999,0
1790100138309,1
1790100138309,0
1790100138619,1
1790100138619,0
1790100139067,1
1790100139067,0
1790100139433,1
1790100139435,0
1790100139872,1
1790100139873,0
1790100140220,1
1790100140221,0
1790100140580,1
1790100140581,0
1790100140975,1
1790100140976,0
1790100141412,1
1790100141412,0
1790100141846,1
1790100141847,0
1790100142243,1
1790100142244,0
1790100142522,1
1790100142522,0
1790100142867,1
1790100142867,0
1790100143210,1
1790100143210,0
1790100143618,1
1790100143618,0
1790100144054,1
1790100144054,0
1790100144449,1
1790100144449,0
1790100144886,1
1790100144887,0
1790100145335,1
1790100145335,0
1790100145797,1
1790100145797,0
1790100146168,1
1790100146168,0
1790100146546,1
1790100146546,0
1790100146772,1
1790100146772,0
1790100147216,1
1790100147216,0
1790100147598,1
1790100147598,0
1790100147958,1
1790100147958,0
1790100148291,1
1790100148291,0
1790100148740,1
1790100148740,0
1790100149200,1
1790100149200,0
1790100149566,1
1790100149566,0
1790100149975,1
1790100149975,0
1790100150319,1
1790100150320,0
1790100150655,1
1790100150655,0
1790100150928,1
1790100150928,0
1790100151315,1
1790100151316,0
1790100151709,1
1790100151709,0
1790100152121,1
1790100152121,0
1790100152558,1
1790100152558,0
1790100152896,1
1790100152897,0
1790100153297,1
1790100153298,0
1790100153579,1
1790100153579,0
1790100153992,1
1790100153992,0
1790100154212,1
1790100154212,0
1790100154618,1
1790100154618,0
1790100155047,1
1790100155048,0
1790100155477,1
1790100155477,0
1790100155863,1
1790100155864,0
1790100156280,1
1790100156281,0
1790100156622,1
1790100156622,0
1790100157009,1
1790100157009,0
1790100157252,1
1790100157253,0
1790100157452,1
1790100157452,0
1790100157755,1
1790100157756,0
1790100158127,1
1790100158127,0
1790100158599,1
1790100158599,0
1790100158962,1
1790100158962,0
1790100159313,1
1790100159314,0
1790100159595,1
1790100159596,0
1790100159955,1
1790100159955,0
1790100160098,1
1790100160098,0
1790100160324,1
1790100160324,0
1790100160744,1
1790100160744,0
1790100161154,1
1790100161155,0
1790100161585,1
1790100161585,0
1790100162022,1
1790100162022,0
1790100162432,1
1790100162432,0
1790100162870,1
1790100162871,0
1790100163283,1
1790100163283,0
1790100163616,1
1790100163616,0
1790100163982,1
1790100163982,0
1790100164341,1
1790100164341,0
1790100164583,1
1790100164584,0
1790100165032,1
1790100165032,0
1790100165436,1
1790100165437,0
1790100165819,1
1790100165819,0
1790100166211,1
1790100166212,0
1790100166611,1
1790100166611,0
1790100166927,1
1790100166928,0
1790100167237,1
1790100167237,0
1790100167467,1
1790100167467,0
1790100167907,1
1790100167907,0
1790100168136,1
1790100168136,0
1790100168350,1
1790100168350,0
1790100168493,1
1790100168493,0
1790100168950,1
1790100168951,0
1790100169406,1
1790100169406,0
1790100169845,1
1790100169845,0
1790100170207,1
1790100170207,0
1790100170620,1
1790100170621,0
1790100171038,1
1790100171038,0
1790100171374,1
1790100171374,0
1790100171819,1
1790100171820,0
1790100172211,1
1790100172211,0
1790100172435,1
1790100172435,0
1790100172647,1
1790100172647,0
1790100172782,1
1790100172782,0
1790100173013,1
1790100173013,0
1790100173292,1
1790100173292,0
1790100173672,1
1790100173673,0
1790100174129,1
1790100174129,0
1790100174560,1
1790100174561,0
1790100175005,1
1790100175005,0
1790100175456,1
1790100175456,0
1790100175854,1
1790100175854,0
1790100176248,1
1790100176248,0
1790100176553,1
1790100176553,0
1790100176769,1
1790100176769,0
1790100177223,1
1790100177223,0
1790100177660,1
1790100177660,0
1790100178011,1
1790100178011,0
1790100178378,1
1790100178379,0
1790100178580,1
1790100178580,0
1790100178955,1
1790100178955,0
1790100179330,1
1790100179330,0
1790100179642,1
1790100179643,0
1790100180031,1
1790100180032,0
1790100180186,1
1790100180186,0
1790100180525,1
1790100180525,0
1790100180989,1
1790100180989,0
1790100181331,1
1790100181331,0
1790100181687,1
1790100181687,0
1790100182030,1
1790100182030,0
1790100182405,1
1790100182405,0
1790100182767,1
1790100182767,0
1790100183123,1
1790100183123,0
1790100183407,1
1790100183407,0
1790100183846,1
1790100183846,0
1790100184264,1
1790100184264,0
1790100184609,1
1790100184609,0
1790100185060,1
1790100185061,0
1790100185452,1
1790100185452,0
1790100185902,1
1790100185903,0
1790100186348,1
1790100186348,0
1790100186793,1
1790100186793,0
1790100187153,1
1790100187154,0
1790100187429,1
1790100187429,0
1790100187769,1
1790100187769,0
1790100188173,1
1790100188173,0
1790100188621,1
1790100188621,0
1790100189077,1
1790100189077,0
1790100189379,1
1790100189379,0
1790100189772,1
1790100189772,0
1790100190181,1
1790100190181,0
1790100190608,1
1790100190609,0
1790100190913,1
1790100190913,0
1790100191129,1
1790100191129,0
1790100191362,1
1790100191362,0
1790100191762,1
1790100191762,0
1790100191990,1
1790100191990,0
1790100192413,1
1790100192413,0
1790100192758,1
1790100192758,0
1790100193135,1
1790100193136,0
1790100193414,1
1790100193414,0
1790100193689,1
1790100193689,0
1790100193843,1
1790100193843,0
1790100194177,1
1790100194179,0
1790100194377,1
1790100194377,0
1790100194770,1
1790100194770,0
1790100195129,1
1790100195129,0
1790100195409,1
1790100195409,0
1790100195813,1
1790100195813,0
1790100196232,1
1790100196232,0
1790100196574,1
1790100196574,0
1790100196992,1
1790100196993,0
1790100197386,1
1790100197386,0
1790100197763,1
1790100197764,0
1790100198157,1
1790100198157,0
1790100198598,1
1790100198598,0
1790100199027,1
1790100199027,0
1790100199256,1
1790100199256,0
1790100199466,1
1790100199466,0
1790100199692,1
1790100199693,0
1790100199841,1
1790100199841,0
1790100200214,1
1790100200214,0
1790100200622,1
1790100200622,0
1790100200987,1
1790100200987,0
1790100201434,1
1790100201435,0
1790100201880,1
1790100201880,0
1790100202240,1
1790100202240,0
1790100202636,1
1790100202637,0
1790100203005,1
1790100203006,0
1790100203316,0
1790100203317,0
1790100203770,1
1790100203770,0
1790100204122,1
1790100204122,0
1790100204459,1
1790100204459,0
1790100204827,1
1790100204827,0
1790100205057,1
1790100205057,0
1790100205302,1
1790100205302,0
1790100205641,1
1790100205641,0
1790100205991,1
1790100205992,0
1790100206357,1
1790100206358,0
1790100206644,1
1790100206644,0
1790100206949,1
1790100206950,0
1790100207304,1
1790100207304,0
1790100207671,1
1790100207671,0
1790100207900,1
1790100207900,0
1790100208131,1
1790100208131,0
1790100208445,1
1790100208445,0
1790100208887,1
1790100208888,0
1790100209312,1
1790100209312,0
1790100209673,1
1790100209674,0
1790100210066,1
1790100210066,0
1790100210403,1
1790100210404,0
1790100210751,1
1790100210751,0
1790100211126,1
1790100211126,0
1790100211568,1
1790100211569,0
1790100212016,1
1790100212016,0
1790100212227,1
1790100212228,0
1790100212439,1
1790100212439,0
1790100212656,1
1790100212656,0
1790100212805,1
1790100212805,0
1790100213164,1
1790100213164,0
1790100213368,1
1790100213368,0
1790100213774,1
1790100213774,0
1790100214183,1
1790100214184,0
1790100214571,1
1790100214571,0
1790100214850,1
1790100214850,0
1790100215267,1
1790100215268,0
1790100215699,1
1790100215699,0
1790100216036,1
1790100216036,0
1790100216398,1
1790100216398,0
1790100216808,1
1790100216809,0
1790100217228,1
1790100217229,0
1790100217380,1
1790100217380,0
1790100217606,1
1790100217607,0
1790100218038,1
1790100218038,0
1790100218262,1
1790100218262,0
1790100218496,1
1790100218496,0
1790100218710,1
1790100218710,0
1790100218854,1
1790100218854,0
1790100219130,1
1790100219130,0
1790100219545,1
1790100219545,0
1790100219935,1
1790100219935,0
1790100220277,1
1790100220277,0
1790100220626,1
1790100220626,0
1790100221019,1
1790100221020,0
1790100221240,1
1790100221240,0
1790100221455,1
1790100221455,0
1790100221685,1
1790100221685,0
1790100222054,1
1790100222054,0
1790100222465,1
1790100222466,0
1790100222890,1
1790100222891,0
1790100223319,1
1790100223319,0
1790100223567,1
1790100223568,0
1790100223927,1
1790100223927,0
1790100224358,1
1790100224359,0
1790100224788,1
1790100224789,0
1790100225150,1
1790100225151,0
1790100225516,1
1790100225516,0
1790100225855,1
1790100225855,0
1790100226286,1
1790100226287,0
1790100226651,1
1790100226651,0
1790100227067,1
1790100227068,0
1790100227462,1
1790100227463,0
1790100227851,1
1790100227851,0
1790100228198,1
1790100228198,0
1790100228547,1
1790100228547,0
1790100228828,1
1790100228828,0
1790100229194,1
1790100229194,0
1790100229544,1
1790100229544,0
1790100229973,1
1790100229973,0
1790100230317,1
1790100230319,0
1790100230543,1
1790100230543,0
1790100230753,1
1790100230754,0
1790100231201,1
1790100231202,0
1790100231649,1
1790100231649,0
1790100232086,1
1790100232086,0
1790100232461,1
1790100232461,0
1790100232804,1
1790100232804,0
1790100233150,1
1790100233151,0
1790100233545,1
1790100233545,0
1790100233900,1
1790100233901,0
1790100234269,1
1790100234269,0
1790100234546,1
1790100234546,0
1790100234985,1
1790100234985,0
1790100235440,1
1790100235440,0
1790100235796,1
1790100235796,0
1790100236171,1
1790100236171,0
1790100236519,1
1790100236519,0
1790100236864,1
1790100236864,0
1790100237215,1
1790100237216,0
1790100237446,1
1790100237446,0
1790100237804,1
1790100237805,0
1790100238252,1
1790100238252,0
1790100238699,1
1790100238699,0
1790100239072,1
1790100239072,0
1790100239431,1
1790100239432,0
1790100239762,1
1790100239762,0
1790100240190,1
1790100240190,0
1790100240544,1
1790100240544,0
1790100240755,1
1790100240756,0
1790100240975,1
1790100240975,0
1790100241244,1
1790100241244,0
1790100241682,1
1790100241682,0
1790100242132,1
1790100242132,0
1790100242493,1
1790100242493,0
1790100242711,1
1790100242711,0
1790100243122,1
1790100243123,0
1790100243526,1
1790100243527,0
1790100243748,1
1790100243748,0
1790100244130,1
1790100244130,0
1790100244530,1
1790100244531,0
1790100244923,1
1790100244923,0
1790100245319,1
1790100245320,0
1790100245695,1
1790100245696,0
1790100246010,1
1790100246010,0
1790100246145,1
1790100246145,0
1790100246363,1
1790100246363,0
1790100246711,1
1790100246712,0
1790100246946,1
1790100246946,0
1790100247163,1
1790100247163,0
1790100247577,1
1790100247577,0
1790100247951,1
1790100247951,0
1790100248323,1
1790100248323,0
1790100248709,1
1790100248709,0
1790100249034,1
1790100249034,0
1790100249382,1
1790100249383,0
1790100249744,1
1790100249744,0
1790100250186,1
1790100250187,0
1790100250531,1
1790100250531,0
1790100250870,1
1790100250871,0
1790100251265,1
1790100251265,0
1790100251643,1
1790100251643,0
1790100251940,1
1790100251941,0
1790100252344,1
1790100252345,0
1790100252710,1
1790100252710,0
1790100252925,1
1790100252925,0
1790100253289,1
1790100253290,0
1790100253507,1
1790100253507,0
1790100253724,1
1790100253724,0
1790100254175,1
1790100254175,0
1790100254598,1
1790100254598,0
1790100255031,1
1790100255031,0
1790100255396,1
1790100255396,0
1790100255543,1
1790100255543,0
1790100255753,1
1790100255753,0
1790100255990,1
1790100255990,0
1790100256130,1
1790100256130,0
1790100256347,1
1790100256347,0
1790100256563,1
1790100256563,0
1790100256954,1
1790100256954,0
1790100257383,1
1790100257384,0
1790100257796,1
1790100257797,0
1790100258141,1
1790100258142,0
1790100258419,1
1790100258420,0
1790100258801,1
1790100258802,0
1790100259023,1
1790100259023,0
1790100259247,1
1790100259247,0
1790100259465,1
1790100259465,0
1790100259860,1
1790100259860,0
1790100260081,1
1790100260081,0
1790100260306,1
1790100260306,0
1790100260460,1
1790100260460,0
1790100260773,1
1790100260773,0
1790100261213,1
1790100261213,0
1790100261649,1
1790100261649,0
1790100262076,1
1790100262077,0
1790100262317,1
1790100262317,0
1790100262525,1
1790100262525,0
1790100262946,1
1790100262946,0
1790100263356,1
1790100263356,0
1790100263777,1
1790100263778,0
1790100264113,1
1790100264113,0
1790100264452,1
1790100264452,0
1790100264787,1
1790100264788,0
1790100265136,1
1790100265136,0
1790100265376,1
1790100265376,0
1790100265602,1
1790100265602,0
1790100265937,1
1790100265938,0
1790100266356,1
1790100266356,0
1790100266794,1
1790100266794,0
1790100267166,1
1790100267166,0
1790100267503,1
1790100267503,0
1790100267960,1
1790100267961,0
1790100268404,1
1790100268405,0
1790100268747,1
1790100268748,0
1790100269197,1
1790100269197,0
1790100269619,1
1790100269619,0
1790100269838,1
1790100269838,0
1790100270077,1
1790100270077,0
1790100270296,1
1790100270296,0
1790100270448,1
1790100270448,0
1790100270812,1
1790100270812,0
1790100271048,1
1790100271048,0
1790100271380,1
1790100271380,0
1790100271830,1
1790100271830,0
1790100272275,1
1790100272275,0
1790100272551,1
1790100272551,0
1790100272781,1
1790100272781,0
1790100272996,1
1790100272996,0
1790100273148,1
1790100273148,0
1790100273522,1
1790100273522,0
1790100273880,1
1790100273880,0
1790100274255,1
1790100274256,0
1790100274621,1
1790100274622,0
1790100275005,1
1790100275005,0
1790100275455,1
1790100275456,0
1790100275697,1
1790100275698,0
1790100275921,1
1790100275921,0
1790100276120,1
1790100276120,0
1790100276269,0
1790100276269,0
1790100276610,1
1790100276611,0
1790100276837,1
1790100276837,0
1790100277216,1
1790100277216,0
1790100277598,1
1790100277598,0
1790100277984,1
1790100277984,0
1790100278358,1
1790100278358,0
1790100278690,1
1790100278690,0
1790100279069,1
1790100279069,0
1790100279352,1
1790100279353,0
1790100279778,1
1790100279779,0
1790100280241,1
1790100280242,0
1790100280679,1
1790100280680,0
1790100280986,1
1790100280986,0
1790100281341,1
1790100281341,0
1790100281767,1
1790100281768,0
1790100282121,1
1790100282122,0
1790100282463,1
1790100282464,0
1790100282819,1
1790100282819,0
1790100283097,1
1790100283098,0
1790100283241,1
1790100283242,0
1790100283575,1
1790100283575,0
1790100283982,1
1790100283982,0
1790100284339,1
1790100284339,0
1790100284685,1
1790100284685,0
1790100285022,1
1790100285022,0
1790100285424,1
1790100285424,0
1790100285836,1
1790100285837,0
1790100286181,1
1790100286181,0
1790100286618,1
1790100286618,0
1790100286955,1
1790100286955,0
1790100287319,1
1790100287320,0
1790100287473,1
1790100287473,0
1790100287823,1
1790100287823,0
1790100288181,1
1790100288181,0
1790100288580,1
1790100288581,0
1790100288993,1
1790100288993,0
1790100289411,1
1790100289412,0
1790100289755,0
1790100289755,0
1790100290033,1
1790100290033,0
1790100290405,1
1790100290405,0
1790100290789,1
1790100290789,0
1790100291162,1
1790100291163,0
1790100291537,1
1790100291538,0
1790100291798,1
1790100291798,0
1790100292006,1
1790100292006,0
1790100292197,1
1790100292197,0
1790100292408,1
1790100292408,0
1790100292548,1
1790100292549,0
1790100292933,1
1790100292934,0
1790100293297,1
1790100293297,0
1790100293622,1
1790100293623,0
1790100294032,1
1790100294032,0
1790100294414,1
1790100294414,0
1790100294751,1
1790100294751,0
1790100295106,1
1790100295106,0
1790100295434,1
1790100295434,0
1790100295705,1
1790100295705,0
1790100296061,1
1790100296061,0
1790100296427,1
1790100296427,0
1790100296869,1
1790100296870,0
1790100297247,1
1790100297247,0
1790100297655,1
1790100297655,0
1790100297920,1
1790100297920,0
1790100298288,1
1790100298288,0
1790100298647,1
1790100298648,0
1790100298942,1
1790100298942,0
1790100299282,1
1790100299282,0
1790100299617,1
1790100299618,0
1790100299961,1
1790100299962,0
1790100300314,1
1790100300314,0
1790100300529,1
1790100300529,0
1790100300754,1
1790100300754,0
1790100301121,1
1790100301122,0
1790100301483,1
1790100301483,0
1790100301781,1
1790100301781,0
1790100302165,1
1790100302166,0
1790100302307,1
1790100302308,0
1790100302703,1
1790100302703,0
1790100303138,1
1790100303139,0
1790100303574,1
1790100303574,0
1790100304001,1
1790100304001,0
1790100304265,1
1790100304265,0
1790100304625,1
1790100304625,0
1790100304998,1
1790100304999,0
1790100305382,1
1790100305382,0
1790100305682,1
1790100305682,0
1790100306010,1
1790100306011,0
1790100306364,1
1790100306364,0
1790100306764,1
1790100306764,0
1790100307153,1
1790100307154,0
1790100307528,1
1790100307529,0
1790100307863,1
1790100307864,0
1790100308209,1
1790100308211,0
1790100308550,1
1790100308553,0
1790100308825,1
1790100308826,0
1790100309152,1
1790100309152,0
1790100309354,1
1790100309354,0
1790100309778,1
1790100309778,0
1790100310150,1
1790100310150,0
1790100310526,1
1790100310526,0
1790100310738,1
1790100310739,0
1790100311166,1
1790100311166,0
1790100311601,1
1790100311601,0
1790100311958,1
1790100311958,0
1790100312101,1
1790100312101,0
1790100312500,1
1790100312501,0
1790100312888,1
1790100312888,0
1790100313153,1
1790100313153,0
1790100313358,1
1790100313359,0
1790100313688,1
1790100313688,0
1790100314032,1
1790100314032,0
1790100314387,1
1790100314387,0
1790100314722,1
1790100314722,0
1790100314988,1
1790100314989,0
1790100315315,1
1790100315315,0
1790100315750,1
1790100315751,0
1790100315965,1
1790100315965,0
1790100316340,1
1790100316340,0
1790100316716,1
1790100316716,0
1790100317067,1
1790100317068,0
1790100317402,1
1790100317402,0
1790100317764,1
1790100317764,0
1790100318032,1
1790100318032,0
1790100318300,1
1790100318300,0
1790100318679,1
1790100318680,0
1790100319052,1
1790100319052,0
1790100319403,1
1790100319404,0
1790100319811,1
1790100319812,0
1790100320053,1
1790100320053,0
1790100320426,1
1790100320427,0
1790100320803,1
1790100320803,0
1790100321160,1
1790100321160,0
1790100321459,1
1790100321459,0
1790100321754,1
1790100321754,0
1790100322105,1
1790100322105,0
1790100322439,1
1790100322440,0
1790100322840,1
1790100322840,0
1790100323259,1
1790100323259,0
1790100323628,1
1790100323629,0
1790100324043,1
1790100324044,0
1790100324446,1
1790100324447,0
1790100324867,1
1790100324868,0
1790100325194,1
1790100325194,0
1790100325413,1
1790100325414,0
1790100325623,1
1790100325623,0
1790100325967,1
1790100325967,0
1790100326313,1
1790100326313,0
1790100326711,1
1790100326711,0
1790100326918,1
1790100326919,0
1790100327126,1
1790100327126,0
1790100327268,1
1790100327269,0
1790100327410,1
1790100327410,0
1790100327553,1
1790100327554,0
1790100328006,1
1790100328006,0
1790100328373,1
1790100328373,0
1790100328796,1
1790100328797,0
1790100329218,1
1790100329218,0
1790100329572,1
1790100329572,0
1790100329978,1
1790100329979,0
1790100330373,1
1790100330374,0
1790100330703,1
1790100330704,0
1790100331127,1
1790100331128,0
1790100331542,1
1790100331542,0
1790100331938,1
1790100331938,0
1790100332297,1
1790100332298,0
1790100332635,1
1790100332636,0
1790100332988,1
1790100332988,0
1790100333356,1
1790100333356,0
1790100333740,1
1790100333741,0
1790100334041,1
1790100334041,0
1790100334401,1
1790100334401,0
1790100334731,1
1790100334731,0
1790100335075,1
1790100335075,0
1790100335468,1
1790100335468,0
1790100335680,1
1790100335680,0
1790100335892,1
1790100335893,0
1790100336194,1
1790100336195,0
1790100336553,1
1790100336554,0
1790100336882,1
1790100336884,0
1790100337240,1
1790100337241,0
1790100337565,1
1790100337566,0
1790100337942,1
1790100337943,0
1790100338306,1
1790100338306,0
1790100338662,1
1790100338662,0
1790100338989,1
1790100338990,0
1790100339202,1
1790100339202,0
1790100339603,1
1790100339604,0
1790100340039,1
1790100340039,0
1790100340484,1
1790100340484,0
1790100340841,1
1790100340841,0
1790100341200,1
1790100341200,0
1790100341542,1
1790100341542,0
1790100341755,1
1790100341755,0
1790100342154,1
1790100342155,0
1790100342564,1
1790100342564,0
1790100342707,1
1790100342707,0
1790100343147,1
1790100343147,0
1790100343575,1
1790100343575,0
1790100343999,1
1790100343999,0
1790100344143,1
1790100344143,0
1790100344526,1
1790100344527,0
1790100344916,1
1790100344916,0
1790100345286,1
1790100345286,0
1790100345508,1
1790100345508,0
1790100345905,1
1790100345906,0
1790100346296,1
1790100346297,0
1790100346696,1
1790100346696,0
1790100347020,1
1790100347020,0
1790100347411,1
1790100347411,0
1790100347707,1
1790100347707,0
1790100348079,1
1790100348080,0
1790100348474,1
1790100348475,0
1790100348855,1
1790100348855,0
1790100349233,1
1790100349234,0
1790100349592,1
1790100349593,0
1790100349950,1
1790100349950,0
1790100350331,1
1790100350332,0
1790100350696,1
1790100350696,0
1790100350991,1
1790100350992,0
1790100351385,1
1790100351386,0
1790100351789,1
1790100351789,0
1790100352142,1
1790100352142,0
1790100352545,1
1790100352546,0
1790100352871,1
1790100352871,0
1790100353089,1
1790100353089,0
1790100353313,1
1790100353313,0
1790100353524,1
1790100353524,0
1790100353668,1
1790100353668,0
1790100353967,1
1790100353967,0
1790100354195,1
1790100354195,0
1790100354380,1
1790100354380,0
1790100354794,1
1790100354795,0
1790100355219,1
1790100355219,0
1790100355577,1
1790100355577,0
1790100356010,1
1790100356010,0
1790100356457,1
1790100356458,0
1790100356809,1
1790100356809,0
1790100356954,1
1790100356954,0
1790100357177,1
1790100357177,0
1790100357380,1
1790100357380,0
1790100357647,1
1790100357647,0
1790100358049,1
1790100358050,0
1790100358450,1
1790100358451,0
1790100358876,1
1790100358876,0
1790100359304,1
1790100359304,0
1790100359725,1
1790100359726,0
1790100360078,1
1790100360078,0
1790100360377,1
1790100360378,0
1790100360764,1
1790100360764,0
1790100361178,1
1790100361179,0
1790100361525,1
1790100361526,0
1790100361875,1
1790100361876,0
1790100362278,1
1790100362278,0
1790100362623,1
1790100362623,0
1790100362968,1
1790100362969,0
1790100363238,1
1790100363238,0
1790100363560,1
1790100363560,0
1790100363959,1
1790100363960,0
1790100364357,1
1790100364357,0
1790100364737,1
1790100364737,0
1790100365164,1
1790100365165,0
1790100365495,1
1790100365495,0
1790100365869,1
1790100365870,0
1790100366237,1
1790100366237,0
1790100366614,1
1790100366614,0
1790100366909,1
1790100366909,0
1790100367237,1
1790100367238,0
1790100367669,1
1790100367670,0
1790100368030,1
1790100368030,0
1790100368405,1
1790100368405,0
1790100368785,1
1790100368785,0
1790100369175,1
1790100369175,0
1790100369378,1
1790100369378,0
1790100369589,1
1790100369589,0
1790100369733,1
1790100369734,0
1790100370095,1
1790100370095,0
1790100370421,1
1790100370421,0
1790100370787,1
1790100370788,0
1790100371051,1
1790100371052,0
1790100371451,1
1790100371451,0
1790100371798,1
1790100371798,0
1790100372185,1
1790100372186,0
1790100372576,1
1790100372577,0
1790100372907,1
1790100372907,0
1790100373323,1
1790100373324,0
1790100373681,1
1790100373681,0
1790100373897,1
1790100373897,0
1790100374277,1
1790100374277,0
1790100374685,1
1790100374686,0
1790100375119,1
1790100375120,0
1790100375447,1
1790100375447,0
1790100375871,1
1790100375871,0
1790100376306,1
1790100376307,0
1790100376748,1
1790100376748,0
1790100377069,1
1790100377069,0
1790100377411,1
1790100377412,0
1790100377742,1
1790100377742,0
1790100378081,1
1790100378082,0
1790100378478,1
1790100378478,0
1790100378877,1
1790100378878,0
1790100379272,1
1790100379272,0
1790100379650,1
1790100379650,0
1790100380060,1
1790100380061,0
1790100380388,1
1790100380388,0
1790100380746,1
1790100380746,0
1790100381118,1
1790100381119,0
1790100381557,1
1790100381557,0
1790100382003,1
1790100382003,0
1790100382434,1
1790100382435,0
1790100382878,1
1790100382878,0
1790100383090,1
1790100383090,0
1790100383297,1
1790100383297,0
1790100383439,1
1790100383439,0
1790100383708,1
1790100383709,0
1790100384059,1
1790100384060,0
1790100384397,1
1790100384397,0
1790100384752,1
1790100384752,0
1790100384979,1
1790100384979,0
1790100385328,1
1790100385328,0
1790100385669,1
1790100385670,0
1790100386009,1
1790100386010,0
1790100386340,1
1790100386340,0
1790100386604,1
1790100386604,0
1790100386963,1
1790100386964,0
1790100387393,1
1790100387393,0
1790100387759,1
1790100387759,0
1790100387977,1
1790100387977,0
1790100388204,1
1790100388204,0
1790100388599,1
1790100388600,0
1790100388982,1
1790100388982,0
1790100389364,1
1790100389364,0
1790100389660,1
1790100389660,0
1790100389803,1
1790100389804,0
1790100390177,1
1790100390177,0
1790100390549,1
1790100390550,0
1790100390687,1
1790100390688,0
1790100391061,1
1790100391062,0
1790100391428,1
1790100391428,0
1790100391771,1
1790100391771,0
1790100392122,1
1790100392122,0
1790100392457,1
1790100392457,0
1790100392725,1
1790100392726,0
1790100393021,1
1790100393022,0
1790100393451,1
1790100393451,0
1790100393808,1
1790100393809,0
1790100394239,1
1790100394239,0
1790100394636,1
1790100394638,0
1790100395003,1
1790100395004,0
1790100395361,1
1790100395361,0
1790100395717,1
1790100395717,0
1790100396053,1
1790100396053,0
1790100396194,1
1790100396194,0
1790100396400,1
1790100396400,0
1790100396603,1
1790100396603,0
1790100396952,1
1790100396953,0
1790100397303,1
1790100397303,0
1790100397642,1
1790100397642,0
1790100398069,1
1790100398069,0
1790100398465,1
1790100398466,0
1790100398880,1
1790100398881,0
1790100399207,1
1790100399207,0
1790100399347,1
1790100399347,0
1790100399553,1
1790100399553,0
1790100399919,1
1790100399920,0
1790100400280,1
1790100400281,0
1790100400646,1
1790100400646,0
1790100401099,1
1790100401099,0
1790100401448,1
1790100401448,0
1790100401821,1
1790100401822,0
1790100402122,1
1790100402122,0
1790100402497,1
1790100402497,0
1790100402930,1
1790100402931,0
1790100403363,1
1790100403363,0
1790100403633,1
1790100403633,0
1790100403967,1
1790100403968,0
1790100404356,1
1790100404356,0
1790100404688,1
1790100404688,0
1790100405024,1
1790100405024,0
1790100405294,1
1790100405294,0
1790100405644,1
1790100405644,0
1790100405939,1
1790100405939,0
1790100406355,1
1790100406355,0
1790100406683,1
1790100406684,0
1790100407110,1
1790100407110,0
1790100407530,1
1790100407530,0
1790100407796,1
1790100407796,0
1790100408127,1
1790100408128,0
1790100408467,1
1790100408468,0
1790100408814,1
1790100408814,0
1790100409169,1
1790100409169,0
1790100409591,1
1790100409591,0
1790100410007,1
1790100410008,0
1790100410277,1
1790100410277,0
1790100410644,1
1790100410645,0
1790100411074,1
1790100411074,0
1790100411514,1
1790100411515,0
1790100411959,1
1790100411959,0
1790100412393,1
1790100412393,0
1790100412753,1
1790100412753,0
1790100413133,1
1790100413134,0
1790100413355,1
1790100413355,0
1790100413774,1
1790100413774,0
1790100414203,1
1790100414203,0
1790100414606,1
1790100414607,0
1790100414963,1
1790100414964,0
1790100415188,1
1790100415188,0
1790100415397,1
1790100415397,0
1790100415537,1
1790100415537,0
1790100415808,1
1790100415808,0
1790100416183,1
1790100416184,0
1790100416550,1
1790100416550,0
1790100416694,1
1790100416694,0
1790100417118,1
1790100417118,0
1790100417539,1
1790100417539,0
1790100417878,1
1790100417878,0
1790100418224,1
1790100418225,0
1790100418489,1
1790100418490,0
1790100418757,1
1790100418757,0
1790100419114,1
1790100419114,0
1790100419540,1
1790100419540,0
1790100419905,1
1790100419905,0
1790100420229,1
1790100420229,0
1790100420558,1
1790100420559,0
1790100420888,1
1790100420888,0
1790100421281,1
1790100421281,0
1790100421678,1
1790100421679,0
1790100422002,1
1790100422002,0
1790100422273,1
1790100422274,0
1790100422660,1
1790100422660,0
1790100423058,1
1790100423059,0
1790100423353,1
1790100423353,0
1790100423780,1
1790100423781,0
1790100424168,1
1790100424168,0
1790100424370,1
1790100424371,0
1790100424574,1
1790100424574,0
1790100424715,1
1790100424715,0
1790100424860,1
1790100424861,0
1790100425190,1
1790100425190,0
1790100425572,1
1790100425572,0
1790100425979,1
1790100425979,0
1790100426391,1
1790100426391,0
1790100426825,1
1790100426826,0
1790100427151,1
1790100427152,0
1790100427508,1
1790100427508,0
1790100427874,1
1790100427874,0
1790100428173,1
1790100428174,0
1790100428501,1
1790100428501,0
1790100428708,1
1790100428708,0
1790100428917,1
1790100428918,0
1790100429276,1
1790100429276,0
1790100429466,1
1790100429466,0
1790100429886,1
1790100429887,0
1790100430320,1
1790100430321,0
1790100430748,1
1790100430748,0
1790100431106,1
1790100431106,0
1790100431464,1
1790100431464,0
1790100431823,1
1790100431823,0
1790100432253,1
1790100432254,0
1790100432458,1
1790100432458,0
1790100432860,1
1790100432860,0
1790100433253,1
1790100433253,0
1790100433552,1
1790100433552,0
1790100433920,1
1790100433920,0
1790100434290,1
1790100434290,0
1790100434587,1
1790100434587,0
1790100434887,1
1790100434887,0
1790100435105,1
1790100435105,0
1790100435322,1
1790100435323,0
1790100435614,1
1790100435614,0
1790100436009,1
1790100436009,0
1790100436219,1
1790100436219,0
1790100436426,1
1790100436426,0
1790100436625,1
1790100436625,0
1790100436768,1
1790100436768,0
1790100436912,1
1790100436912,0
1790100437049,1
1790100437049,0
1790100437451,1
1790100437452,0
1790100437801,1
1790100437801,0
1790100438005,1
1790100438005,0
1790100438208,1
1790100438208,0
1790100438477,1
1790100438477,0
1790100438907,1
1790100438907,0
1790100439330,1
1790100439330,0
1790100439689,1
1790100439689,0
1790100439959,1
1790100439959,0
1790100440288,1
1790100440288,0
1790100440615,1
1790100440615,0
1790100440880,1
1790100440880,0
1790100441256,1
1790100441257,0
1790100441598,1
1790100441598,0
1790100441933,1
1790100441933,0
1790100442272,1
1790100442273,0
1790100442542,1
1790100442542,0
1790100442808,1
1790100442808,0
1790100442951,1
1790100442951,0
1790100443378,1
1790100443378,0
1790100443779,1
1790100443779,0
1790100444142,1
1790100444142,0
1790100444501,1
1790100444502,0
1790100444768,1
1790100444768,0
1790100445168,1
1790100445168,0
1790100445565,1
1790100445565,0
1790100445891,1
1790100445891,0
1790100446218,1
1790100446219,0
1790100446616,1
1790100446617,0
1790100446998,1
1790100446998,0
1790100447298,1
1790100447298,0
1790100447506,1
1790100447506,0
1790100447838,1
1790100447839,0
1790100448044,1
1790100448044,0
1790100448247,1
1790100448247,0
1790100448389,1
1790100448389,0
1790100448529,1
1790100448530,0
1790100448795,1
1790100448795,0
1790100449152,1
1790100449152,0
1790100449351,1
1790100449351,0
1790100449705,1
1790100449705,0
1790100450083,1
1790100450084,0
1790100450354,1
1790100450354,0
1790100450747,1
1790100450747,0
1790100451153,1
1790100451154,0
1790100451483,1
1790100451483,0
1790100451778,1
1790100451779,0
1790100452209,1
1790100452210,0
1790100452631,1
1790100452631,0
1790100452982,1
1790100452983,0
1790100453189,1
1790100453189,0
1790100453575,1
1790100453576,0
1790100453785,1
1790100453785,0
1790100453991,1
1790100453991,0
1790100454133,1
1790100454133,0
1790100454275,1
1790100454275,0
1790100454600,1
1790100454600,0
1790100454969,1
1790100454969,0
1790100455177,1
1790100455177,0
1790100455606,1
1790100455607,0
1790100456033,1
1790100456034,0
1790100456302,1
1790100456302,0
1790100456720,1
1790100456720,0
1790100457148,1
1790100457149,0
1790100457509,1
1790100457510,0
1790100457653,1
1790100457654,0
1790100458085,1
1790100458085,0
1790100458507,1
1790100458507,0
1790100458831,1
1790100458831,0
1790100459171,1
1790100459171,0
1790100459555,1
1790100459555,0
1790100459771,1
1790100459771,0
1790100459977,1
1790100459977,0
1790100460119,1
1790100460120,0
1790100460262,1
1790100460262,0
1790100460618,1
1790100460618,0
1790100460947,1
1790100460947,0
1790100461283,1
1790100461283,0
1790100461499,1
1790100461499,0
1790100461706,1
1790100461706,0
1790100461969,1
1790100461969,0
1790100462303,1
1790100462304,0
1790100462630,1
1790100462630,0
1790100462895,1
1790100462895,0
1790100463255,1
1790100463256,0
1790100463468,1
1790100463468,0
1790100463662,1
1790100463662,0
1790100463806,1
1790100463806,0
1790100464197,1
1790100464197,0
1790100464603,1
1790100464605,0
1790100464809,1
1790100464809,0
1790100465021,1
1790100465022,0
1790100465159,1
1790100465159,0
1790100465303,1
1790100465303,0
1790100465628,1
1790100465628,0
1790100465947,1
1790100465947,0
1790100466313,1
1790100466314,0
1790100466639,1
1790100466639,0
1790100466980,1
1790100466980,0
1790100467278,1
1790100467278,0
1790100467495,1
1790100467496,0
1790100467704,1
1790100467704,0
1790100467846,1
1790100467846,0
1790100468116,1
1790100468116,0
1790100468476,1
1790100468477,0
1790100468840,1
1790100468840,0
1790100469198,1
1790100469198,0
1790100469392,1
1790100469393,0
1790100469808,1
1790100469808,0
1790100470146,1
1790100470146,0
1790100470484,1
1790100470484,0
1790100470747,1
1790100470747,0
1790100471013,1
1790100471014,0
1790100471369,1
1790100471369,0
1790100471784,1
1790100471784,0
1790100472204,1
1790100472204,0
1790100472570,1
1790100472570,0
1790100472943,1
1790100472943,0
1790100473243,1
1790100473243,0
1790100473609,1
1790100473609,0
1790100473970,1
1790100473970,0
1790100474269,1
1790100474269,0
1790100474411,1
1790100474411,0
1790100474758,1
1790100474758,0
1790100475108,1
1790100475108,0
1790100475372,1
1790100475372,0
1790100475719,1
1790100475719,0
1790100476116,1
1790100476117,0
1790100476325,1
1790100476325,0
1790100476530,1
1790100476530,0
1790100476669,1
1790100476669,0
1790100476804,1
1790100476805,0
1790100477072,1
1790100477072,0
1790100477413,1
1790100477414,0
1790100477785,1
1790100477785,0
1790100478000,1
1790100478000,0
1790100478207,1
1790100478207,0
1790100478566,1
1790100478566,0
1790100478993,1
1790100478993,0
1790100479420,1
1790100479421,0
1790100479781,1
1790100479781,0
1790100480139,1
1790100480139,0
1790100480347,1
1790100480347,0
1790100480563,1
1790100480564,0
1790100480706,1
1790100480706,0
1790100481034,1
1790100481034,0
1790100481247,1
1790100481247,0
1790100481607,1
1790100481608,0
1790100481964,1
1790100481964,0
1790100482259,1
1790100482259,0
1790100482560,1
1790100482560,0
1790100482863,1
1790100482863,0
1790100483237,1
1790100483238,0
1790100483638,1
1790100483638,0
1790100484041,1
1790100484042,0
1790100484443,1
1790100484444,0
1790100484714,1
1790100484714,0
1790100485085,1
1790100485085,0
1790100485452,1
1790100485452,0
1790100485751,1
1790100485752,0
1790100486079,1
1790100486079,0
1790100486470,1
1790100486471,0
1790100486866,1
1790100486866,0
1790100487226,0
1790100487226,0
1790100487596,0
1790100487597,0
1790100487930,0
1790100487933,0
1790100488268,0
1790100488269,0
1790100488614,1
1790100488614,0
1790100488879,1
1790100488879,0
1790100489147,1
1790100489147,0
1790100489436,1
1790100489436,0
1790100489860,1
1790100489860,0
1790100490229,1
1790100490229,0
1790100490595,1
1790100490595,0
1790100490960,1
1790100490961,0
1790100491317,1
1790100491317,0
1790100491524,1
1790100491524,0
1790100491730,1
1790100491731,0
1790100491874,1
1790100491874,0
1790100492175,1
1790100492176,0
1790100492613,1
1790100492614,0
1790100493045,1
1790100493045,0
1790100493189,1
1790100493189,0
1790100493393,1
1790100493393,0
1790100493748,1
1790100493748,0
1790100494114,1
1790100494114,0
1790100494473,1
1790100494474,0
1790100494775,1
1790100494775,0
1790100495074,1
1790100495074,0
1790100495431,1
1790100495431,0
1790100495764,1
1790100495764,0
1790100496197,1
1790100496197,0
1790100496550,1
1790100496551,0
1790100496925,1
1790100496926,0
1790100497226,1
1790100497226,0
1790100497562,1
1790100497562,0
1790100497897,1
1790100497898,0
1790100498166,1
1790100498166,0
1790100498496,1
1790100498496,0
1790100498707,1
1790100498708,0
1790100498914,1
1790100498914,0
1790100499207,1
1790100499208,0
1790100499584,1
1790100499584,0
1790100500001,0
1790100500002,0
1790100500405,0
1790100500406,0
1790100500798,1
1790100500798,0
1790100501124,1
1790100501124,0
1790100501454,1
1790100501455,0
1790100501755,1
1790100501756,0
1790100502162,1
1790100502162,0
1790100502506,1
1790100502506,0
1790100502855,1
1790100502855,0
1790100503227,1
1790100503228,0
1790100503558,1
1790100503558,0
1790100503987,1
1790100503987,0
1790100504415,1
1790100504415,0
1790100504775,1
1790100504775,0
1790100505128,1
1790100505128,0
1790100505448,1
1790100505448,0
1790100505786,1
1790100505786,0
1790100506122,1
1790100506122,0
1790100506520,1
1790100506520,0
1790100506914,1
1790100506915,0
1790100507116,1
1790100507117,0
1790100507314,1
1790100507314,0
1790100507457,1
1790100507457,0
1790100507602,1
1790100507603,0
1790100507875,1
1790100507875,0
1790100508213,1
1790100508213,0
1790100508642,1
1790100508643,0
1790100508980,1
1790100508980,0
1790100509315,1
1790100509316,0
1790100509585,1
1790100509587,0
1790100510015,1
1790100510016,0
1790100510438,1
1790100510438,0
1790100510797,1
1790100510797,0
1790100510940,1
1790100510941,0
1790100511278,1
1790100511279,0
1790100511624,1
1790100511625,0
1790100511983,1
1790100511983,0
1790100512197,1
1790100512197,0
1790100512533,1
1790100512533,0
1790100512953,1
1790100512954,0
1790100513393,1
1790100513393,0
1790100513747,1
1790100513747,0
1790100514105,1
1790100514105,0
1790100514430,1
1790100514430,0
1790100514821,1
1790100514821,0
1790100515163,1
1790100515164,0
1790100515380,1
1790100515380,0
1790100515584,1
1790100515584,0
1790100515849,1
1790100515849,0
1790100516188,1
1790100516188,0
1790100516515,1
1790100516515,0
1790100516784,1
1790100516784,0
1790100517138,1
1790100517139,0
1790100517484,1
1790100517484,0
1790100517805,1
1790100517805,0
1790100518132,1
1790100518132,0
1790100518559,1
1790100518559,0
1790100518928,1
1790100518928,0
1790100519260,1
1790100519260,0
1790100519578,1
1790100519579,0
1790100519847,1
1790100519847,0
1790100520112,1
1790100520112,0
1790100520412,1
1790100520412,0
1790100520746,1
1790100520747,0
1790100521110,1
1790100521110,0
1790100521529,1
1790100521529,0
1790100521957,1
1790100521957,0
1790100522254,1
1790100522254,0
1790100522592,1
1790100522592,0
1790100522937,1
1790100522938,0
1790100523209,1
1790100523209,0
1790100523568,1
1790100523569,0
1790100523931,1
1790100523931,0
1790100524292,1
1790100524292,0
1790100524433,1
1790100524433,0
1790100524801,1
1790100524801,0
1790100525195,1
1790100525195,0
1790100525534,1
1790100525534,0
1790100525864,1
1790100525864,0
1790100526133,1
1790100526134,0
1790100526402,1
1790100526403,0
1790100526546,1
1790100526546,0
1790100526884,1
1790100526885,0
1790100527085,1
1790100527085,0
1790100527418,1
1790100527418,0
1790100527760,1
1790100527760,0
1790100528055,1
1790100528055,0
1790100528415,1
1790100528416,0
1790100528783,1
1790100528783,0
1790100529080,1
1790100529080,0
1790100529409,1
1790100529409,0
1790100529805,1
1790100529805,0
1790100530205,1
1790100530205,0
1790100530348,1
1790100530348,0
1790100530714,1
1790100530714,0
1790100531084,1
1790100531084,0
1790100531514,1
1790100531514,0
1790100531931,1
1790100531931,0
1790100532291,1
1790100532291,0
1790100532648,1
1790100532648,0
1790100532942,1
1790100532943,0
1790100533369,1
1790100533369,0
1790100533761,1
1790100533761,0
1790100534162,1
1790100534163,0
1790100534557,1
1790100534558,0
1790100534917,1
1790100534917,0
1790100535289,1
1790100535289,0
1790100535642,1
1790100535642,0
1790100535939,1
1790100535940,0
1790100536209,1
1790100536209,0
1790100536606,1
1790100536606,0
1790100537002,1
1790100537002,0
1790100537330,1
1790100537331,0
1790100537729,1
1790100537729,0
1790100538099,1
1790100538099,0
1790100538482,1
1790100538483,0
1790100538885,1
1790100538886,0
1790100539216,1
1790100539216,0
1790100539545,1
1790100539545,0
1790100539873,1
1790100539873,0
1790100540299,1
1790100540299,0
1790100540517,1
1790100540517,0
1790100540720,1
1790100540720,0
1790100540920,1
1790100540920,0
1790100541217,1
1790100541217,0
1790100541544,1
1790100541545,0
1790100541875,1
1790100541875,0
1790100542140,1
1790100542140,0
1790100542497,1
1790100542497,0
1790100542861,1
1790100542862,0
1790100543228,1
1790100543228,0
1790100543372,1
1790100543372,0
1790100543584,1
1790100543584,0
1790100543978,1
1790100543978,0
1790100544312,1
1790100544313,0
1790100544636,1
1790100544636,0
1790100544907,1
1790100544907,0
1790100545176,1
1790100545177,0
1790100545534,1
1790100545534,0
1790100545931,1
1790100545931,0
1790100546258,1
1790100546258,0
1790100546464,1
1790100546464,0
1790100546677,1
1790100546677,0
1790100547006,1
1790100547007,0
1790100547341,1
1790100547341,0
1790100547679,1
1790100547679,0
1790100547950,1
1790100547950,0
1790100548302,1
1790100548302,0
1790100548662,1
1790100548662,0
1790100549031,1
1790100549031,0
1790100549297,1
1790100549297,0
1790100549613,1
1790100549613,0
1790100550008,1
1790100550009,0
1790100550442,1
1790100550443,0
1790100550865,1
1790100550865,0
1790100551216,1
1790100551216,0
1790100551570,1
1790100551570,0
1790100551897,1
1790100551897,0
1790100552329,1
1790100552329,0
1790100552725,1
1790100552725,0
1790100553107,1
1790100553107,0
1790100553513,1
1790100553515,0
1790100553846,1
1790100553847,0
1790100554257,1
1790100554257,0
1790100554655,1
1790100554655,0
1790100555006,1
1790100555006,0
1790100555300,1
1790100555300,0
1790100555664,1
1790100555664,0
1790100556026,1
1790100556027,0
1790100556323,1
1790100556323,0
1790100556540,1
1790100556540,0
1790100556748,1
1790100556748,0
1790100557166,1
1790100557166,0
1790100557565,1
1790100557566,0
1790100557916,1
1790100557917,0
1790100558274,1
1790100558274,0
1790100558623,1
1790100558623,0
1790100559046,1
1790100559046,0
1790100559399,1
1790100559400,0
1790100559789,1
1790100559789,0
1790100560182,1
1790100560182,0
1790100560326,1
1790100560326,0
1790100560718,1
1790100560719,0
1790100561116,1
1790100561116,0
1790100561440,1
1790100561441,0
1790100561795,1
1790100561795,0
1790100561997,1
1790100561997,0
1790100562208,1
1790100562208,0
1790100562564,1
1790100562564,0
1790100562926,1
1790100562926,0
1790100563142,1
1790100563142,0
1790100563519,1
1790100563519,0
1790100563925,1
1790100563925,0
1790100564251,1
1790100564251,0
1790100564577,1
1790100564577,0
1790100564721,1
1790100564721,0
1790100565053,1
1790100565053,0
1790100565450,1
1790100565450,0
1790100565878,1
1790100565879,0
1790100566300,1
1790100566300,0
1790100566444,1
1790100566445,0
1790100566873,1
1790100566874,0
1790100567294,1
1790100567294,0
1790100567648,1
1790100567648,0
1790100567787,1
1790100567787,0
1790100568184,1
1790100568184,0
1790100568574,1
1790100568574,0
1790100568927,1
1790100568927,0
1790100569362,1
1790100569362,0
1790100569712,1
1790100569712,0
1790100569916,1
1790100569916,0
1790100570127,1
1790100570127,0
1790100570269,1
1790100570269,0
1790100570412,1
1790100570412,0
1790100570734,1
1790100570734,0
1790100570945,1
1790100570946,0
1790100571276,1
1790100571276,0
1790100571607,1
1790100571607,0
1790100571941,1
1790100571941,0
1790100572207,1
1790100572207,0
1790100572634,1
1790100572634,0
1790100573063,1
1790100573064,0
1790100573421,1
1790100573421,0
1790100573564,1
1790100573564,0
1790100573954,1
1790100573954,0
1790100574335,1
1790100574335,0
1790100574473,1
1790100574473,0
1790100574851,1
1790100574852,0
1790100575182,1
1790100575182,0
1790100575604,1
1790100575604,0
1790100576027,1
1790100576027,0
1790100576377,1
1790100576377,0
1790100576728,1
1790100576728,0
1790100577056,1
1790100577057,0
1790100577254,1
1790100577254,0
1790100577599,1
1790100577599,0
1790100577806,1
1790100577806,0
1790100578014,1
1790100578014,0
1790100578367,1
1790100578367,0
1790100578763,1
1790100578763,0
1790100579166,1
1790100579166,0
1790100579490,1
1790100579491,0
1790100579778,1
1790100579778,0
1790100580115,1
1790100580115,0
1790100580454,1
1790100580454,0
1790100580783,1
1790100580784,0
1790100581122,1
1790100581122,0
1790100581555,1
1790100581555,0
1790100581960,1
1790100581960,0
1790100582379,1
1790100582379,0
1790100582736,1
1790100582737,0
1790100583091,1
1790100583091,0
1790100583234,1
1790100583234,0
1790100583622,1
1790100583622,0
1790100584046,1
1790100584046,0
1790100584450,1
1790100584450,0
1790100584835,1
1790100584835,0
1790100585192,1
1790100585193,0
1790100585614,1
1790100585614,0
1790100586030,1
1790100586031,0
1790100586385,1
1790100586385,0
1790100586683,1
1790100586684,0
1790100587051,1
1790100587051,0
1790100587413,1
1790100587413,0
1790100587680,1
1790100587680,0
1790100588019,1
1790100588019,0
1790100588449,1
1790100588449,0
1790100588846,1
1790100588846,0
1790100589246,1
1790100589247,0
1790100589574,1
1790100589574,0
1790100589895,1
1790100589896,0
1790100590156,1
1790100590156,0
1790100590577,1
1790100590578,0
1790100590920,1
1790100590920,0
1790100591240,1
1790100591240,0
1790100591572,1
1790100591572,0
1790100591867,1
1790100591867,0
1790100592205,1
1790100592205,0
1790100592541,1
1790100592541,0
1790100592807,1
1790100592808,0
1790100593130,1
1790100593130,0
1790100593502,1
1790100593502,0
1790100593848,1
1790100593849,0
1790100594174,1
1790100594174,0
1790100594552,1
1790100594553,0
1790100594949,1
1790100594949,0
1790100595372,1
1790100595372,0
1790100595804,1
1790100595804,0
1790100596157,1
1790100596157,0
1790100596516,1
1790100596516,0
1790100596659,1
1790100596659,0
1790100596872,1
1790100596872,0
1790100597237,1
1790100597237,0
1790100597430,1
1790100597430,0
1790100597640,1
1790100597641,0
1790100597909,1
1790100597909,0
1790100598331,1
1790100598331,0
1790100598758,1
1790100598758,0
1790100599111,1
1790100599111,0
1790100599461,1
1790100599462,0
1790100599885,1
1790100599885,0
1790100600311,1
1790100600312,0
1790100600608,1
1790100600609,0
1790100601038,1
1790100601038,0
1790100601250,1
1790100601251,0
1790100601652,1
1790100601653,0
1790100602043,1
1790100602044,0
1790100602368,1
1790100602368,0
1790100602696,1
1790100602697,0
1790100603052,1
1790100603052,0
1790100603488,1
1790100603488,0
1790100603700,1
1790100603700,0
1790100604032,1
1790100604032,0
1790100604372,1
1790100604372,0
1790100604511,1
1790100604511,0
1790100604931,1
1790100604931,0
1790100605365,1
1790100605365,0
1790100605724,1
1790100605725,0
1790100606075,1
1790100606075,0
1790100606385,1
1790100606385,0
1790100606719,1
1790100606719,0
1790100607079,1
1790100607079,0
1790100607445,1
1790100607446,0
1790100607650,1
1790100607650,0
1790100607968,1
1790100607968,0
1790100608282,1
1790100608282,0
1790100608551,1
1790100608551,0
1790100608811,1
1790100608811,0
1790100608953,1
1790100608953,0
1790100609382,1
1790100609382,0
1790100609703,1
1790100609703,0
1790100610109,1
1790100610109,0
1790100610505,1
1790100610506,0
1790100610773,1
1790100610773,0
1790100611139,1
1790100611139,0
1790100611501,1
1790100611501,0
1790100611797,1
1790100611798,0
1790100612121,1
1790100612121,0
1790100612513,1
1790100612513,0
1790100612907,1
1790100612907,0
1790100613047,1
1790100613048,0
1790100613477,1
1790100613477,0
1790100613845,1
1790100613845,0
1790100614042,1
1790100614042,0
1790100614253,1
1790100614253,0
1790100614395,1
1790100614395,0
1790100614536,1
1790100614536,0
1790100614894,1
1790100614895,0
1790100615291,1
1790100615292,0
1790100615634,1
1790100615634,0
1790100616006,1
1790100616006,0
1790100616367,1
1790100616367,0
1790100616656,1
1790100616656,0
1790100616869,1
1790100616869,0
1790100617076,1
1790100617076,0
1790100617217,1
1790100617217,0
1790100617572,1
1790100617572,0
1790100617995,1
1790100617996,0
1790100618426,1
1790100618426,0
1790100618570,1
1790100618571,0
1790100618974,1
1790100618974,0
1790100619347,1
1790100619347,0
1790100619700,1
1790100619700,0
1790100620074,1
1790100620074,0
1790100620365,1
1790100620365,0
1790100620661,1
1790100620661,0
1790100621016,1
1790100621016,0
1790100621384,1
1790100621385,0
1790100621790,1
1790100621790,0
1790100622221,1
1790100622221,0
1790100622666,1
1790100622666,0
1790100622999,1
1790100622999,0
1790100623345,1
1790100623345,0
1790100623723,1
1790100623723,0
1790100624020,1
1790100624020,0
1790100624345,1
1790100624345,0
1790100624725,1
1790100624725,0
1790100625121,1
1790100625122,0
1790100625475,1
1790100625475,0
1790100625911,1
1790100625912,0
1790100626336,1
1790100626337,0
1790100626774,1
1790100626774,0
1790100627198,1
1790100627198,0
1790100627549,1
1790100627549,0
1790100627905,1
1790100627905,0
1790100628263,1
1790100628263,0
1790100628607,1
1790100628607,0
1790100629005,1
1790100629005,0
1790100629432,1
1790100629432,0
1790100629864,1
1790100629864,0
1790100630008,1
1790100630008,0
1790100630403,1
1790100630403,0
1790100630809,1
1790100630809,0
1790100631134,1
1790100631134,0
1790100631276,1
1790100631277,0
1790100631610,1
1790100631610,0
1790100631949,1
1790100631949,0
1790100632089,1
1790100632089,0
1790100632452,1
1790100632452,0
1790100632846,1
1790100632847,0
1790100633209,1
1790100633209,0
1790100633574,1
1790100633574,0
1790100633866,1
1790100633866,0
1790100634166,1
1790100634166,0
1790100634492,1
1790100634492,0
1790100634708,1
1790100634708,0
1790100635097,1
1790100635097,0
1790100635444,1
1790100635444,0
1790100635782,1
1790100635782,0
1790100636080,1
1790100636080,0
1790100636512,1
1790100636512,0
1790100636943,1
1790100636944,0
1790100637298,1
1790100637298,0
1790100637595,1
1790100637595,0
1790100637964,1
1790100637964,0
1790100638335,1
1790100638335,0
1790100638630,1
1790100638630,0
1790100639057,1
1790100639057,0
1790100639462,1
1790100639462,0
1790100639804,1
1790100639804,0
1790100640145,1
1790100640145,0
1790100640412,1
1790100640412,0
1790100640681,1
1790100640681,0
1790100640947,1
1790100640947,0
1790100641311,1
1790100641312,0
1790100641655,1
1790100641655,0
1790100642020,1
1790100642020,0
1790100642382,1
1790100642382,0
1790100642741,1
1790100642741,0
1790100642956,1
1790100642956,0
1790100643161,1
1790100643162,0
1790100643304,1
1790100643304,0
1790100643603,1
1790100643603,0
1790100644008,1
1790100644009,0
1790100644404,1
1790100644404,0
1790100644731,1
1790100644732,0
1790100645104,1
1790100645105,0
1790100645314,1
1790100645315,0
1790100645736,1
1790100645736,0
1790100646170,1
1790100646171,0
1790100646524,1
1790100646525,0
1790100646878,1
1790100646879,0
1790100647141,1
1790100647141,0
1790100647353,1
1790100647353,0
1790100647708,1
1790100647708,0
1790100648073,1
1790100648073,0
1790100648451,1
1790100648452,0
1790100648592,1
1790100648592,0
1790100649013,1
1790100649013,0
1790100649448,1
1790100649448,0
1790100649803,1
1790100649803,0
1790100650126,1
1790100650127,0
1790100650342,1
1790100650342,0
1790100650549,1
1790100650549,0
1790100650812,1
1790100650812,0
1790100651184,1
1790100651184,0
1790100651607,1
1790100651607,0
1790100652044,1
1790100652044,0
1790100652470,1
1790100652470,0
1790100652823,1
1790100652823,0
1790100653178,1
1790100653178,0
1790100653445,1
1790100653445,0
1790100653852,1
1790100653852,0
1790100654221,1
1790100654222,0
1790100654599,1
1790100654599,0
1790100655002,1
1790100655002,0
1790100655328,1
1790100655328,0
1790100655540,1
1790100655540,0
1790100655755,1
1790100655755,0
1790100655894,1
1790100655894,0
1790100656216,1
1790100656217,0
1790100656644,1
1790100656644,0
1790100657081,1
1790100657081,0
1790100657378,1
1790100657378,0
1790100657774,1
1790100657774,0
1790100658117,1
1790100658117,0
1790100658452,1
1790100658453,0
1790100658793,1
1790100658793,0
1790100659050,1
1790100659050,0
1790100659318,1
1790100659318,0
1790100659610,1
1790100659610,0
1790100659987,1
1790100659987,0
1790100660192,1
1790100660192,0
1790100660401,1
1790100660401,0
1790100660608,1
1790100660608,0
1790100660963,1
1790100660963,0
1790100661331,1
1790100661331,0
1790100661701,1
1790100661701,0
1790100661999,1
1790100661999,0
1790100662137,1
1790100662137,0
1790100662475,1
1790100662475,0
1790100662820,1
1790100662820,0
1790100663083,1
1790100663083,0
1790100663507,1
1790100663507,0
1790100663727,1
1790100663727,0
1790100664059,1
1790100664060,0
1790100664404,1
1790100664404,0
1790100664670,1
1790100664671,0
1790100664936,1
1790100664938,0
1790100665231,1
1790100665232,0
1790100665442,1
1790100665443,0
1790100665782,1
1790100665783,0
1790100666178,1
1790100666178,0
1790100666566,1
1790100666566,0
1790100666924,1
1790100666925,0
1790100667362,1
1790100667362,0
1790100667789,1
1790100667789,0
1790100668143,1
1790100668144,0
1790100668288,1
1790100668288,0
1790100668690,1
1790100668690,0
1790100669088,1
1790100669088,0
