1790100676988,1
1790100676997,0
1790100677402,0
1790100677402,0
1790100677654,1
1790100677654,0
1790100678062,1
1790100678062,0
1790100678482,1
1790100678483,0
1790100678758,1
1790100678758,0
1790100678988,1
1790100678989,0
1790100679199,1
1790100679199,0
1790100679311,1
1790100679311,0
1790100679587,1
1790100679587,0
1790100679964,1
1790100679965,0
1790100680308,1
1790100680308,0
1790100680641,1
1790100680641,0
1790100680997,0
1790100680998,0
1790100681376,1
1790100681377,0
1790100681731,1
1790100681732,0
1790100682079,1
1790100682080,0
1790100682362,1
1790100682363,0
1790100682633,1
1790100682634,0
1790100682913,1
1790100682913,0
1790100683256,1
1790100683256,0
1790100683375,1
1790100683376,0
1790100683786,1
1790100683786,0
1790100684119,1
1790100684119,0
1790100684387,1
1790100684387,0
1790100684774,1
1790100684775,0
1790100685178,1
1790100685181,0
1790100685516,1
1790100685516,0
1790100685820,1
1790100685820,0
1790100686141,1
1790100686142,0
1790100686457,1
1790100686457,0
1790100686766,1
1790100686767,0
1790100687109,1
1790100687109,0
1790100687421,1
1790100687421,0
1790100687824,1
1790100687825,0
1790100688171,1
1790100688171,0
1790100688503,1
1790100688504,0
1790100688831,1
1790100688831,0
1790100689169,1
1790100689169,0
1790100689485,1
1790100689485,0
1790100689867,1
1790100689867,0
1790100690137,1
1790100690138,0
1790100690483,1
1790100690483,0
1790100690792,1
1790100690793,0
1790100691176,1
1790100691176,0
1790100691482,1
1790100691483,0
1790100691795,1
1790100691795,0
1790100691907,1
1790100691908,0
1790100692150,1
1790100692151,0
1790100692470,1
1790100692470,0
1790100692750,1
1790100692751,0
1790100693002,1
1790100693003,0
1790100693314,1
1790100693315,0
1790100693554,1
1790100693555,0
1790100693798,1
1790100693799,0
1790100694037,1
1790100694038,0
1790100694279,1
1790100694279,0
1790100694394,1
1790100694394,0
1790100694509,1
1790100694509,0
1790100694846,1
1790100694848,0
1790100695191,1
1790100695193,0
1790100695466,1
1790100695466,0
1790100695581,1
1790100695582,0
1790100695825,1
1790100695826,0
1790100696072,1
1790100696073,0
1790100696320,1
1790100696320,0
1790100696648,1
1790100696648,0
1790100696920,1
1790100696920,0
1790100697261,1
1790100697262,0
1790100697535,1
1790100697535,0
1790100697729,1
1790100697729,0
1790100698095,1
1790100698095,0
1790100698282,1
1790100698282,0
1790100698395,1
1790100698395,0
1790100698519,1
1790100698519,0
1790100698634,1
1790100698635,0
1790100698941,1
1790100698942,0
1790100699244,1
1790100699244,0
1790100699360,1
1790100699361,0
1790100699537,1
1790100699537,0
1790100699711,1
1790100699711,0
1790100699982,1
1790100699983,0
1790100700105,1
1790100700106,0
1790100700291,1
1790100700292,0
1790100700411,1
1790100700411,0
1790100700688,1
1790100700688,0
1790100700943,1
1790100700943,0
1790100701187,1
1790100701187,0
1790100701432,1
1790100701433,0
1790100701730,1
1790100701731,0
1790100701847,1
1790100701847,0
1790100702251,1
1790100702252,0
1790100702656,1
1790100702657,0
1790100702987,1
1790100702987,0
1790100703314,1
1790100703315,0
1790100703434,1
1790100703437,0
1790100703709,1
1790100703709,0
1790100704110,1
1790100704111,0
1790100704488,1
1790100704489,0
1790100704857,1
1790100704858,0
1790100705170,1
1790100705170,0
1790100705569,1
1790100705569,0
1790100705905,1
1790100705905,0
1790100706234,1
1790100706235,0
1790100706353,1
1790100706354,0
1790100706622,1
1790100706623,0
1790100706910,1
1790100706910,0
1790100707028,1
1790100707029,0
1790100707371,1
1790100707372,0
1790100707674,1
1790100707674,0
1790100707945,1
1790100707945,0
1790100708220,1
1790100708220,0
1790100708490,1
1790100708490,0
1790100708762,1
1790100708762,0
1790100708882,1
1790100708883,0
1790100709191,1
1790100709191,0
1790100709423,1
1790100709423,0
1790100709794,1
1790100709794,0
1790100710091,1
1790100710091,0
1790100710395,1
1790100710395,0
1790100710523,1
1790100710524,0
1790100710715,1
1790100710716,0
1790100710832,1
1790100710833,0
1790100711163,1
1790100711164,0
1790100711482,1
1790100711484,0
1790100711792,1
1790100711792,0
1790100712134,1
1790100712134,0
1790100712492,1
1790100712493,0
1790100712775,0
1790100712779,0
1790100713050,0
1790100713051,0
1790100713397,1
1790100713397,0
1790100713670,1
1790100713670,0
1790100713937,1
1790100713937,0
1790100714200,1
1790100714200,0
1790100714437,1
1790100714437,0
1790100714763,1
1790100714763,0
1790100714999,1
1790100714999,0
1790100715310,1
1790100715311,0
1790100715580,1
1790100715581,0
1790100715893,1
1790100715893,0
1790100716214,1
1790100716214,0
1790100716456,1
1790100716456,0
1790100716730,1
1790100716730,0
1790100717038,1
1790100717038,0
1790100717275,1
1790100717275,0
1790100717386,1
1790100717388,0
1790100717801,1
1790100717801,0
1790100718210,1
1790100718211,0
1790100718485,1
1790100718485,0
1790100718828,1
1790100718828,0
1790100719096,1
1790100719096,0
1790100719367,1
1790100719367,0
1790100719481,1
1790100719481,0
1790100719717,1
1790100719717,0
1790100720021,1
1790100720021,0
1790100720253,1
1790100720254,0
1790100720491,1
1790100720491,0
1790100720820,1
1790100720820,0
1790100721062,1
1790100721062,0
1790100721299,1
1790100721301,0
1790100721542,1
1790100721542,0
1790100721817,1
1790100721817,0
1790100722217,1
1790100722218,0
1790100722549,1
1790100722550,0
1790100722791,1
1790100722791,0
1790100722903,1
1790100722903,0
1790100723097,1
1790100723097,0
1790100723425,1
1790100723425,0
1790100723700,1
1790100723700,0
1790100723963,1
1790100723963,0
1790100724232,1
1790100724232,0
1790100724501,1
1790100724501,0
1790100724802,1
1790100724802,0
1790100725174,1
1790100725174,0
1790100725416,1
1790100725416,0
1790100725654,1
1790100725655,0
1790100725957,1
1790100725957,0
1790100726222,1
1790100726222,0
1790100726493,1
1790100726493,0
1790100726762,1
1790100726762,0
1790100726999,1
1790100726999,0
1790100727278,1
1790100727278,0
1790100727549,1
1790100727549,0
1790100727659,1
1790100727659,0
1790100727901,1
1790100727901,0
1790100728143,1
1790100728144,0
1790100728478,1
1790100728478,0
1790100728810,1
1790100728810,0
1790100729137,1
1790100729137,0
1790100729462,1
1790100729463,0
1790100729790,1
1790100729792,0
1790100729983,1
1790100729983,0
1790100730350,1
1790100730352,0
1790100730599,1
1790100730600,0
1790100730912,1
1790100730912,0
1790100731025,1
1790100731026,0
1790100731353,1
1790100731354,0
1790100731754,1
1790100731755,0
1790100732094,1
1790100732094,0
1790100732330,1
1790100732330,0
1790100732625,1
1790100732626,0
1790100732999,1
1790100732999,0
1790100733272,1
1790100733272,0
1790100733533,1
1790100733534,0
1790100733865,1
1790100733865,0
1790100734104,1
1790100734104,0
1790100734339,1
1790100734340,0
1790100734570,1
1790100734570,0
1790100734812,1
1790100734812,0
1790100735142,1
1790100735142,0
1790100735478,1
1790100735479,0
1790100735780,1
1790100735780,0
1790100736078,1
1790100736078,0
1790100736375,1
1790100736376,0
1790100736498,1
1790100736498,0
1790100736795,1
1790100736795,0
1790100737096,1
1790100737097,0
1790100737395,1
1790100737395,0
1790100737507,1
1790100737508,0
1790100737700,1
1790100737701,0
1790100737813,1
1790100737813,0
1790100737927,1
1790100737928,0
1790100738203,1
1790100738203,0
1790100738507,1
1790100738508,0
1790100738622,1
1790100738622,0
1790100738735,1
1790100738735,0
1790100738850,1
1790100738850,0
1790100738962,1
1790100738962,0
1790100739262,1
1790100739262,0
1790100739658,1
1790100739659,0
1790100739975,1
1790100739975,0
1790100740216,1
1790100740216,0
1790100740450,1
1790100740450,0
1790100740720,1
1790100740720,0
1790100741065,1
1790100741066,0
1790100741337,1
1790100741337,0
1790100741610,1
1790100741610,0
1790100741909,1
1790100741909,0
1790100742237,1
1790100742237,0
1790100742573,1
1790100742574,0
1790100742844,1
1790100742844,0
1790100742957,1
1790100742957,0
1790100743300,1
1790100743300,0
1790100743421,1
1790100743421,0
1790100743539,1
1790100743539,0
1790100743649,1
1790100743649,0
1790100743764,1
1790100743764,0
1790100743999,1
1790100743999,0
1790100744238,1
1790100744238,0
1790100744568,1
1790100744568,0
1790100744905,1
1790100744905,0
1790100745239,1
1790100745240,0
1790100745547,1
1790100745549,0
1790100745858,1
1790100745859,0
1790100746156,1
1790100746156,0
1790100746469,1
1790100746470,0
1790100746821,1
1790100746822,0
1790100747100,1
1790100747101,0
1790100747370,1
1790100747370,0
1790100747607,1
1790100747608,0
1790100747939,1
1790100747939,0
1790100748271,1
1790100748272,0
1790100748512,1
1790100748512,0
1790100748750,1
1790100748750,0
1790100748993,1
1790100748993,0
1790100749235,1
1790100749236,0
1790100749502,1
1790100749502,0
1790100749738,1
1790100749738,0
1790100750069,1
1790100750069,0
1790100750182,1
1790100750183,0
1790100750369,1
1790100750369,0
1790100750699,1
1790100750699,0
1790100751002,1
1790100751002,0
1790100751297,1
1790100751297,0
1790100751603,1
1790100751603,0
1790100751870,1
1790100751870,0
1790100751984,1
1790100751984,0
1790100752090,1
1790100752090,0
1790100752327,1
1790100752327,0
1790100752597,1
1790100752597,0
1790100752705,1
1790100752705,0
1790100752940,1
1790100752940,0
1790100753178,1
1790100753178,0
1790100753420,1
1790100753420,0
1790100753665,1
1790100753665,0
1790100753914,1
1790100753915,0
1790100754184,1
1790100754186,0
1790100754365,1
1790100754366,0
1790100754603,1
1790100754603,0
1790100754841,1
1790100754841,0
1790100754953,1
1790100754953,0
1790100755254,1
1790100755254,0
1790100755553,1
1790100755553,0
1790100755855,1
1790100755855,0
1790100756154,1
1790100756154,0
1790100756266,1
1790100756266,0
1790100756374,1
1790100756374,0
1790100756698,1
1790100756699,0
1790100756814,1
1790100756815,0
1790100757138,1
1790100757138,0
1790100757251,1
1790100757251,0
1790100757365,1
1790100757365,0
1790100757478,1
1790100757478,0
1790100757591,1
1790100757591,0
1790100757866,1
1790100757866,0
1790100758201,1
1790100758201,0
1790100758314,1
1790100758315,0
1790100758640,1
1790100758640,0
1790100758979,1
1790100758979,0
1790100759278,1
1790100759278,0
1790100759391,1
1790100759391,0
1790100759501,1
1790100759501,0
1790100759616,1
1790100759617,0
1790100759727,1
1790100759727,0
1790100759841,1
1790100759841,0
1790100759959,1
1790100759960,0
1790100760291,1
1790100760291,0
1790100760405,1
1790100760405,0
1790100760729,1
1790100760730,0
1790100761138,1
1790100761139,0
1790100761466,1
1790100761467,0
1790100761791,1
1790100761791,0
1790100762121,1
1790100762121,0
1790100762446,1
1790100762447,0
1790100762775,1
1790100762775,0
1790100763017,1
1790100763017,0
1790100763282,1
1790100763283,0
1790100763549,1
1790100763549,0
1790100763819,1
1790100763819,0
1790100764089,1
1790100764090,0
1790100764355,1
1790100764355,0
1790100764621,1
1790100764621,0
1790100764732,1
1790100764733,0
1790100765032,1
1790100765032,0
1790100765332,1
1790100765332,0
1790100765595,1
1790100765595,0
1790100765832,1
1790100765833,0
1790100766069,1
1790100766070,0
1790100766361,1
1790100766362,0
1790100766656,1
1790100766656,0
1790100766951,1
1790100766951,0
1790100767247,1
1790100767247,0
1790100767576,1
1790100767576,0
1790100767904,1
1790100767904,0
1790100768016,1
1790100768016,0
1790100768257,1
1790100768257,0
1790100768496,1
1790100768497,0
1790100768734,1
1790100768734,0
1790100768972,1
1790100768973,0
1790100769210,1
1790100769210,0
1790100769448,1
1790100769448,0
1790100769716,1
1790100769716,0
1790100769957,1
1790100769957,0
1790100770198,1
1790100770198,0
1790100770526,1
1790100770526,0
1790100770712,1
1790100770712,0
1790100771007,1
1790100771008,0
1790100771277,1
1790100771278,0
1790100771545,1
1790100771545,0
1790100771814,1
1790100771814,0
1790100772087,1
1790100772087,0
1790100772354,1
1790100772354,0
1790100772623,1
1790100772623,0
1790100772858,1
1790100772858,0
1790100773191,1
1790100773191,0
1790100773527,1
1790100773527,0
1790100773795,1
1790100773795,0
1790100774127,1
1790100774127,0
1790100774456,1
1790100774456,0
1790100774785,1
1790100774785,0
1790100775107,1
1790100775107,0
1790100775341,1
1790100775342,0
1790100775579,1
1790100775579,0
1790100775815,1
1790100775815,0
1790100776105,1
1790100776106,0
1790100776405,1
1790100776406,0
1790100776737,1
1790100776737,0
1790100777069,1
1790100777069,0
1790100777404,1
1790100777404,0
1790100777738,1
1790100777739,0
1790100778046,1
1790100778047,0
1790100778324,1
1790100778325,0
1790100778439,1
1790100778439,0
1790100778556,1
1790100778557,0
1790100778675,1
1790100778678,0
1790100779010,0
1790100779015,0
1790100779137,0
1790100779138,0
1790100779253,1
1790100779253,0
1790100779367,1
1790100779367,0
1790100779605,1
1790100779605,0
1790100779906,1
1790100779906,0
1790100780207,1
1790100780208,0
1790100780331,1
1790100780331,0
1790100780624,1
1790100780625,0
1790100780917,1
1790100780917,0
1790100781252,1
1790100781252,0
1790100781578,1
1790100781578,0
1790100781905,1
1790100781905,0
1790100782239,1
1790100782239,0
1790100782509,1
1790100782509,0
1790100782632,1
1790100782632,0
1790100782876,1
1790100782876,0
1790100783197,1
1790100783197,0
1790100783452,1
1790100783452,0
1790100783568,1
1790100783569,0
1790100783808,1
1790100783808,0
1790100784039,1
1790100784039,0
1790100784277,1
1790100784278,0
1790100784388,1
1790100784388,0
1790100784655,1
1790100784656,0
1790100784925,1
1790100784925,0
1790100785225,1
1790100785225,0
1790100785520,1
1790100785520,0
1790100785818,1
1790100785818,0
1790100785930,1
1790100785930,0
1790100786045,1
1790100786045,0
1790100786157,1
1790100786157,0
1790100786267,1
1790100786268,0
1790100786528,1
1790100786529,0
1790100786824,1
1790100786824,0
1790100787150,1
1790100787150,0
1790100787386,1
1790100787386,0
1790100787704,0
1790100787705,0
1790100788032,1
1790100788033,0
1790100788362,1
1790100788362,0
1790100788687,1
1790100788687,0
1790100789015,1
1790100789015,0
1790100789252,1
1790100789252,0
1790100789582,1
1790100789583,0
1790100789912,1
1790100789912,0
1790100790142,1
1790100790142,0
1790100790408,1
1790100790408,0
1790100790520,1
1790100790520,0
1790100790816,1
1790100790816,0
1790100791107,1
1790100791108,0
1790100791406,1
1790100791406,0
1790100791698,1
1790100791698,0
1790100791932,1
1790100791933,0
1790100792265,1
1790100792265,0
1790100792498,1
1790100792498,0
1790100792737,1
1790100792737,0
1790100793036,1
1790100793037,0
1790100793149,1
1790100793149,0
1790100793333,1
1790100793333,0
1790100793442,1
1790100793442,0
1790100793561,1
1790100793561,0
1790100793828,1
1790100793829,0
1790100793944,1
1790100793944,0
1790100794057,1
1790100794057,0
1790100794295,1
1790100794295,0
1790100794595,1
1790100794595,0
1790100794962,1
1790100794962,0
1790100795337,0
1790100795338,0
1790100795632,1
1790100795633,0
1790100795930,1
1790100795930,0
1790100796227,1
1790100796228,0
1790100796519,1
1790100796520,0
1790100796629,1
1790100796629,0
1790100796894,1
1790100796894,0
1790100797133,1
1790100797133,0
1790100797370,1
1790100797370,0
1790100797669,1
1790100797670,0
1790100797782,1
1790100797783,0
1790100797891,1
1790100797891,0
1790100798006,1
1790100798006,0
1790100798303,1
1790100798303,0
1790100798605,1
1790100798605,0
1790100798903,1
1790100798903,0
1790100799201,1
1790100799201,0
1790100799497,1
1790100799497,0
1790100799820,1
1790100799820,0
1790100800062,1
1790100800062,0
1790100800300,1
1790100800301,0
1790100800537,1
1790100800537,0
1790100800774,1
1790100800774,0
1790100801111,1
1790100801111,0
1790100801346,1
1790100801346,0
1790100801671,1
1790100801671,0
1790100801783,1
1790100801783,0
1790100801891,1
1790100801892,0
1790100802216,1
1790100802216,0
1790100802329,1
1790100802329,0
1790100802449,1
1790100802449,0
1790100802563,1
1790100802563,0
1790100802796,1
1790100802796,0
1790100803035,1
1790100803035,0
1790100803270,1
1790100803270,0
1790100803536,1
1790100803537,0
1790100803771,1
1790100803771,0
1790100803887,1
1790100803887,0
1790100804123,1
1790100804123,0
1790100804365,1
1790100804365,0
1790100804605,1
1790100804605,0
1790100804841,1
1790100804841,0
1790100805107,1
1790100805108,0
1790100805220,1
1790100805221,0
1790100805551,1
1790100805551,0
1790100805818,1
1790100805818,0
1790100806083,1
1790100806084,0
1790100806349,1
1790100806349,0
1790100806620,1
1790100806620,0
1790100806883,1
1790100806884,0
1790100807153,1
1790100807153,0
1790100807482,1
1790100807482,0
1790100807787,1
1790100807787,0
1790100808091,1
1790100808091,0
1790100808329,1
1790100808329,0
1790100808658,1
1790100808658,0
1790100808922,1
1790100808922,0
1790100809037,1
1790100809037,0
1790100809146,1
1790100809146,0
1790100809257,1
1790100809257,0
1790100809371,0
1790100809372,0
1790100809483,1
1790100809483,0
1790100809750,1
1790100809751,0
1790100809860,1
1790100809860,0
1790100810120,1
1790100810120,0
1790100810388,1
1790100810388,0
1790100810681,1
1790100810681,0
1790100810918,1
1790100810919,0
1790100811152,1
1790100811152,0
1790100811389,1
1790100811389,0
1790100811625,1
1790100811625,0
1790100811948,1
1790100811948,0
1790100812274,1
1790100812274,0
1790100812386,1
1790100812386,0
1790100812652,1
1790100812652,0
1790100812955,1
1790100812955,0
1790100813282,1
1790100813282,0
1790100813607,1
1790100813608,0
1790100813931,1
1790100813931,0
1790100814259,1
1790100814259,0
1790100814557,1
1790100814557,0
1790100814881,1
1790100814882,0
1790100814998,1
1790100814998,0
1790100815112,1
1790100815112,0
1790100815223,1
1790100815223,0
1790100815491,1
1790100815491,0
1790100815815,1
1790100815815,0
1790100816140,1
1790100816140,0
1790100816475,1
1790100816475,0
1790100816770,1
1790100816770,0
1790100816882,1
1790100816883,0
1790100816998,1
1790100816998,0
1790100817324,1
1790100817325,0
1790100817437,1
1790100817437,0
1790100817736,1
1790100817736,0
1790100818056,1
1790100818056,0
1790100818386,1
1790100818386,0
1790100818712,1
1790100818712,0
1790100819040,1
1790100819040,0
1790100819364,1
1790100819364,0
1790100819598,1
1790100819598,0
1790100819707,1
1790100819708,0
1790100819946,1
1790100819946,0
1790100820185,1
1790100820185,0
1790100820474,1
1790100820474,0
1790100820585,1
1790100820585,0
1790100820696,1
1790100820696,0
1790100820807,1
1790100820808,0
1790100820920,1
1790100820920,0
1790100821247,1
1790100821247,0
1790100821574,1
1790100821574,0
1790100821901,1
1790100821901,0
1790100822224,1
1790100822224,0
1790100822549,1
1790100822549,0
1790100822788,1
1790100822788,0
1790100823026,1
1790100823026,0
1790100823260,1
1790100823260,0
1790100823501,1
1790100823501,0
1790100823616,1
1790100823616,0
1790100823916,1
1790100823917,0
1790100824216,1
1790100824217,0
1790100824329,1
1790100824329,0
1790100824441,1
1790100824441,0
1790100824764,1
1790100824764,0
1790100824999,1
1790100824999,0
1790100825237,1
1790100825237,0
1790100825473,1
1790100825473,0
1790100825585,1
1790100825586,0
1790100825852,1
1790100825852,0
1790100826116,1
1790100826116,0
1790100826409,1
1790100826409,0
1790100826674,1
1790100826674,0
1790100826787,1
1790100826787,0
1790100827083,1
1790100827083,0
1790100827378,1
1790100827379,0
1790100827674,1
1790100827674,0
1790100827968,1
1790100827968,0
1790100828296,1
1790100828296,0
1790100828593,1
1790100828593,0
1790100828705,1
1790100828706,0
1790100828943,1
1790100828943,0
1790100829183,1
1790100829184,0
1790100829414,1
1790100829414,0
1790100829712,1
1790100829712,0
1790100830009,1
1790100830009,0
1790100830305,1
1790100830306,0
1790100830537,1
1790100830537,0
1790100830650,1
1790100830651,0
1790100830762,1
1790100830762,0
1790100831062,1
1790100831063,0
1790100831329,1
1790100831330,0
1790100831653,1
1790100831654,0
1790100831920,1
1790100831920,0
1790100832193,1
1790100832194,0
1790100832466,1
1790100832466,0
1790100832739,1
1790100832740,0
1790100832851,1
1790100832851,0
1790100832962,1
1790100832963,0
1790100833262,1
1790100833262,0
1790100833504,1
1790100833505,0
1790100833737,1
1790100833737,0
1790100834030,1
1790100834030,0
1790100834356,1
1790100834356,0
1790100834680,1
1790100834680,0
1790100835004,1
1790100835004,0
1790100835269,1
1790100835269,0
1790100835595,1
1790100835595,0
1790100835924,1
1790100835925,0
1790100836165,1
1790100836165,0
1790100836463,1
1790100836463,0
1790100836759,1
1790100836759,0
1790100837054,1
1790100837054,0
1790100837344,1
1790100837344,0
1790100837642,1
1790100837642,0
1790100837941,1
1790100837941,0
1790100838175,1
1790100838175,0
1790100838414,1
1790100838415,0
1790100838529,1
1790100838529,0
1790100838791,1
1790100838791,0
1790100839058,1
1790100839058,0
1790100839377,1
1790100839377,0
1790100839615,1
1790100839615,0
1790100839854,1
1790100839854,0
1790100840096,1
1790100840096,0
1790100840329,1
1790100840329,0
1790100840628,1
1790100840629,0
1790100840926,1
1790100840927,0
1790100841258,1
1790100841259,0
1790100841557,1
1790100841558,0
1790100841881,1
1790100841881,0
1790100841994,1
1790100841994,0
1790100842103,1
1790100842103,0
1790100842216,1
1790100842216,0
1790100842327,1
1790100842327,0
1790100842624,1
1790100842624,0
1790100842734,1
1790100842735,0
1790100843063,1
1790100843064,0
1790100843389,1
1790100843389,0
1790100843716,1
1790100843716,0
1790100843830,1
1790100843830,0
1790100843940,1
1790100843940,0
1790100844049,1
1790100844049,0
1790100844162,1
1790100844162,0
1790100844424,1
1790100844424,0
1790100844532,1
1790100844532,0
1790100844642,1
1790100844642,0
1790100844938,1
1790100844938,0
1790100845231,1
1790100845231,0
1790100845471,1
1790100845471,0
1790100845801,1
1790100845801,0
1790100846135,1
1790100846135,0
1790100846459,1
1790100846459,0
1790100846788,1
1790100846788,0
1790100847116,1
1790100847116,0
1790100847446,1
1790100847446,0
1790100847773,1
1790100847773,0
1790100848065,1
1790100848065,0
1790100848360,1
1790100848360,0
1790100848478,1
1790100848479,0
1790100848719,1
1790100848720,0
1790100848958,1
1790100848958,0
1790100849191,1
1790100849191,0
1790100849305,1
1790100849305,0
1790100849574,1
1790100849574,0
1790100849841,1
1790100849842,0
1790100849953,1
1790100849954,0
1790100850281,1
1790100850281,0
1790100850395,1
1790100850395,0
1790100850662,1
1790100850662,0
1790100850927,1
1790100850927,0
1790100851195,1
1790100851195,0
1790100851456,1
1790100851456,0
1790100851751,1
1790100851751,0
1790100852021,1
1790100852022,0
1790100852135,1
1790100852135,0
1790100852454,1
1790100852454,0
1790100852777,1
1790100852777,0
1790100853067,1
1790100853068,0
1790100853368,1
1790100853368,0
1790100853666,1
1790100853666,0
1790100853962,1
1790100853962,0
1790100854199,1
1790100854199,0
1790100854464,1
1790100854464,0
1790100854721,1
1790100854721,0
1790100855014,1
1790100855015,0
1790100855246,1
1790100855247,0
1790100855576,1
1790100855576,0
1790100855869,1
1790100855869,0
1790100856170,1
1790100856170,0
1790100856470,1
1790100856470,0
1790100856772,1
1790100856772,0
1790100857003,1
1790100857003,0
1790100857237,1
1790100857237,0
1790100857348,1
1790100857348,0
1790100857612,1
1790100857612,0
1790100857876,1
1790100857877,0
1790100858142,1
1790100858142,0
1790100858471,1
1790100858471,0
1790100858798,1
1790100858798,0
1790100859120,1
1790100859120,0
1790100859225,1
1790100859225,0
1790100859457,1
1790100859457,0
1790100859695,1
1790100859696,0
1790100859988,1
1790100859988,0
1790100860224,1
1790100860225,0
1790100860335,1
1790100860335,0
1790100860448,1
1790100860448,0
1790100860559,1
1790100860559,0
1790100860670,1
1790100860670,0
1790100860781,1
1790100860781,0
1790100861078,1
1790100861078,0
1790100861183,1
1790100861183,0
1790100861478,1
1790100861479,0
1790100861807,1
1790100861807,0
1790100862132,1
1790100862132,0
1790100862464,1
1790100862465,0
1790100862733,1
1790100862733,0
1790100863003,1
1790100863003,0
1790100863272,1
1790100863272,0
1790100863569,1
1790100863569,0
1790100863895,1
1790100863895,0
1790100864225,1
1790100864225,0
1790100864465,1
1790100864465,0
1790100864770,1
1790100864770,0
1790100865070,1
1790100865070,0
1790100865358,1
1790100865358,0
1790100865650,1
1790100865650,0
1790100865942,1
1790100865943,0
1790100866238,1
1790100866238,0
1790100866466,1
1790100866466,0
1790100866760,1
1790100866761,0
1790100866999,1
1790100866999,0
1790100867261,1
1790100867261,0
1790100867525,1
1790100867525,0
1790100867820,1
1790100867820,0
1790100868082,1
1790100868082,0
1790100868347,1
1790100868347,0
1790100868616,1
1790100868616,0
1790100868726,1
1790100868726,0
1790100869049,1
1790100869049,0
1790100869375,1
1790100869375,0
1790100869484,1
1790100869484,0
1790100869749,1
1790100869749,0
1790100870044,1
1790100870044,0
1790100870281,1
1790100870281,0
1790100870513,1
1790100870513,0
1790100870750,1
1790100870750,0
1790100870988,1
1790100870988,0
1790100871288,1
1790100871289,0
1790100871621,1
1790100871621,0
1790100871731,1
1790100871731,0
1790100871841,1
1790100871841,0
1790100871958,1
1790100871958,0
1790100872225,1
1790100872225,0
1790100872333,1
1790100872333,0
1790100872444,1
1790100872444,0
1790100872554,1
1790100872554,0
1790100872880,1
1790100872881,0
1790100873119,1
1790100873121,0
1790100873358,1
1790100873359,0
1790100873654,1
1790100873654,0
1790100873987,1
1790100873987,0
1790100874316,1
1790100874316,0
1790100874553,1
1790100874554,0
1790100874789,1
1790100874789,0
1790100875025,1
1790100875025,0
1790100875263,1
1790100875263,0
1790100875528,1
1790100875529,0
1790100875791,1
1790100875791,0
1790100876116,1
1790100876116,0
1790100876441,1
1790100876441,0
1790100876767,1
1790100876767,0
1790100877030,1
1790100877031,0
1790100877356,1
1790100877357,0
1790100877684,1
1790100877684,0
1790100878008,1
1790100878008,0
1790100878116,1
1790100878116,0
1790100878444,1
1790100878444,0
1790100878771,1
1790100878772,0
1790100879040,1
1790100879041,0
1790100879248,1
1790100879248,0
1790100879414,1
1790100879415,0
1790100879816,0
1790100879817,0
1790100880213,1
1790100880213,0
1790100880611,1
1790100880612,0
1790100880941,1
1790100880941,0
1790100881266,1
1790100881266,0
1790100881677,0
1790100881678,0
1790100881865,1
1790100881866,0
1790100882170,1
1790100882170,0
1790100882488,0
1790100882489,0
1790100882829,1
1790100882829,0
1790100883202,1
1790100883202,0
1790100883579,0
1790100883579,0
1790100883883,1
1790100883883,0
1790100884184,1
1790100884184,0
1790100884587,1
1790100884588,0
1790100884994,1
1790100884995,0
1790100885403,0
1790100885403,0
1790100885801,1
1790100885802,0
1790100885982,1
1790100885982,0
1790100886355,0
1790100886356,0
1790100886728,1
1790100886728,0
1790100887026,1
1790100887027,0
1790100887319,1
1790100887319,0
1790100887692,1
1790100887692,0
1790100887883,0
1790100887884,0
1790100888243,1
1790100888243,0
1790100888575,1
1790100888575,0
1790100888918,0
1790100888918,0
1790100889318,1
1790100889318,0
1790100889655,1
1790100889655,0
1790100890034,0
1790100890034,0
1790100890331,1
1790100890331,0
1790100890701,1
1790100890701,0
1790100891102,1
1790100891102,0
1790100891508,0
1790100891509,0
1790100891741,1
1790100891741,0
1790100892044,1
1790100892044,0
1790100892225,1
1790100892225,0
1790100892527,0
1790100892528,0
1790100892840,1
1790100892840,0
1790100893133,1
1790100893133,0
1790100893365,1
1790100893365,0
1790100893476,1
1790100893476,0
1790100893789,0
1790100893790,0
1790100894132,1
1790100894132,0
1790100894465,1
1790100894466,0
1790100894809,1
1790100894809,0
1790100895121,1
1790100895121,0
1790100895465,1
1790100895465,0
1790100895805,1
1790100895805,0
1790100896072,1
1790100896072,0
1790100896248,1
1790100896248,0
1790100896581,1
1790100896582,0
1790100896920,1
1790100896921,0
1790100897032,1
1790100897032,0
1790100897431,1
1790100897431,0
1790100897616,1
1790100897616,0
1790100897953,1
1790100897953,0
1790100898296,1
1790100898296,0
1790100898638,1
1790100898638,0
1790100898902,1
1790100898903,0
1790100899228,1
1790100899229,0
1790100899595,1
1790100899596,0
1790100899995,1
1790100899995,0
1790100900399,1
1790100900399,0
1790100900804,1
1790100900805,0
1790100901203,1
1790100901203,0
1790100901518,1
1790100901518,0
1790100901833,1
1790100901834,0
1790100902145,1
1790100902145,0
1790100902412,1
1790100902412,0
1790100902811,1
1790100902811,0
1790100903218,1
1790100903218,0
1790100903590,1
1790100903590,0
1790100903930,1
1790100903930,0
1790100904241,1
1790100904241,0
1790100904595,1
1790100904595,0
1790100904970,1
1790100904970,0
1790100905342,1
1790100905342,0
1790100905640,1
1790100905640,0
1790100905970,1
1790100905970,0
1790100906372,1
1790100906372,0
1790100906558,1
1790100906558,0
1790100906953,1
1790100906954,0
1790100907358,1
1790100907358,0
1790100907627,1
1790100907627,0
1790100907934,1
1790100907935,0
1790100908248,1
1790100908248,0
1790100908559,1
1790100908559,0
1790100908884,1
1790100908884,0
1790100909073,1
1790100909073,0
1790100909248,1
1790100909248,0
1790100909541,1
1790100909542,0
1790100909959,1
1790100909960,0
1790100910146,1
1790100910146,0
1790100910531,1
1790100910532,0
1790100910934,1
1790100910934,0
1790100911264,1
1790100911265,0
1790100911594,1
1790100911594,0
1790100911779,1
1790100911779,0
1790100912138,1
1790100912139,0
1790100912505,1
1790100912505,0
1790100912843,1
1790100912843,0
1790100913187,1
1790100913187,0
1790100913588,1
1790100913588,0
1790100913776,1
1790100913776,0
1790100913944,1
1790100913945,0
1790100914052,1
1790100914052,0
1790100914288,1
1790100914288,0
1790100914444,1
1790100914444,0
1790100914619,1
1790100914619,0
1790100914730,1
1790100914730,0
1790100915095,1
1790100915096,0
1790100915437,1
1790100915437,0
1790100915831,1
1790100915832,0
1790100916237,1
1790100916237,0
1790100916629,1
1790100916629,0
1790100916957,1
1790100916957,0
1790100917254,1
1790100917254,0
1790100917649,1
1790100917649,0
1790100917998,1
1790100917999,0
1790100918400,1
1790100918400,0
1790100918806,1
1790100918807,0
1790100919158,1
1790100919158,0
1790100919341,1
1790100919341,0
1790100919497,1
1790100919497,0
1790100919610,1
1790100919610,0
1790100919720,1
1790100919720,0
1790100919902,1
1790100919903,0
1790100920080,1
1790100920080,0
1790100920256,1
1790100920257,0
1790100920431,1
1790100920431,0
1790100920762,1
1790100920762,0
1790100920944,1
1790100920944,0
1790100921120,1
1790100921120,0
1790100921295,1
1790100921295,0
1790100921407,1
1790100921407,0
1790100921703,1
1790100921704,0
1790100922109,1
1790100922109,0
1790100922298,1
1790100922298,0
1790100922653,1
1790100922654,0
1790100923016,1
1790100923017,0
1790100923331,1
1790100923331,0
1790100923630,1
1790100923630,0
1790100923944,1
1790100923944,0
1790100924254,1
1790100924254,0
1790100924365,1
1790100924365,0
1790100924678,1
1790100924679,0
1790100925019,1
1790100925019,0
1790100925394,1
1790100925394,0
1790100925704,1
1790100925705,0
1790100926042,1
1790100926043,0
1790100926229,1
1790100926229,0
1790100926396,1
1790100926396,0
1790100926564,1
1790100926565,0
1790100926675,1
1790100926675,0
1790100926999,1
1790100926999,0
1790100927182,1
1790100927183,0
1790100927572,1
1790100927572,0
1790100927941,1
1790100927942,0
1790100928320,1
1790100928320,0
1790100928554,1
1790100928554,0
1790100928865,1
1790100928865,0
1790100929176,1
1790100929176,0
1790100929405,1
1790100929405,0
1790100929643,1
1790100929643,0
1790100930051,1
1790100930051,0
1790100930453,1
1790100930454,0
1790100930855,1
1790100930855,0
1790100931195,1
1790100931195,0
1790100931381,1
1790100931381,0
1790100931558,1
1790100931558,0
1790100931731,1
1790100931731,0
1790100931898,1
1790100931898,0
1790100932010,1
1790100932010,0
1790100932337,1
1790100932338,0
1790100932709,1
1790100932709,0
1790100933083,1
1790100933083,0
1790100933486,1
1790100933486,0
1790100933890,1
1790100933890,0
1790100934000,1
1790100934000,0
1790100934313,1
1790100934313,0
1790100934591,1
1790100934591,0
1790100934825,1
1790100934825,0
1790100935117,1
1790100935117,0
1790100935460,1
1790100935460,0
1790100935803,1
1790100935804,0
1790100936065,1
1790100936065,0
1790100936402,1
1790100936403,0
1790100936803,1
1790100936803,0
1790100937208,1
1790100937208,0
1790100937607,1
1790100937608,0
1790100937937,1
1790100937937,0
1790100938334,1
1790100938335,0
1790100938567,1
1790100938568,0
1790100938913,1
1790100938914,0
1790100939251,1
1790100939251,0
1790100939637,1
1790100939637,0
1790100940039,1
1790100940040,0
1790100940436,1
1790100940436,0
1790100940744,1
1790100940744,0
1790100941052,1
1790100941053,0
1790100941365,1
1790100941365,0
1790100941689,1
1790100941689,0
1790100941996,1
1790100941996,0
1790100942310,1
1790100942311,0
1790100942675,1
1790100942675,0
1790100943043,1
1790100943043,0
1790100943355,1
1790100943356,0
1790100943725,1
1790100943725,0
1790100944092,1
1790100944092,0
1790100944391,1
1790100944391,0
1790100944752,1
1790100944752,0
1790100945018,1
1790100945019,0
1790100945206,1
1790100945206,0
1790100945383,1
1790100945384,0
1790100945559,1
1790100945559,0
1790100945732,1
1790100945732,0
1790100946055,1
1790100946055,0
1790100946395,1
1790100946395,0
1790100946742,1
1790100946742,0
1790100947081,1
1790100947081,0
1790100947408,1
1790100947408,0
1790100947721,1
1790100947721,0
1790100948029,1
1790100948029,0
1790100948357,1
1790100948357,0
1790100948541,1
1790100948541,0
1790100948899,1
1790100948900,0
1790100949212,1
1790100949213,0
1790100949522,1
1790100949523,0
1790100949835,1
1790100949835,0
1790100950075,1
1790100950075,0
1790100950188,1
1790100950189,0
1790100950530,1
1790100950531,0
1790100950898,1
1790100950898,0
1790100951208,1
1790100951209,0
1790100951518,1
1790100951519,0
1790100951814,1
1790100951815,0
1790100952001,1
1790100952001,0
1790100952180,1
1790100952180,0
1790100952294,1
1790100952294,0
1790100952563,1
1790100952564,0
1790100952973,1
1790100952973,0
1790100953378,1
1790100953378,0
1790100953691,1
1790100953691,0
1790100954100,1
1790100954101,0
1790100954411,1
1790100954411,0
1790100954709,1
1790100954709,0
1790100955023,1
1790100955024,0
1790100955325,1
1790100955325,0
1790100955563,1
1790100955563,0
1790100955799,1
1790100955799,0
1790100955984,1
1790100955984,0
1790100956286,1
1790100956287,0
1790100956602,1
1790100956602,0
1790100956915,1
1790100956915,0
1790100957289,1
1790100957289,0
1790100957471,1
1790100957471,0
1790100957648,1
1790100957648,0
1790100957823,1
1790100957824,0
1790100958121,1
1790100958121,0
1790100958303,1
1790100958303,0
1790100958475,1
1790100958475,0
1790100958739,1
1790100958739,0
1790100959083,1
1790100959083,0
1790100959481,1
1790100959481,0
1790100959819,1
1790100959819,0
1790100960166,1
1790100960166,0
1790100960431,1
1790100960431,0
1790100960772,1
1790100960772,0
1790100961008,1
1790100961008,0
1790100961380,1
1790100961380,0
1790100961699,1
1790100961699,0
1790100961887,1
1790100961887,0
1790100962065,1
1790100962065,0
1790100962245,1
1790100962245,0
1790100962633,1
1790100962633,0
1790100963034,1
1790100963034,0
1790100963358,1
1790100963358,0
1790100963765,1
1790100963765,0
1790100964073,1
1790100964073,0
1790100964384,1
1790100964384,0
1790100964643,1
1790100964643,0
1790100964990,1
1790100964990,0
1790100965303,1
1790100965303,0
1790100965609,1
1790100965609,0
1790100965926,1
1790100965926,0
1790100966231,1
1790100966231,0
1790100966470,1
1790100966470,0
1790100966708,1
1790100966708,0
1790100967000,1
1790100967001,0
1790100967402,1
1790100967402,0
1790100967805,1
1790100967805,0
1790100968207,1
1790100968207,0
1790100968548,1
1790100968548,0
1790100968735,1
1790100968735,0
1790100968906,1
1790100968906,0
1790100969018,1
1790100969018,0
1790100969255,1
1790100969255,0
1790100969588,1
1790100969589,0
1790100969932,1
1790100969932,0
1790100970045,1
1790100970045,0
1790100970358,1
1790100970358,0
1790100970772,1
1790100970772,0
1790100971145,1
1790100971145,0
1790100971517,1
1790100971517,0
1790100971811,1
1790100971811,0
1790100972180,1
1790100972181,0
1790100972291,1
1790100972291,0
1790100972694,1
1790100972694,0
1790100972881,1
1790100972881,0
1790100973246,1
1790100973247,0
1790100973612,1
1790100973613,0
1790100973804,1
1790100973804,0
1790100974108,1
1790100974108,0
1790100974415,1
1790100974415,0
1790100974649,1
1790100974650,0
1790100975050,1
1790100975050,0
1790100975458,1
1790100975458,0
1790100975858,1
1790100975858,0
1790100976043,1
1790100976043,0
1790100976346,1
1790100976347,0
1790100976652,1
1790100976652,0
1790100976831,1
1790100976831,0
1790100977009,1
1790100977009,0
1790100977122,1
1790100977122,0
1790100977310,1
1790100977310,0
1790100977637,1
1790100977637,0
1790100978008,1
1790100978008,0
1790100978196,1
1790100978196,0
1790100978499,1
1790100978499,0
1790100978801,1
1790100978801,0
1790100979125,1
1790100979125,0
1790100979312,1
1790100979312,0
1790100979468,1
1790100979468,0
1790100979577,1
1790100979578,0
1790100979978,1
1790100979978,0
1790100980166,1
1790100980166,0
1790100980342,1
1790100980342,0
1790100980704,1
1790100980705,0
1790100981113,1
1790100981113,0
1790100981417,1
1790100981418,0
1790100981727,1
1790100981727,0
1790100982034,1
1790100982035,0
1790100982274,1
1790100982275,0
1790100982582,1
1790100982582,0
1790100982814,1
1790100982814,0
1790100982998,1
1790100982998,0
1790100983384,1
1790100983384,0
1790100983693,1
1790100983693,0
1790100983999,1
1790100983999,0
1790100984112,1
1790100984112,0
1790100984300,1
1790100984300,0
1790100984457,1
1790100984457,0
1790100984625,1
1790100984625,0
1790100984952,1
1790100984952,0
1790100985360,1
1790100985360,0
1790100985757,1
1790100985757,0
1790100986125,1
1790100986125,0
1790100986499,1
1790100986500,0
1790100986686,1
1790100986686,0
1790100987049,1
1790100987049,0
1790100987423,1
1790100987423,0
1790100987720,1
1790100987720,0
1790100988018,1
1790100988019,0
1790100988345,1
1790100988345,0
1790100988717,1
1790100988717,0
1790100989088,1
1790100989089,0
1790100989275,1
1790100989275,0
1790100989434,1
1790100989434,0
1790100989546,1
1790100989546,0
1790100989731,1
1790100989731,0
1790100989903,1
1790100989903,0
1790100990015,1
1790100990015,0
1790100990387,1
1790100990387,0
1790100990579,1
1790100990579,0
1790100990754,1
1790100990754,0
1790100990992,1
1790100990993,0
1790100991172,1
1790100991172,0
1790100991515,1
1790100991515,0
1790100991832,1
1790100991833,0
1790100992148,1
1790100992148,0
1790100992462,1
1790100992463,0
1790100992729,1
1790100992729,0
1790100992834,1
1790100992834,0
1790100993013,1
1790100993013,0
1790100993398,1
1790100993398,0
1790100993801,1
1790100993802,0
1790100994199,1
1790100994199,0
1790100994387,1
1790100994388,0
1790100994674,1
1790100994674,0
1790100994987,1
1790100994987,0
1790100995226,1
1790100995227,0
1790100995524,1
1790100995524,0
1790100995711,1
1790100995711,0
1790100995893,1
1790100995893,0
1790100996287,1
1790100996287,0
1790100996656,1
1790100996656,0
1790100996995,1
1790100996996,0
1790100997367,1
1790100997367,0
1790100997733,1
1790100997733,0
1790100998031,1
1790100998031,0
1790100998324,1
1790100998324,0
1790100998695,1
1790100998696,0
1790100999001,1
1790100999001,0
1790100999372,1
1790100999372,0
1790100999755,1
1790100999756,0
1790101000154,1
1790101000154,0
1790101000465,1
1790101000465,0
1790101000656,1
1790101000657,0
1790101000831,1
1790101000831,0
1790101000944,1
1790101000944,0
1790101001059,1
1790101001059,0
1790101001459,1
1790101001459,0
1790101001862,1
1790101001863,0
1790101002204,1
1790101002205,0
1790101002579,1
1790101002579,0
1790101002770,1
1790101002770,0
1790101003105,1
1790101003105,0
1790101003437,1
1790101003437,0
1790101003777,1
1790101003778,0
1790101004044,1
1790101004044,0
1790101004368,1
1790101004368,0
1790101004654,1
1790101004655,0
1790101004965,1
1790101004965,0
1790101005340,1
1790101005340,0
1790101005712,1
1790101005712,0
1790101005949,1
1790101005950,0
1790101006288,1
1790101006288,0
1790101006634,1
1790101006636,0
1790101006899,1
1790101006900,0
1790101007134,1
1790101007134,0
1790101007534,1
1790101007535,0
1790101007931,1
1790101007932,0
1790101008261,1
1790101008261,0
1790101008667,1
1790101008668,0
1790101009062,1
1790101009062,0
1790101009248,1
1790101009248,0
1790101009426,1
1790101009426,0
1790101009534,1
1790101009534,0
1790101009645,1
1790101009646,0
1790101009937,1
1790101009937,0
1790101010334,1
1790101010335,0
1790101010515,1
1790101010515,0
1790101010851,1
1790101010851,0
1790101011186,1
1790101011186,0
1790101011295,1
1790101011296,0
1790101011695,1
1790101011696,0
1790101012099,1
1790101012099,0
1790101012495,1
1790101012496,0
1790101012609,1
1790101012609,0
1790101012980,1
1790101012980,0
1790101013354,1
1790101013354,0
1790101013679,1
1790101013679,0
1790101013862,1
1790101013862,0
1790101014255,1
1790101014255,0
1790101014653,1
1790101014654,0
1790101015053,1
1790101015053,0
1790101015381,1
1790101015382,0
1790101015784,1
1790101015785,0
1790101016112,1
1790101016112,0
1790101016430,1
1790101016430,0
1790101016831,1
1790101016831,0
1790101017217,1
1790101017218,0
1790101017593,1
1790101017594,0
1790101017934,1
1790101017934,0
1790101018227,1
1790101018227,0
1790101018519,1
1790101018519,0
1790101018809,1
1790101018809,0
1790101018918,1
1790101018918,0
1790101019208,1
1790101019208,0
1790101019510,1
1790101019510,0
1790101019889,1
1790101019889,0
1790101020048,1
1790101020048,0
1790101020336,1
1790101020336,0
1790101020497,1
1790101020498,0
1790101020651,1
1790101020651,0
1790101020759,1
1790101020760,0
1790101020871,1
1790101020871,0
1790101021189,1
1790101021189,0
1790101021351,1
1790101021351,0
1790101021635,1
1790101021635,0
1790101021925,1
1790101021925,0
1790101022208,1
1790101022208,0
1790101022555,1
1790101022555,0
1790101022851,1
1790101022851,0
1790101023148,1
1790101023148,0
1790101023441,1
1790101023442,0
1790101023676,1
1790101023676,0
1790101024030,1
1790101024030,0
1790101024381,1
1790101024381,0
1790101024544,1
1790101024544,0
1790101024866,1
1790101024866,0
1790101025035,1
1790101025035,0
1790101025408,1
1790101025408,0
1790101025793,1
1790101025793,0
1790101026116,1
1790101026116,0
1790101026496,1
1790101026496,0
1790101026734,1
1790101026734,0
1790101027050,1
1790101027050,0
1790101027340,1
1790101027340,0
1790101027655,1
1790101027656,0
1790101027981,1
1790101027981,0
1790101028358,1
1790101028359,0
1790101028684,1
1790101028684,0
1790101028998,1
1790101028998,0
1790101029259,1
1790101029259,0
1790101029551,1
1790101029551,0
1790101029941,1
1790101029941,0
1790101030326,1
1790101030326,0
1790101030661,1
1790101030662,0
1790101030843,1
1790101030843,0
1790101031140,1
1790101031141,0
1790101031545,1
1790101031546,0
1790101031930,1
1790101031930,0
1790101032305,1
1790101032305,0
1790101032628,1
1790101032628,0
1790101032865,1
1790101032865,0
1790101033215,1
1790101033216,0
1790101033415,1
1790101033415,0
1790101033824,1
1790101033824,0
1790101034211,1
1790101034211,0
1790101034475,1
1790101034475,0
1790101034632,1
1790101034632,0
1790101034791,1
1790101034791,0
1790101034958,1
1790101034958,0
1790101035283,1
1790101035283,0
1790101035670,1
1790101035671,0
1790101036038,1
1790101036038,0
1790101036334,1
1790101036334,0
1790101036710,1
1790101036710,0
1790101037112,1
1790101037114,0
1790101037841,1
1790101037842,0
1790101038281,1
1790101038282,0
1790101038662,1
1790101038662,0
1790101038986,1
1790101038986,0
1790101039251,1
1790101039251,0
1790101039543,1
1790101039543,0
1790101039725,1
1790101039725,0
1790101040105,1
1790101040105,0
1790101040488,1
1790101040488,0
1790101040749,1
1790101040749,0
1790101041079,1
1790101041079,0
1790101041404,1
1790101041404,0
1790101041720,1
1790101041721,0
1790101042008,1
1790101042008,0
1790101042304,1
1790101042304,0
1790101042614,1
1790101042614,0
1790101042922,1
1790101042922,0
1790101043208,1
1790101043210,0
1790101043501,1
1790101043502,0
1790101043854,1
1790101043855,0
1790101044200,1
1790101044201,0
1790101044554,1
1790101044554,0
1790101044845,1
1790101044845,0
1790101045109,1
1790101045110,0
1790101045433,1
1790101045433,0
1790101045779,1
1790101045780,0
1790101046108,1
1790101046108,0
1790101046429,1
1790101046429,0
1790101046755,1
1790101046755,0
1790101047099,1
1790101047099,0
1790101047450,1
1790101047450,0
1790101047744,1
1790101047744,0
1790101048063,1
1790101048063,0
1790101048410,1
1790101048410,0
1790101048759,1
1790101048759,0
1790101048868,1
1790101048868,0
1790101049027,1
1790101049027,0
1790101049365,1
1790101049365,0
1790101049650,1
1790101049650,0
1790101049934,1
1790101049934,0
1790101050165,1
1790101050165,0
1790101050451,1
1790101050451,0
1790101050707,1
1790101050707,0
1790101050871,1
1790101050872,0
1790101051146,1
1790101051146,0
1790101051493,1
1790101051494,0
1790101051844,1
1790101051846,0
1790101052112,1
1790101052112,0
1790101052273,1
1790101052273,0
1790101052429,1
1790101052429,0
1790101052539,1
1790101052540,0
1790101052865,1
1790101052865,0
1790101053189,1
1790101053222,0
1790101053538,1
1790101053538,0
1790101053648,1
1790101053648,0
1790101053831,1
1790101053831,0
1790101054198,1
1790101054198,0
1790101054488,1
1790101054488,0
1790101054791,1
1790101054792,0
1790101055030,1
1790101055030,0
1790101055263,1
1790101055263,0
1790101055573,1
1790101055574,0
1790101055938,1
1790101055939,0
1790101056251,1
1790101056251,0
1790101056425,1
1790101056425,0
1790101056580,1
1790101056580,0
1790101056950,1
1790101056950,0
1790101057275,1
1790101057275,0
1790101057587,1
1790101057587,0
1790101057851,1
1790101057851,0
1790101058179,1
1790101058179,0
1790101058522,1
1790101058522,0
1790101058869,1
1790101058869,0
1790101059154,1
1790101059154,0
1790101059312,1
1790101059312,0
1790101059597,1
1790101059597,0
1790101059942,1
1790101059942,0
1790101060287,1
1790101060287,0
1790101060583,1
1790101060584,0
1790101060934,1
1790101060935,0
1790101061257,1
1790101061257,0
1790101061600,1
1790101061600,0
1790101061910,1
1790101061911,0
1790101062076,1
1790101062076,0
1790101062230,1
1790101062230,0
1790101062387,1
1790101062387,0
1790101062699,1
1790101062700,0
1790101063020,1
1790101063020,0
1790101063337,1
1790101063337,0
1790101063445,1
1790101063446,0
1790101063757,1
1790101063757,0
1790101064042,1
1790101064042,0
1790101064359,1
1790101064359,0
1790101064518,1
1790101064518,0
1790101064899,1
1790101064899,0
1790101065264,1
1790101065264,0
1790101065622,1
1790101065622,0
1790101065914,1
1790101065914,0
1790101066205,1
1790101066205,0
1790101066501,1
1790101066502,0
1790101066874,1
1790101066874,0
1790101067270,0
1790101067271,0
1790101067566,1
1790101067566,0
1790101067863,1
1790101067863,0
1790101068160,1
1790101068160,0
1790101068487,1
1790101068487,0
1790101068805,1
1790101068805,0
1790101069118,1
1790101069118,0
1790101069441,1
1790101069441,0
1790101069792,1
1790101069792,0
1790101070143,1
1790101070143,0
1790101070406,1
1790101070406,0
1790101070579,1
1790101070580,0
1790101070897,1
1790101070897,0
1790101071058,1
1790101071058,0
1790101071224,1
1790101071224,0
1790101071387,1
1790101071387,0
1790101071496,1
1790101071496,0
1790101071604,1
1790101071604,0
1790101071923,1
1790101071924,0
1790101072242,1
1790101072242,0
1790101072571,1
1790101072571,0
1790101072888,1
1790101072888,0
1790101073120,1
1790101073120,0
1790101073406,1
1790101073407,0
1790101073690,1
1790101073690,0
1790101073975,1
1790101073975,0
1790101074242,1
1790101074242,0
1790101074596,1
1790101074596,0
1790101074955,1
1790101074956,0
1790101075304,1
1790101075304,0
1790101075682,1
1790101075682,0
1790101076065,1
1790101076065,0
1790101076425,1
1790101076425,0
1790101076779,1
1790101076779,0
1790101077071,1
1790101077071,0
1790101077369,1
1790101077369,0
1790101077723,1
1790101077723,0
1790101078067,1
1790101078067,0
1790101078422,1
1790101078423,0
1790101078820,1
1790101078820,0
1790101079206,1
1790101079207,0
1790101079500,1
1790101079500,0
1790101079791,1
1790101079794,0
1790101080698,1
1790101080699,0
1790101080941,1
1790101080941,0
1790101081052,1
1790101081052,0
1790101081650,1
1790101081651,0
1790101082153,1
1790101082153,0
1790101082541,1
1790101082541,0
1790101082895,1
1790101082895,0
1790101083254,1
1790101083254,0
1790101083426,1
1790101083426,0
1790101083582,1
1790101083582,0
1790101083694,1
1790101083694,0
1790101083803,1
1790101083803,0
1790101084037,1
1790101084037,0
1790101084329,1
1790101084329,0
1790101084673,1
1790101084673,0
1790101084959,1
1790101084959,0
1790101085257,1
1790101085257,0
1790101085571,1
1790101085571,0
1790101085734,1
1790101085734,0
1790101085898,1
1790101085903,0
1790101086079,1
1790101086079,0
1790101086375,1
1790101086375,0
1790101086775,1
1790101086776,0
1790101087151,1
1790101087162,0
1790101087467,1
1790101087467,0
1790101087622,1
1790101087624,0
1790101087788,1
1790101087788,0
1790101087950,1
1790101087950,0
1790101088118,1
1790101088118,0
1790101088229,1
1790101088229,0
1790101088359,1
1790101088359,0
1790101088468,1
1790101088468,0
1790101088849,1
1790101088850,0
1790101089212,1
1790101089212,0
1790101089513,1
1790101089513,0
1790101089808,1
1790101089809,0
1790101090099,1
1790101090100,0
1790101090481,1
1790101090482,0
1790101090877,1
1790101090877,0
1790101091203,1
1790101091203,0
1790101091501,1
1790101091502,0
1790101091796,1
1790101091797,0
1790101092074,1
1790101092074,0
1790101092463,1
1790101092463,0
1790101092767,1
1790101092767,0
1790101093143,1
1790101093143,0
1790101093491,1
1790101093492,0
1790101093831,1
1790101093832,0
1790101094187,1
1790101094187,0
1790101094481,1
1790101094481,0
1790101094779,1
1790101094779,0
1790101095129,1
1790101095129,0
1790101095407,1
1790101095407,0
1790101095692,1
1790101095692,0
1790101095977,1
1790101095977,0
1790101096294,1
1790101096294,0
1790101096579,0
1790101096580,0
1790101096862,1
1790101096863,0
1790101097093,1
1790101097094,0
1790101097262,1
1790101097262,0
1790101097604,1
1790101097604,0
1790101097941,1
1790101097941,0
1790101098201,1
1790101098201,0
1790101098584,1
1790101098584,0
1790101098957,1
1790101098957,0
1790101099130,1
1790101099130,0
1790101099308,1
1790101099308,0
1790101099459,1
1790101099459,0
1790101099566,1
1790101099567,0
1790101099831,1
1790101099831,0
1790101100127,1
1790101100127,0
1790101100503,1
1790101100504,0
1790101100798,1
1790101100798,0
1790101101084,1
1790101101084,0
1790101101380,1
1790101101380,0
1790101101675,1
1790101101676,0
1790101101966,1
1790101101966,0
1790101102199,1
1790101102200,0
1790101102524,1
1790101102524,0
1790101102875,1
1790101102875,0
1790101103222,1
1790101103222,0
1790101103535,1
1790101103535,0
1790101103695,1
1790101103695,0
1790101104037,1
1790101104038,0
1790101104363,1
1790101104363,0
1790101104673,1
1790101104674,0
1790101104988,1
1790101104988,0
1790101105253,1
1790101105253,0
1790101105576,1
1790101105576,0
1790101105895,1
1790101105895,0
1790101106245,1
1790101106245,0
1790101106419,1
1790101106420,0
1790101106587,1
1790101106587,0
1790101106694,1
1790101106695,0
1790101107066,1
1790101107066,0
1790101107452,1
1790101107452,0
1790101107820,1
1790101107820,0
1790101108047,1
1790101108047,0
1790101108332,1
1790101108338,0
1790101108637,1
1790101108638,0
1790101108756,1
1790101108756,0
1790101109104,1
1790101109104,0
1790101109272,1
1790101109272,0
1790101109626,1
1790101109626,0
1790101109954,1
1790101109954,0
1790101110211,1
1790101110211,0
1790101110474,1
1790101110474,0
1790101110859,1
1790101110860,0
1790101111182,1
1790101111183,0
1790101111564,1
1790101111564,0
1790101111850,1
1790101111850,0
1790101112136,1
1790101112136,0
1790101112476,1
1790101112477,0
1790101112860,1
1790101112861,0
1790101113248,1
1790101113249,0
1790101113619,1
1790101113619,0
1790101113854,1
1790101113854,0
1790101114161,1
1790101114162,0
1790101114474,1
1790101114474,0
1790101114847,1
1790101114847,0
1790101115234,1
1790101115235,0
1790101115578,1
1790101115579,0
1790101115976,1
1790101115976,0
1790101116364,1
1790101116364,0
1790101116777,1
1790101116778,0
1790101117103,1
1790101117103,0
1790101117430,1
1790101117430,0
1790101117635,1
1790101117635,0
1790101118038,1
1790101118039,0
1790101118364,1
1790101118364,0
1790101118696,1
1790101118696,0
1790101118990,1
1790101118991,0
1790101119407,1
1790101119407,0
1790101119802,1
1790101119802,0
1790101120124,1
1790101120124,0
1790101120494,1
1790101120494,0
1790101120802,1
1790101120802,0
1790101121110,1
1790101121111,0
1790101121352,1
1790101121352,0
1790101121689,1
1790101121690,0
1790101122061,1
1790101122061,0
1790101122438,1
1790101122438,0
1790101122822,1
1790101122822,0
1790101123118,1
1790101123118,0
1790101123485,1
1790101123485,0
1790101123722,1
1790101123722,0
1790101124103,1
1790101124103,0
1790101124282,1
1790101124282,0
1790101124634,1
1790101124634,0
1790101125011,1
1790101125012,0
1790101125409,1
1790101125409,0
1790101125772,1
1790101125772,0
1790101126158,1
1790101126158,0
1790101126455,1
1790101126455,0
1790101126795,1
1790101126795,0
1790101126992,1
1790101126992,0
1790101127168,1
1790101127168,0
1790101127435,1
1790101127436,0
1790101127775,1
1790101127775,0
1790101128192,1
1790101128192,0
1790101128514,1
1790101128515,0
1790101128810,1
1790101128810,0
1790101129045,1
1790101129045,0
1790101129371,1
1790101129371,0
1790101129481,1
1790101129481,0
1790101129658,1
1790101129658,0
1790101130020,1
1790101130020,0
1790101130386,1
1790101130386,0
1790101130765,1
1790101130766,0
1790101131167,1
1790101131167,0
1790101131557,1
1790101131557,0
1790101131941,1
1790101131941,0
1790101132308,1
1790101132309,0
1790101132603,1
1790101132603,0
1790101132929,1
1790101132930,0
1790101133244,1
1790101133245,0
1790101133443,1
1790101133443,0
1790101133843,1
1790101133843,0
1790101134196,1
1790101134196,0
1790101134533,1
1790101134533,0
1790101134865,1
1790101134865,0
1790101135220,1
1790101135220,0
1790101135486,1
1790101135487,0
1790101135754,1
1790101135754,0
1790101135952,1
1790101135952,0
1790101136336,1
1790101136336,0
1790101136516,1
1790101136517,0
1790101136689,1
1790101136689,0
1790101136799,1
1790101136800,0
1790101137215,1
1790101137215,0
1790101137630,1
1790101137631,0
1790101138028,1
1790101138028,0
1790101138351,1
1790101138351,0
1790101138719,1
1790101138719,0
1790101139090,1
1790101139091,0
1790101139383,1
1790101139383,0
1790101139767,1
1790101139767,0
1790101140115,1
1790101140116,0
1790101140304,1
1790101140304,0
1790101140475,1
1790101140475,0
1790101140587,1
1790101140587,0
1790101140784,1
1790101140785,0
1790101141021,1
1790101141021,0
1790101141362,1
1790101141363,0
1790101141776,1
1790101141776,0
1790101142187,1
1790101142187,0
1790101142591,1
1790101142591,0
1790101143003,1
1790101143004,0
1790101143358,1
1790101143358,0
1790101143717,1
1790101143717,0
1790101143984,1
1790101143985,0
1790101144168,1
1790101144169,0
1790101144571,1
1790101144571,0
1790101144973,1
1790101144974,0
1790101145295,1
1790101145295,0
1790101145619,1
1790101145619,0
1790101145804,1
1790101145805,0
1790101146133,1
1790101146133,0
1790101146468,1
1790101146468,0
1790101146734,1
1790101146734,0
1790101147085,1
1790101147086,0
1790101147192,1
1790101147192,0
1790101147501,1
1790101147501,0
1790101147912,1
1790101147912,0
1790101148212,1
1790101148213,0
1790101148530,1
1790101148530,0
1790101148839,1
1790101148839,0
1790101149166,1
1790101149166,0
1790101149475,1
1790101149475,0
1790101149791,1
1790101149791,0
1790101150027,1
1790101150028,0
1790101150429,1
1790101150429,0
1790101150822,1
1790101150822,0
1790101151141,1
1790101151141,0
1790101151555,1
1790101151556,0
1790101151909,1
1790101151909,0
1790101152302,1
1790101152302,0
1790101152709,1
1790101152709,0
1790101153121,1
1790101153121,0
1790101153447,1
1790101153448,0
1790101153686,1
1790101153686,0
1790101153995,1
1790101153995,0
1790101154349,1
1790101154349,0
1790101154733,1
1790101154733,0
1790101155139,1
1790101155140,0
1790101155408,1
1790101155409,0
1790101155777,1
1790101155777,0
1790101156146,1
1790101156146,0
1790101156529,1
1790101156529,0
1790101156795,1
1790101156795,0
1790101156975,1
1790101156975,0
1790101157165,1
1790101157165,0
1790101157521,1
1790101157521,0
1790101157715,1
1790101157715,0
1790101158100,1
1790101158100,0
1790101158408,1
1790101158408,0
1790101158733,1
1790101158734,0
1790101158972,1
1790101158972,0
1790101159209,1
1790101159209,0
1790101159322,1
1790101159322,0
1790101159604,1
1790101159604,0
1790101159789,1
1790101159789,0
1790101160125,1
1790101160125,0
1790101160447,1
1790101160447,0
1790101160691,1
1790101160691,0
1790101161055,1
1790101161056,0
1790101161427,1
1790101161428,0
1790101161727,1
1790101161727,0
1790101162114,1
1790101162115,0
1790101162468,1
1790101162468,0
1790101162825,1
1790101162825,0
1790101163195,1
1790101163196,0
1790101163591,1
1790101163592,0
1790101163978,1
1790101163979,0
1790101164175,1
1790101164175,0
1790101164347,1
1790101164347,0
1790101164512,1
1790101164512,0
1790101164621,1
1790101164621,0
1790101164949,1
1790101164949,0
1790101165336,1
1790101165336,0
1790101165659,1
1790101165660,0
1790101166058,1
1790101166059,0
1790101166458,1
1790101166458,0
1790101166784,1
1790101166784,0
1790101167139,1
1790101167139,0
1790101167473,1
1790101167473,0
1790101167743,1
1790101167743,0
1790101168165,1
1790101168165,0
1790101168501,1
1790101168502,0
1790101168831,1
1790101168831,0
1790101169165,1
1790101169165,0
1790101169346,1
1790101169346,0
1790101169517,1
1790101169517,0
1790101169812,1
1790101169813,0
1790101170122,1
1790101170123,0
1790101170464,1
1790101170464,0
1790101170710,1
1790101170710,0
1790101170988,1
1790101170988,0
1790101171332,1
1790101171332,0
1790101171684,1
1790101171685,0
1790101171876,1
1790101171876,0
1790101172069,1
1790101172069,0
1790101172351,1
1790101172351,0
1790101172754,1
1790101172754,0
1790101173129,1
1790101173129,0
1790101173463,1
1790101173463,0
1790101173829,1
1790101173829,0
1790101174158,1
1790101174158,0
1790101174449,1
1790101174449,0
1790101174776,1
1790101174776,0
1790101175189,1
1790101175189,0
1790101175609,1
1790101175610,0
1790101175803,1
1790101175803,0
1790101175980,1
1790101175980,0
1790101176160,1
1790101176160,0
1790101176282,1
1790101176282,0
1790101176615,1
1790101176615,0
1790101176801,1
1790101176801,0
1790101177168,1
1790101177168,0
1790101177572,1
1790101177572,0
1790101177955,1
1790101177956,0
1790101178209,1
1790101178211,0
1790101178590,1
1790101178590,0
1790101178988,1
1790101178989,0
1790101179292,1
1790101179292,0
1790101179591,1
1790101179592,0
1790101179972,1
1790101179972,0
1790101180368,1
1790101180368,0
1790101180483,1
1790101180483,0
1790101180687,1
1790101180687,0
1790101181079,1
1790101181080,0
1790101181288,1
1790101181288,0
1790101181475,1
1790101181476,0
1790101181643,1
1790101181643,0
1790101181765,1
1790101181765,0
1790101182008,1
1790101182008,0
1790101182437,1
1790101182437,0
1790101182806,1
1790101182807,0
1790101183133,1
1790101183133,0
1790101183446,1
1790101183446,0
1790101183802,1
1790101183802,0
1790101183992,1
1790101183992,0
1790101184170,1
1790101184170,0
1790101184359,1
1790101184359,0
1790101184692,1
1790101184692,0
1790101185090,1
1790101185090,0
1790101185476,1
1790101185476,0
1790101185882,1
1790101185883,0
1790101186093,1
1790101186093,0
1790101186410,1
1790101186410,0
1790101186818,1
1790101186819,0
1790101187217,1
1790101187218,0
1790101187552,1
1790101187553,0
1790101187893,1
1790101187893,0
1790101188196,1
1790101188196,0
1790101188600,1
1790101188600,0
1790101188931,1
1790101188932,0
1790101189333,1
1790101189333,0
1790101189685,1
1790101189685,0
1790101190047,1
1790101190047,0
1790101190367,1
1790101190367,0
1790101190675,1
1790101190675,0
1790101190911,1
1790101190911,0
1790101191256,1
1790101191256,0
1790101191613,1
1790101191613,0
1790101191992,1
1790101191992,0
1790101192310,1
1790101192312,0
1790101192522,1
1790101192523,0
1790101192705,1
1790101192705,0
1790101193112,1
1790101193112,0
1790101193525,1
1790101193526,0
1790101193947,1
1790101193947,0
1790101194282,1
1790101194282,0
1790101194584,1
1790101194584,0
1790101194901,1
1790101194901,0
1790101195266,1
1790101195266,0
1790101195605,1
1790101195606,0
1790101195946,1
1790101195946,0
1790101196209,1
1790101196209,0
1790101196629,1
1790101196629,0
1790101197047,1
1790101197048,0
1790101197388,1
1790101197389,0
1790101197726,1
1790101197726,0
1790101198064,1
1790101198064,0
1790101198387,1
1790101198387,0
1790101198726,1
1790101198726,0
1790101198925,1
1790101198925,0
1790101199246,1
1790101199246,0
1790101199669,1
1790101199671,0
1790101200101,1
1790101200102,0
1790101200428,1
1790101200430,0
1790101200775,1
1790101200776,0
1790101201086,1
1790101201088,0
1790101201453,1
1790101201454,0
1790101201765,1
1790101201765,0
1790101201975,1
1790101201975,0
1790101202177,1
1790101202177,0
1790101202422,1
1790101202422,0
1790101202833,1
1790101202834,0
1790101203259,1
1790101203259,0
1790101203590,1
1790101203590,0
1790101203774,1
1790101203774,0
1790101204149,1
1790101204150,0
1790101204526,1
1790101204526,0
1790101204725,1
1790101204725,0
1790101205077,1
1790101205078,0
1790101205476,1
1790101205478,0
1790101205850,1
1790101205850,0
1790101206214,0
1790101206214,0
1790101206551,1
1790101206551,0
1790101206816,1
1790101206817,0
1790101206940,1
1790101206942,0
1790101207136,1
1790101207136,0
1790101207448,1
1790101207449,0
1790101207651,1
1790101207651,0
1790101207823,1
1790101207823,0
1790101208203,1
1790101208203,0
1790101208543,1
1790101208549,0
1790101208894,1
1790101208894,0
1790101209254,0
1790101209255,0
1790101209552,1
1790101209553,0
1790101209860,1
1790101209860,0
1790101210191,1
1790101210191,0
1790101210597,1
1790101210599,0
1790101210916,1
1790101210918,0
1790101211225,1
1790101211228,0
1790101211597,1
1790101211603,0
1790101211948,1
1790101211949,0
1790101212217,1
1790101212221,0
1790101212597,1
1790101212597,0
1790101212938,1
1790101212938,0
1790101213134,1
1790101213134,0
1790101213464,1
1790101213464,0
1790101213651,1
1790101213651,0
1790101213830,1
1790101213830,0
1790101214242,1
1790101214246,0
1790101214659,1
1790101214661,0
1790101215071,1
1790101215072,0
1790101215406,1
1790101215412,0
1790101215534,1
1790101215534,0
1790101215721,1
1790101215722,0
1790101215922,1
1790101215923,0
1790101216044,1
1790101216045,0
1790101216255,1
1790101216255,0
1790101216445,1
1790101216445,0
1790101216807,1
1790101216807,0
1790101217201,1
1790101217201,0
1790101217575,1
1790101217580,0
1790101217888,1
1790101217895,0
1790101218151,1
1790101218152,0
1790101218505,1
1790101218507,0
1790101218699,1
1790101218699,0
1790101218892,1
1790101218892,0
1790101219083,1
1790101219084,0
1790101219452,1
1790101219453,0
1790101219632,1
1790101219632,0
1790101219824,1
1790101219824,0
1790101219940,1
1790101219943,0
1790101220220,1
1790101220220,0
1790101220628,1
1790101220631,0
1790101221053,1
1790101221054,0
1790101221463,1
1790101221464,0
1790101221669,1
1790101221669,0
1790101221842,1
1790101221842,0
1790101222217,1
1790101222217,0
1790101222591,1
1790101222592,0
1790101222984,1
1790101222984,0
1790101223292,1
1790101223297,0
1790101223605,1
1790101223610,0
1790101223925,1
1790101223925,0
1790101224242,1
1790101224242,0
1790101224437,1
1790101224438,0
1790101224609,1
1790101224609,0
1790101224909,1
1790101224912,0
1790101225319,1
1790101225321,0
1790101225753,1
1790101225754,0
1790101226097,1
1790101226098,0
1790101226393,1
1790101226394,0
1790101226809,1
1790101226809,0
1790101227212,1
1790101227213,0
1790101227510,1
1790101227510,0
1790101227948,1
1790101227948,0
1790101228380,1
1790101228380,0
1790101228568,1
1790101228569,0
1790101228761,1
1790101228761,0
1790101228938,1
1790101228938,0
1790101229050,1
1790101229050,0
1790101229379,1
1790101229379,0
1790101229549,1
1790101229549,0
1790101229852,1
1790101229852,0
1790101230269,1
1790101230269,0
1790101230687,1
1790101230688,0
1790101230935,1
1790101230936,0
1790101231143,1
1790101231143,0
1790101231323,1
1790101231323,0
1790101231439,1
1790101231439,0
1790101231774,1
1790101231774,0
1790101232101,1
1790101232101,0
1790101232433,1
1790101232433,0
1790101232773,1
1790101232773,0
1790101233129,1
1790101233129,0
1790101233551,1
1790101233552,0
1790101233758,1
1790101233759,0
1790101233942,1
1790101233942,0
1790101234116,1
1790101234116,0
1790101234225,1
1790101234225,0
1790101234535,1
1790101234535,0
1790101234742,1
1790101234742,0
1790101235066,1
1790101235067,0
1790101235421,1
1790101235421,0
1790101235763,1
1790101235763,0
1790101236105,1
1790101236105,0
1790101236416,1
1790101236417,0
1790101236744,1
1790101236745,0
1790101236996,1
1790101236997,0
1790101237408,1
1790101237409,0
1790101237831,1
1790101237831,0
1790101238253,1
1790101238254,0
1790101238525,1
1790101238525,0
1790101238867,1
1790101238867,0
1790101239266,1
1790101239266,0
1790101239601,1
1790101239601,0
1790101239906,1
1790101239906,0
1790101240240,1
1790101240241,0
1790101240475,1
1790101240476,0
1790101240596,1
1790101240596,0
1790101240918,1
1790101240918,0
1790101241308,1
1790101241309,0
1790101241616,1
1790101241617,0
1790101241939,1
1790101241940,0
1790101242241,1
1790101242242,0
1790101242617,1
1790101242617,0
1790101243002,1
1790101243002,0
1790101243305,1
1790101243305,0
1790101243734,0
1790101243735,0
1790101244033,1
1790101244033,0
1790101244366,1
1790101244366,0
1790101244478,1
1790101244478,0
1790101244784,1
1790101244784,0
1790101245121,1
1790101245121,0
1790101245504,1
1790101245504,0
1790101245876,1
1790101245876,0
1790101246275,1
1790101246276,0
1790101246584,1
1790101246584,0
1790101246834,1
1790101246834,0
1790101247191,1
1790101247192,0
1790101247542,1
1790101247542,0
1790101247894,1
1790101247894,0
1790101248265,1
1790101248265,0
1790101248505,1
1790101248505,0
1790101248702,1
1790101248703,0
1790101248870,1
1790101248870,0
1790101249057,1
1790101249057,0
1790101249176,1
1790101249177,0
1790101249542,1
1790101249542,0
1790101249909,1
1790101249909,0
1790101250215,1
1790101250215,0
1790101250617,1
1790101250617,0
1790101251009,1
1790101251010,0
1790101251346,1
1790101251346,0
1790101251681,1
1790101251681,0
1790101252001,1
1790101252001,0
1790101252240,1
1790101252240,0
1790101252571,1
1790101252571,0
1790101252924,1
1790101252924,0
1790101253349,1
1790101253350,0
1790101253740,1
1790101253740,0
1790101254124,1
1790101254125,0
1790101254375,1
1790101254375,0
1790101254691,1
1790101254692,0
1790101255040,1
1790101255040,0
1790101255315,1
1790101255315,0
1790101255647,1
1790101255647,0
1790101255976,1
1790101255976,0
1790101256301,1
1790101256302,0
1790101256634,1
1790101256634,0
1790101256825,1
1790101256825,0
1790101257010,1
1790101257010,0
1790101257346,1
1790101257347,0
1790101257692,1
1790101257692,0
1790101257961,1
1790101257962,0
1790101258315,1
1790101258315,0
1790101258435,1
1790101258436,0
1790101258816,1
1790101258817,0
1790101259219,1
1790101259219,0
1790101259638,1
1790101259638,0
1790101260046,1
1790101260046,0
1790101260300,1
1790101260300,0
1790101260663,1
1790101260663,0
1790101261013,1
1790101261013,0
1790101261375,1
1790101261375,0
1790101261646,1
1790101261646,0
1790101261958,1
1790101261958,0
1790101262296,1
1790101262296,0
1790101262679,1
1790101262679,0
1790101263038,1
1790101263038,0
1790101263385,1
1790101263386,0
1790101263696,1
1790101263697,0
1790101264032,1
1790101264034,0
1790101264360,1
1790101264360,0
1790101264606,1
1790101264607,0
1790101264908,1
1790101264910,0
1790101265115,1
1790101265115,0
1790101265510,1
1790101265510,0
1790101265870,1
1790101265870,0
1790101266214,1
1790101266214,0
1790101266392,1
1790101266392,0
1790101266801,1
1790101266801,0
1790101267230,1
1790101267230,0
1790101267560,1
1790101267561,0
1790101267673,1
1790101267674,0
1790101268052,1
1790101268052,0
1790101268438,1
1790101268439,0
1790101268674,1
1790101268674,0
1790101268870,1
1790101268871,0
1790101269164,1
1790101269164,0
1790101269501,1
1790101269502,0
1790101269829,1
1790101269829,0
1790101270132,1
1790101270133,0
1790101270383,1
1790101270383,0
1790101270691,1
1790101270691,0
1790101271121,1
1790101271123,0
1790101271316,1
1790101271316,0
1790101271661,1
1790101271661,0
1790101272005,1
1790101272005,0
1790101272340,1
1790101272340,0
1790101272656,1
1790101272656,0
1790101272987,1
1790101272987,0
1790101273232,0
1790101273233,0
1790101273473,1
1790101273473,0
1790101273834,1
1790101273835,0
1790101274184,1
1790101274184,0
1790101274520,1
1790101274521,0
1790101274902,1
1790101274902,0
1790101275108,1
1790101275108,0
1790101275463,1
1790101275463,0
1790101275817,1
1790101275818,0
1790101276172,1
1790101276172,0
1790101276446,1
1790101276446,0
1790101276722,1
1790101276722,0
1790101277033,1
1790101277033,0
1790101277361,1
1790101277361,0
1790101277732,1
1790101277733,0
1790101278117,1
1790101278117,0
1790101278471,1
1790101278471,0
1790101278867,1
1790101278867,0
1790101279244,1
1790101279244,0
1790101279638,1
1790101279639,0
1790101279942,1
1790101279942,0
1790101280145,1
1790101280146,0
1790101280323,1
1790101280323,0
1790101280640,1
1790101280641,0
1790101280975,1
1790101280975,0
1790101281358,1
1790101281358,0
1790101281553,1
1790101281553,0
1790101281736,1
1790101281736,0
1790101281857,1
1790101281857,0
1790101281971,1
1790101281971,0
1790101282085,1
1790101282085,0
1790101282514,1
1790101282514,0
1790101282858,1
1790101282859,0
1790101283264,1
1790101283265,0
1790101283675,1
1790101283675,0
1790101284038,1
1790101284039,0
1790101284408,1
1790101284408,0
1790101284775,1
1790101284775,0
1790101285079,1
1790101285080,0
1790101285497,1
1790101285497,0
1790101285888,1
1790101285888,0
1790101286267,1
1790101286267,0
1790101286599,1
1790101286599,0
1790101286938,1
1790101286938,0
1790101287272,1
1790101287273,0
1790101287625,1
1790101287626,0
1790101287995,1
1790101287995,0
1790101288262,1
1790101288263,0
1790101288599,1
1790101288599,0
1790101288901,1
1790101288901,0
1790101289219,1
1790101289220,0
1790101289583,1
1790101289583,0
1790101289775,1
1790101289775,0
1790101289958,1
1790101289958,0
1790101290238,1
1790101290238,0
1790101290556,1
1790101290556,0
1790101290862,1
1790101290862,0
1790101291190,1
1790101291190,0
1790101291497,1
1790101291497,0
1790101291865,1
1790101291865,0
1790101292208,1
1790101292208,0
1790101292541,1
1790101292542,0
1790101292884,1
1790101292885,0
1790101293072,1
1790101293072,0
1790101293471,1
1790101293471,0
1790101293888,1
1790101293888,0
1790101294314,1
1790101294314,0
1790101294645,1
1790101294645,0
1790101294971,1
1790101294971,0
1790101295303,1
1790101295303,0
1790101295509,1
1790101295509,0
1790101295901,1
1790101295902,0
1790101296298,1
1790101296298,0
1790101296421,1
1790101296421,0
1790101296854,1
1790101296855,0
1790101297267,1
1790101297267,0
1790101297682,1
1790101297682,0
1790101297796,1
1790101297796,0
1790101298187,1
1790101298187,0
1790101298567,1
1790101298568,0
1790101298925,1
1790101298925,0
1790101299134,1
1790101299134,0
1790101299506,1
1790101299506,0
1790101299870,1
1790101299870,0
1790101300273,1
1790101300273,0
1790101300578,1
1790101300578,0
1790101300963,1
1790101300963,0
1790101301241,1
1790101301242,0
1790101301598,1
1790101301598,0
1790101301949,1
1790101301950,0
1790101302313,1
1790101302313,0
1790101302675,1
1790101302675,0
1790101303017,1
1790101303018,0
1790101303367,1
1790101303367,0
1790101303730,1
1790101303730,0
1790101304055,1
1790101304055,0
1790101304321,1
1790101304321,0
1790101304700,1
1790101304701,0
1790101305065,1
1790101305066,0
1790101305397,1
1790101305398,0
1790101305775,1
1790101305775,0
1790101306096,1
1790101306096,0
1790101306300,1
1790101306300,0
1790101306491,1
1790101306492,0
1790101306674,1
1790101306674,0
1790101306796,1
1790101306796,0
1790101307076,1
1790101307076,0
1790101307275,1
1790101307275,0
1790101307457,1
1790101307457,0
1790101307849,1
1790101307849,0
1790101308239,1
1790101308240,0
1790101308581,1
1790101308582,0
1790101309005,1
1790101309006,0
1790101309425,1
1790101309425,0
1790101309758,1
1790101309758,0
1790101309882,1
1790101309882,0
1790101310090,1
1790101310090,0
1790101310275,1
1790101310275,0
1790101310521,1
1790101310521,0
1790101310913,1
1790101310913,0
1790101311291,1
1790101311292,0
1790101311696,1
1790101311697,0
1790101312100,1
1790101312100,0
1790101312517,1
1790101312518,0
1790101312837,1
1790101312837,0
1790101313117,1
1790101313117,0
1790101313482,1
1790101313483,0
1790101313858,1
1790101313858,0
1790101314181,1
1790101314181,0
1790101314511,1
1790101314511,0
1790101314884,1
1790101314885,0
1790101315220,1
1790101315220,0
1790101315532,1
1790101315532,0
1790101315781,1
1790101315781,0
1790101316104,1
1790101316104,0
1790101316477,1
1790101316477,0
1790101316858,1
1790101316859,0
1790101317223,1
1790101317223,0
1790101317624,1
1790101317624,0
1790101317946,1
1790101317946,0
1790101318296,1
1790101318296,0
1790101318635,1
1790101318635,0
1790101318974,1
1790101318975,0
1790101319258,1
1790101319259,0
1790101319564,1
1790101319565,0
1790101319968,1
1790101319969,0
1790101320320,1
1790101320321,0
1790101320682,1
1790101320682,0
1790101321044,1
1790101321044,0
1790101321421,1
1790101321422,0
1790101321626,1
1790101321626,0
1790101321808,1
1790101321808,0
1790101321911,1
1790101321912,0
1790101322281,1
1790101322282,0
1790101322602,1
1790101322603,0
1790101322930,1
1790101322930,0
1790101323171,1
1790101323171,0
1790101323554,1
1790101323554,0
1790101323884,1
1790101323884,0
1790101324261,1
1790101324262,0
1790101324640,1
1790101324640,0
1790101324943,1
1790101324943,0
1790101325333,1
1790101325334,0
1790101325663,1
1790101325663,0
1790101325841,1
1790101325841,0
1790101326195,1
1790101326195,0
1790101326598,1
1790101326598,0
1790101327012,1
1790101327012,0
1790101327325,1
1790101327325,0
1790101327748,1
1790101327748,0
1790101328158,1
1790101328159,0
1790101328580,1
1790101328580,0
1790101328879,1
1790101328880,0
1790101329204,1
1790101329204,0
1790101329510,1
1790101329511,0
1790101329829,1
1790101329829,0
1790101330204,1
1790101330204,0
1790101330596,1
1790101330597,0
1790101330971,1
1790101330971,0
1790101331348,1
1790101331349,0
1790101331737,1
1790101331738,0
1790101332046,1
1790101332046,0
1790101332373,1
1790101332374,0
1790101332741,1
1790101332741,0
1790101333165,1
1790101333165,0
1790101333596,1
1790101333596,0
1790101333999,1
1790101334000,0
1790101334425,1
1790101334425,0
1790101334586,1
1790101334586,0
1790101334760,1
1790101334760,0
1790101334882,1
1790101334882,0
1790101335129,1
1790101335129,0
1790101335459,1
1790101335459,0
1790101335782,1
1790101335782,0
1790101336109,1
1790101336109,0
1790101336308,1
1790101336308,0
1790101336620,1
1790101336620,0
1790101336946,1
1790101336946,0
1790101337270,1
1790101337270,0
1790101337595,1
1790101337595,0
1790101337834,1
1790101337834,0
1790101338170,1
1790101338170,0
1790101338598,1
1790101338599,0
1790101338930,1
1790101338930,0
1790101339114,1
1790101339114,0
1790101339348,1
1790101339348,0
1790101339700,1
1790101339700,0
1790101340054,1
1790101340054,0
1790101340412,1
1790101340413,0
1790101340678,1
1790101340678,0
1790101340800,1
1790101340801,0
1790101341171,1
1790101341171,0
1790101341525,1
1790101341526,0
1790101341640,1
1790101341640,0
1790101342005,1
1790101342005,0
1790101342353,1
1790101342353,0
1790101342693,1
1790101342693,0
1790101343030,1
1790101343030,0
1790101343346,1
1790101343346,0
1790101343596,1
1790101343596,0
1790101343871,1
1790101343871,0
1790101344281,1
1790101344282,0
1790101344609,1
1790101344609,0
1790101345013,1
1790101345014,0
1790101345433,1
1790101345434,0
1790101345799,1
1790101345800,0
1790101346129,1
1790101346129,0
1790101346464,1
1790101346465,0
1790101346786,1
1790101346786,0
1790101346908,1
1790101346908,0
1790101347100,1
1790101347100,0
1790101347274,1
1790101347275,0
1790101347592,1
1790101347592,0
1790101347910,1
1790101347910,0
1790101348224,1
1790101348225,0
1790101348617,1
1790101348617,0
1790101348991,1
1790101348991,0
1790101349389,1
1790101349389,0
1790101349700,1
1790101349700,0
1790101349815,1
1790101349815,0
1790101350008,1
1790101350008,0
1790101350341,1
1790101350341,0
1790101350691,1
1790101350692,0
1790101351033,1
1790101351033,0
1790101351453,1
1790101351454,0
1790101351811,1
1790101351811,0
1790101352156,1
1790101352157,0
1790101352424,1
1790101352425,0
1790101352784,1
1790101352784,0
1790101353218,1
1790101353219,0
1790101353621,1
1790101353621,0
1790101353868,1
1790101353868,0
1790101354182,1
1790101354183,0
1790101354549,1
1790101354550,0
1790101354856,1
1790101354856,0
1790101355146,1
1790101355146,0
1790101355393,1
1790101355393,0
1790101355693,1
1790101355694,0
1790101355974,1
1790101355975,0
1790101356354,1
1790101356354,0
1790101356670,1
1790101356670,0
1790101357089,1
1790101357089,0
1790101357513,1
1790101357513,0
1790101357758,1
1790101357758,0
1790101358072,1
1790101358072,0
1790101358400,1
1790101358401,0
1790101358741,1
1790101358741,0
1790101359084,1
1790101359084,0
1790101359514,1
1790101359514,0
1790101359914,1
1790101359914,0
1790101360162,1
1790101360162,0
1790101360500,1
1790101360500,0
1790101360899,1
1790101360899,0
1790101361310,1
1790101361310,0
1790101361727,1
1790101361727,0
1790101362121,1
1790101362121,0
1790101362451,1
1790101362451,0
1790101362799,1
1790101362799,0
1790101363003,1
1790101363004,0
1790101363406,1
1790101363406,0
1790101363816,1
1790101363816,0
1790101364223,1
1790101364224,0
1790101364562,1
1790101364562,0
1790101364739,1
1790101364739,0
1790101364908,1
1790101364908,0
1790101365029,1
1790101365030,0
1790101365281,1
1790101365281,0
1790101365628,1
1790101365629,0
1790101365962,1
1790101365962,0
1790101366080,1
1790101366080,0
1790101366491,1
1790101366491,0
1790101366900,1
1790101366901,0
1790101367224,1
1790101367225,0
1790101367540,1
1790101367540,0
1790101367794,1
1790101367794,0
1790101368041,1
1790101368042,0
1790101368379,1
1790101368380,0
1790101368791,1
1790101368792,0
1790101369134,1
1790101369134,0
1790101369449,1
1790101369449,0
1790101369743,1
1790101369744,0
1790101370051,1
1790101370052,0
1790101370424,1
1790101370425,0
1790101370796,1
1790101370797,0
1790101371105,1
1790101371106,0
1790101371358,1
1790101371358,0
1790101371749,1
1790101371749,0
1790101372119,1
1790101372119,0
1790101372393,1
1790101372393,0
1790101372804,1
1790101372804,0
1790101373181,1
1790101373181,0
1790101373356,1
1790101373356,0
1790101373524,1
1790101373524,0
1790101373648,1
1790101373648,0
1790101373762,1
1790101373762,0
1790101374066,1
1790101374067,0
1790101374451,1
1790101374454,0
1790101374796,1
1790101374796,0
1790101375207,1
1790101375207,0
1790101375622,1
1790101375623,0
1790101375934,1
1790101375934,0
1790101376274,1
1790101376275,0
1790101376616,1
1790101376617,0
1790101376894,1
1790101376894,0
1790101377191,1
1790101377192,0
1790101377380,1
1790101377380,0
1790101377558,1
1790101377558,0
1790101377894,1
1790101377894,0
1790101378078,1
1790101378078,0
1790101378475,1
1790101378475,0
1790101378887,1
1790101378887,0
1790101379298,1
1790101379299,0
1790101379636,1
1790101379636,0
1790101379979,1
1790101379980,0
1790101380308,1
1790101380308,0
1790101380719,1
1790101380719,0
1790101380909,1
1790101380909,0
1790101381273,1
1790101381273,0
1790101381654,1
1790101381655,0
1790101381924,1
1790101381924,0
1790101382275,1
1790101382275,0
1790101382614,1
1790101382614,0
1790101382891,1
1790101382892,0
1790101383171,1
1790101383172,0
1790101383362,1
1790101383362,0
1790101383545,1
1790101383545,0
1790101383824,1
1790101383825,0
1790101384196,1
1790101384196,0
1790101384380,1
1790101384380,0
1790101384545,1
1790101384545,0
1790101384724,1
1790101384724,0
1790101384846,1
1790101384846,0
1790101384963,1
1790101384963,0
1790101385075,1
1790101385076,0
1790101385461,1
1790101385462,0
1790101385812,1
1790101385812,0
1790101385998,1
1790101385998,0
1790101386185,1
1790101386185,0
1790101386436,1
1790101386436,0
1790101386846,1
1790101386847,0
1790101387260,1
1790101387261,0
1790101387600,1
1790101387600,0
1790101387841,1
1790101387842,0
1790101388169,1
1790101388169,0
1790101388478,1
1790101388478,0
1790101388712,1
1790101388712,0
1790101389090,1
1790101389091,0
1790101389405,1
1790101389406,0
1790101389696,1
1790101389696,0
1790101390007,1
1790101390007,0
1790101390258,1
1790101390258,0
1790101390502,1
1790101390502,0
1790101390616,1
1790101390617,0
1790101391028,1
1790101391029,0
1790101391412,1
1790101391412,0
1790101391767,1
1790101391767,0
1790101392117,1
1790101392117,0
1790101392363,1
1790101392364,0
1790101392732,1
1790101392732,0
1790101393106,1
1790101393107,0
1790101393420,1
1790101393420,0
1790101393730,1
1790101393730,0
1790101394115,1
1790101394116,0
1790101394495,1
1790101394495,0
1790101394775,1
1790101394775,0
1790101394962,1
1790101394962,0
1790101395274,1
1790101395275,0
1790101395457,1
1790101395458,0
1790101395641,1
1790101395641,0
1790101395761,1
1790101395761,0
1790101395875,1
1790101395876,0
1790101396125,1
1790101396125,0
1790101396461,1
1790101396462,0
1790101396648,1
1790101396648,0
1790101396986,1
1790101396986,0
1790101397330,1
1790101397331,0
1790101397583,1
1790101397583,0
1790101397962,1
1790101397962,0
1790101398337,1
1790101398338,0
1790101398641,1
1790101398642,0
1790101398912,1
1790101398912,0
1790101399327,1
1790101399327,0
1790101399737,1
1790101399737,0
1790101400072,1
1790101400072,0
1790101400258,1
1790101400258,0
1790101400626,1
1790101400627,0
1790101400807,1
1790101400808,0
1790101400974,1
1790101400974,0
1790101401096,1
1790101401096,0
1790101401210,1
1790101401210,0
1790101401508,1
1790101401508,0
1790101401859,1
1790101401860,0
1790101402052,1
1790101402052,0
1790101402455,1
1790101402455,0
1790101402862,1
1790101402863,0
1790101403104,1
1790101403105,0
1790101403513,1
1790101403513,0
1790101403924,1
1790101403924,0
1790101404254,1
1790101404254,0
1790101404369,1
1790101404369,0
1790101404758,1
1790101404758,0
1790101405167,1
1790101405167,0
1790101405470,1
1790101405471,0
1790101405780,1
1790101405780,0
1790101406164,1
1790101406165,0
1790101406344,1
1790101406344,0
1790101406524,1
1790101406524,0
1790101406646,1
1790101406646,0
1790101406756,1
1790101406756,0
1790101407091,1
1790101407092,0
1790101407411,1
1790101407411,0
1790101407721,1
1790101407722,0
1790101407901,1
1790101407901,0
1790101408081,1
1790101408081,0
1790101408324,1
1790101408324,0
1790101408645,1
1790101408646,0
1790101408957,1
1790101408958,0
1790101409202,1
1790101409202,0
1790101409533,1
1790101409533,0
1790101409710,1
1790101409710,0
1790101409857,1
1790101409858,0
1790101409981,1
1790101409982,0
1790101410363,1
1790101410363,0
1790101410782,1
1790101410783,0
1790101410977,1
1790101410977,0
1790101411161,1
1790101411161,0
1790101411283,1
1790101411283,0
1790101411400,1
1790101411400,0
1790101411704,1
1790101411704,0
1790101412030,1
1790101412030,0
1790101412382,1
1790101412382,0
1790101412689,1
1790101412689,0
1790101413007,1
1790101413008,0
1790101413279,1
1790101413279,0
1790101413466,1
1790101413466,0
1790101413643,1
1790101413644,0
1790101413761,1
1790101413761,0
1790101414012,1
1790101414012,0
1790101414357,1
1790101414357,0
1790101414680,1
1790101414681,0
1790101415010,1
1790101415010,0
1790101415200,1
1790101415200,0
1790101415591,1
1790101415592,0
1790101415907,1
1790101415908,0
1790101416217,1
1790101416218,0
1790101416457,1
1790101416458,0
1790101416709,1
1790101416709,0
1790101417045,1
1790101417045,0
1790101417458,1
1790101417459,0
1790101417872,1
1790101417872,0
1790101418224,1
1790101418225,0
1790101418569,1
1790101418569,0
1790101418841,1
1790101418841,0
1790101419188,1
1790101419188,0
1790101419538,1
1790101419538,0
1790101419804,1
1790101419804,0
1790101419916,1
1790101419917,0
1790101420274,1
1790101420274,0
1790101420616,1
1790101420616,0
1790101420866,1
1790101420866,0
1790101421216,1
1790101421216,0
1790101421594,1
1790101421595,0
1790101421773,1
1790101421773,0
1790101421941,1
1790101421941,0
1790101422062,1
1790101422062,0
1790101422180,1
1790101422181,0
1790101422424,1
1790101422424,0
1790101422743,1
1790101422744,0
1790101423091,1
1790101423091,0
1790101423284,1
1790101423284,0
1790101423461,1
1790101423461,0
1790101423796,1
1790101423796,0
1790101424206,1
1790101424207,0
1790101424615,1
1790101424616,0
1790101424951,1
1790101424951,0
1790101425285,1
1790101425285,0
1790101425476,1
1790101425476,0
1790101425657,1
1790101425657,0
1790101425775,1
1790101425775,0
1790101426097,1
1790101426097,0
1790101426274,1
1790101426274,0
1790101426612,1
1790101426612,0
1790101426953,1
1790101426953,0
1790101427239,1
1790101427239,0
1790101427506,1
1790101427507,0
1790101427771,1
1790101427772,0
1790101428129,1
1790101428129,0
1790101428512,1
1790101428512,0
1790101428895,1
1790101428895,0
1790101429279,1
1790101429279,0
1790101429522,1
1790101429523,0
1790101429853,1
1790101429853,0
1790101430193,1
1790101430193,0
1790101430467,1
1790101430467,0
1790101430773,1
1790101430773,0
1790101431155,1
1790101431156,0
1790101431516,1
1790101431516,0
1790101431849,0
1790101431850,0
1790101432192,0
1790101432194,0
1790101432520,0
1790101432522,0
1790101432837,0
1790101432838,0
1790101433160,1
1790101433160,0
1790101433409,1
1790101433409,0
1790101433650,1
1790101433650,0
1790101433919,1
1790101433920,0
1790101434324,1
1790101434325,0
1790101434672,1
1790101434672,0
1790101435016,1
1790101435016,0
1790101435369,1
1790101435370,0
1790101435708,1
1790101435708,0
1790101435889,1
1790101435889,0
1790101436070,1
1790101436070,0
1790101436184,1
1790101436184,0
1790101436460,1
1790101436460,0
1790101436861,1
1790101436862,0
1790101437268,1
1790101437268,0
1790101437385,1
1790101437385,0
1790101437573,1
1790101437574,0
1790101437917,1
1790101437917,0
1790101438267,1
1790101438268,0
1790101438612,1
1790101438613,0
1790101438887,1
1790101438887,0
1790101439161,1
1790101439162,0
1790101439501,1
1790101439501,0
1790101439810,1
1790101439810,0
1790101440220,1
1790101440220,0
1790101440570,1
1790101440570,0
1790101440913,1
1790101440914,0
1790101441181,1
1790101441181,0
1790101441498,1
1790101441498,0
1790101441798,1
1790101441798,0
1790101442045,1
1790101442045,0
1790101442349,1
1790101442349,0
1790101442541,1
1790101442541,0
1790101442717,1
1790101442717,0
1790101442991,1
1790101442991,0
1790101443360,1
1790101443360,0
1790101443774,0
1790101443775,0
1790101444148,0
1790101444149,0
1790101444531,1
1790101444531,0
1790101444845,1
1790101444845,0
1790101445157,1
1790101445157,0
1790101445431,1
1790101445431,0
1790101445814,1
1790101445814,0
1790101446158,1
1790101446158,0
1790101446510,1
1790101446510,0
1790101446864,1
1790101446864,0
1790101447169,1
1790101447169,0
1790101447570,1
1790101447570,0
1790101447978,1
1790101447979,0
1790101448312,1
1790101448312,0
1790101448645,1
1790101448645,0
1790101448966,1
1790101448967,0
1790101449288,1
1790101449288,0
1790101449598,1
1790101449598,0
1790101449970,1
1790101449970,0
1790101450357,1
1790101450358,0
1790101450547,1
1790101450547,0
1790101450724,1
1790101450724,0
1790101450846,1
1790101450846,0
1790101450967,1
1790101450967,0
1790101451208,1
1790101451208,0
1790101451527,1
1790101451527,0
1790101451933,1
1790101451933,0
1790101452249,1
1790101452249,0
1790101452564,1
1790101452564,0
1790101452814,1
1790101452815,0
1790101453229,1
1790101453229,0
1790101453642,1
1790101453643,0
1790101453969,1
1790101453969,0
1790101454086,1
1790101454087,0
1790101454401,1
1790101454401,0
1790101454695,1
1790101454696,0
1790101455024,1
1790101455024,0
1790101455217,0
1790101455217,0
1790101455527,1
1790101455528,0
1790101455938,1
1790101455938,0
1790101456347,1
1790101456347,0
1790101456692,1
1790101456692,0
1790101457033,1
1790101457033,0
1790101457345,1
1790101457346,0
1790101457720,1
1790101457721,0
1790101458031,1
1790101458031,0
1790101458224,1
1790101458224,0
1790101458399,1
1790101458399,0
1790101458643,1
1790101458644,0
1790101458957,1
1790101458957,0
1790101459274,1
1790101459274,0
1790101459507,1
1790101459507,0
1790101459850,1
1790101459850,0
1790101460170,1
1790101460170,0
1790101460482,1
1790101460482,0
1790101460794,1
1790101460795,0
1790101461203,1
1790101461204,0
1790101461558,1
1790101461558,0
1790101461879,1
1790101461880,0
1790101462196,1
1790101462196,0
1790101462437,1
1790101462437,0
1790101462678,1
1790101462678,0
1790101462960,1
1790101462961,0
1790101463280,1
1790101463280,0
1790101463623,1
1790101463623,0
1790101464031,1
1790101464031,0
1790101464442,1
1790101464442,0
1790101464712,1
1790101464713,0
1790101465020,1
1790101465020,0
1790101465341,1
1790101465341,0
1790101465576,1
1790101465576,0
1790101465899,1
1790101465900,0
1790101466253,1
1790101466253,0
1790101466595,1
1790101466595,0
1790101466707,1
1790101466707,0
1790101467049,1
1790101467049,0
1790101467424,1
1790101467424,0
1790101467740,1
1790101467741,0
1790101468059,1
1790101468059,0
1790101468307,1
1790101468307,0
1790101468553,0
1790101468554,0
1790101468674,1
1790101468675,0
1790101469001,1
1790101469001,0
1790101469183,1
1790101469183,0
1790101469490,1
1790101469490,0
1790101469786,1
1790101469787,0
1790101470060,1
1790101470060,0
1790101470395,1
1790101470395,0
1790101470740,1
1790101470740,0
1790101471015,1
1790101471016,0
1790101471319,1
1790101471320,0
1790101471707,1
1790101471708,0
1790101472074,1
1790101472074,0
1790101472193,1
1790101472194,0
1790101472543,1
1790101472543,0
1790101472895,1
1790101472895,0
1790101473301,1
1790101473301,0
1790101473700,1
1790101473700,0
1790101474038,1
1790101474039,0
1790101474376,1
1790101474376,0
1790101474644,1
1790101474644,0
1790101475058,1
1790101475058,0
1790101475438,1
1790101475438,0
1790101475824,1
1790101475824,0
1790101476215,1
1790101476215,0
1790101476549,1
1790101476549,0
1790101476891,1
1790101476891,0
1790101477224,1
1790101477224,0
1790101477499,1
1790101477499,0
1790101477740,1
1790101477740,0
1790101478117,1
1790101478117,0
1790101478497,1
1790101478497,0
1790101478806,1
1790101478806,0
1790101479169,1
1790101479170,0
1790101479520,1
1790101479520,0
1790101479880,1
1790101479880,0
1790101480257,1
1790101480257,0
1790101480557,1
1790101480557,0
1790101480864,1
1790101480864,0
1790101481161,1
1790101481161,0
1790101481562,1
1790101481562,0
1790101481754,1
1790101481754,0
1790101481923,1
1790101481923,0
1790101482104,1
1790101482105,0
1790101482382,1
1790101482383,0
1790101482708,1
1790101482708,0
1790101483025,1
1790101483026,0
1790101483273,1
1790101483274,0
1790101483612,1
1790101483612,0
1790101483954,1
1790101483955,0
1790101484296,1
1790101484297,0
1790101484410,1
1790101484411,0
1790101484578,1
1790101484578,0
1790101484953,1
1790101484954,0
1790101485264,1
1790101485265,0
1790101485588,1
1790101485588,0
1790101485830,1
1790101485831,0
1790101486083,1
1790101486083,0
1790101486407,1
1790101486408,0
1790101486789,1
1790101486790,0
1790101487104,1
1790101487104,0
1790101487290,1
1790101487290,0
1790101487475,1
1790101487476,0
1790101487780,1
1790101487780,0
1790101488095,1
1790101488095,0
1790101488408,1
1790101488408,0
1790101488649,1
1790101488649,0
1790101488990,1
1790101488991,0
1790101489343,1
1790101489343,0
1790101489687,1
1790101489687,0
1790101489933,1
1790101489933,0
1790101490245,1
1790101490245,0
1790101490614,1
1790101490615,0
1790101491024,1
1790101491024,0
1790101491432,1
1790101491433,0
1790101491757,1
1790101491757,0
1790101492088,1
1790101492088,0
1790101492386,1
1790101492386,0
1790101492797,1
1790101492797,0
1790101493165,1
1790101493166,0
1790101493556,1
1790101493557,0
1790101493943,1
1790101493943,0
1790101494240,1
1790101494241,0
1790101494634,1
1790101494634,0
1790101495040,1
1790101495040,0
1790101495374,1
1790101495374,0
1790101495648,1
1790101495648,0
1790101495991,1
1790101495991,0
1790101496339,1
1790101496339,0
1790101496609,1
1790101496610,0
1790101496790,1
1790101496790,0
1790101496966,1
1790101496966,0
1790101497363,1
1790101497363,0
1790101497759,1
1790101497759,0
1790101498099,1
1790101498100,0
1790101498437,1
1790101498437,0
1790101498774,1
1790101498774,0
1790101499187,1
1790101499187,0
1790101499540,1
1790101499540,0
1790101499895,1
1790101499895,0
1790101500276,1
1790101500276,0
1790101500390,1
1790101500390,0
1790101500766,1
1790101500766,0
1790101501141,1
1790101501141,0
1790101501452,1
1790101501453,0
1790101501790,1
1790101501790,0
1790101501977,1
1790101501977,0
1790101502160,1
1790101502160,0
1790101502495,1
1790101502495,0
1790101502848,1
1790101502848,0
1790101503040,1
1790101503041,0
1790101503407,1
1790101503408,0
1790101503789,1
1790101503789,0
1790101504091,1
1790101504091,0
1790101504388,1
1790101504388,0
1790101504509,1
1790101504509,0
1790101504816,1
1790101504817,0
1790101505191,1
1790101505191,0
1790101505603,1
1790101505603,0
1790101506020,1
1790101506020,0
1790101506136,1
1790101506137,0
1790101506541,1
1790101506541,0
1790101506941,0
1790101506941,0
1790101507282,1
1790101507283,0
1790101507401,1
1790101507401,0
1790101507780,1
1790101507780,0
1790101508155,1
1790101508155,0
1790101508479,1
1790101508479,0
1790101508894,1
1790101508894,0
1790101509241,1
1790101509241,0
1790101509431,1
1790101509431,0
1790101509587,1
1790101509587,0
1790101509699,1
1790101509699,0
1790101509822,1
1790101509823,0
1790101510133,1
1790101510133,0
1790101510324,1
1790101510324,0
1790101510637,1
1790101510637,0
1790101510960,1
1790101510960,0
1790101511286,1
1790101511287,0
1790101511529,1
1790101511529,0
1790101511945,1
1790101511945,0
1790101512352,1
1790101512352,0
1790101512686,1
1790101512687,0
1790101512808,1
1790101512808,0
1790101513191,1
1790101513191,0
1790101513564,1
1790101513565,0
1790101513686,1
1790101513687,0
1790101514032,1
1790101514033,0
1790101514357,1
1790101514358,0
1790101514749,1
1790101514750,0
1790101515153,1
1790101515153,0
1790101515474,1
1790101515474,0
1790101515813,1
1790101515813,0
1790101516113,1
1790101516113,0
1790101516307,1
1790101516307,0
1790101516632,1
1790101516632,0
1790101516820,1
1790101516820,0
1790101517000,1
1790101517000,0
1790101517334,1
1790101517335,0
1790101517705,1
1790101517706,0
1790101518069,1
1790101518069,0
1790101518370,1
1790101518370,0
1790101518636,1
1790101518636,0
1790101518950,1
1790101518950,0
1790101519269,1
1790101519269,0
1790101519567,1
1790101519567,0
1790101519865,1
1790101519865,0
1790101520285,1
1790101520285,0
1790101520691,1
1790101520691,0
1790101521095,1
1790101521095,0
1790101521430,1
1790101521430,0
1790101521753,1
1790101521753,0
1790101521858,1
1790101521859,0
1790101522240,1
1790101522240,0
1790101522641,1
1790101522642,0
1790101523020,1
1790101523020,0
1790101523399,1
1790101523400,0
1790101523730,1
1790101523730,0
1790101524127,1
1790101524127,0
1790101524523,1
1790101524524,0
1790101524860,1
1790101524860,0
1790101525142,1
1790101525142,0
1790101525484,1
1790101525484,0
1790101525828,1
1790101525828,0
1790101526078,1
1790101526078,0
1790101526399,1
1790101526399,0
1790101526807,1
1790101526807,0
1790101527186,1
1790101527187,0
1790101527558,1
1790101527558,0
1790101527866,1
1790101527866,0
1790101528165,1
1790101528165,0
1790101528416,1
1790101528416,0
1790101528828,1
1790101528828,0
1790101529141,1
1790101529141,0
1790101529461,1
1790101529461,0
1790101529757,1
1790101529758,0
1790101530023,1
1790101530023,0
1790101530336,1
1790101530337,0
1790101530657,1
1790101530657,0
1790101530911,1
1790101530912,0
1790101531207,1
1790101531207,0
1790101531557,1
1790101531558,0
1790101531907,1
1790101531907,0
1790101532210,1
1790101532211,0
1790101532574,1
1790101532574,0
1790101532954,1
1790101532954,0
1790101533365,1
1790101533366,0
1790101533763,1
1790101533763,0
1790101534099,1
1790101534099,0
1790101534441,1
1790101534441,0
1790101534549,1
1790101534550,0
1790101534723,1
1790101534724,0
1790101535061,1
1790101535061,0
1790101535243,1
1790101535243,0
1790101535417,1
1790101535417,0
1790101535653,1
1790101535654,0
1790101536058,1
1790101536058,0
1790101536471,1
1790101536471,0
1790101536790,1
1790101536790,0
1790101537125,1
1790101537125,0
1790101537544,1
1790101537544,0
1790101537949,1
1790101537949,0
1790101538233,1
1790101538234,0
1790101538648,1
1790101538648,0
1790101538840,1
1790101538840,0
1790101539200,1
1790101539200,0
1790101539567,1
1790101539567,0
1790101539872,1
1790101539872,0
1790101540177,1
1790101540177,0
1790101540505,1
1790101540505,0
1790101540925,1
1790101540926,0
1790101541115,1
1790101541115,0
1790101541422,1
1790101541422,0
1790101541742,1
1790101541742,0
1790101541863,1
1790101541863,0
1790101542261,1
1790101542262,0
1790101542668,1
1790101542668,0
1790101543003,1
1790101543003,0
1790101543345,1
1790101543345,0
1790101543674,1
1790101543674,0
1790101543990,1
1790101543991,0
1790101544332,1
1790101544332,0
1790101544678,1
1790101544678,0
1790101544872,1
1790101544872,0
1790101545178,1
1790101545178,0
1790101545495,1
1790101545495,0
1790101545740,1
1790101545740,0
1790101545988,1
1790101545989,0
1790101546095,1
1790101546096,0
1790101546515,1
1790101546516,0
1790101546830,1
1790101546831,0
1790101547203,1
1790101547203,0
1790101547571,1
1790101547571,0
1790101547812,1
1790101547812,0
1790101548155,1
1790101548155,0
1790101548495,1
1790101548495,0
1790101548767,1
1790101548767,0
1790101549069,1
1790101549069,0
1790101549451,1
1790101549451,0
1790101549800,1
1790101549800,0
1790101549919,1
1790101549919,0
1790101550332,1
1790101550332,0
1790101550689,1
1790101550690,0
1790101550873,1
1790101550873,0
1790101551055,1
1790101551055,0
1790101551176,1
1790101551176,0
1790101551295,1
1790101551295,0
1790101551632,1
1790101551632,0
1790101552003,1
1790101552003,0
1790101552314,1
1790101552315,0
1790101552648,1
1790101552648,0
1790101553000,1
1790101553000,0
1790101553265,1
1790101553265,0
1790101553451,1
1790101553451,0
1790101553632,1
1790101553632,0
1790101553752,1
1790101553752,0
1790101554077,1
1790101554077,0
1790101554484,1
1790101554484,0
1790101554856,1
1790101554856,0
1790101554971,1
1790101554971,0
1790101555349,1
1790101555349,0
1790101555730,1
1790101555731,0
1790101556080,1
1790101556080,0
1790101556431,1
1790101556431,0
1790101556702,1
1790101556703,0
1790101556984,1
1790101556984,0
1790101557311,1
1790101557311,0
1790101557658,1
1790101557658,0
1790101558040,1
1790101558041,0
1790101558448,1
1790101558448,0
1790101558865,1
1790101558866,0
1790101559182,1
1790101559182,0
1790101559532,1
1790101559532,0
1790101559860,1
1790101559861,0
1790101560127,1
1790101560127,0
1790101560432,1
1790101560432,0
1790101560811,1
1790101560812,0
1790101561190,1
1790101561191,0
1790101561527,1
1790101561527,0
1790101561940,1
1790101561940,0
1790101562346,1
1790101562346,0
1790101562753,1
1790101562753,0
1790101563161,1
1790101563161,0
1790101563490,1
1790101563490,0
1790101563818,1
1790101563818,0
1790101564149,1
1790101564149,0
1790101564472,1
1790101564472,0
1790101564825,1
1790101564825,0
1790101565232,1
1790101565232,0
1790101565640,1
1790101565641,0
1790101565758,1
1790101565759,0
1790101566132,1
1790101566132,0
1790101566507,1
1790101566507,0
1790101566811,1
1790101566811,0
1790101566923,1
1790101566923,0
1790101567238,1
1790101567239,0
1790101567551,1
1790101567551,0
1790101567657,1
1790101567657,0
1790101568007,1
1790101568008,0
1790101568390,1
1790101568390,0
1790101568735,1
1790101568735,0
1790101569074,1
1790101569074,0
1790101569356,1
1790101569357,0
1790101569628,1
1790101569628,0
1790101569932,1
1790101569932,0
1790101570120,1
1790101570121,0
1790101570489,1
1790101570490,0
1790101570803,1
1790101570803,0
1790101571126,1
1790101571126,0
1790101571403,1
1790101571403,0
1790101571814,1
1790101571814,0
1790101572216,1
1790101572216,0
1790101572558,1
1790101572559,0
1790101572829,1
1790101572829,0
1790101573178,1
1790101573179,0
1790101573520,1
1790101573520,0
1790101573799,1
1790101573799,0
1790101574195,1
1790101574195,0
1790101574572,1
1790101574572,0
1790101574870,1
1790101574870,0
1790101575191,1
1790101575191,0
1790101575436,1
1790101575436,0
1790101575685,1
1790101575685,0
1790101575932,1
1790101575933,0
1790101576283,1
1790101576283,0
1790101576589,1
1790101576589,0
1790101576930,1
1790101576930,0
1790101577283,1
1790101577283,0
1790101577609,1
1790101577609,0
1790101577790,1
1790101577790,0
1790101577964,1
1790101577964,0
1790101578081,1
1790101578081,0
1790101578357,1
1790101578357,0
1790101578743,1
1790101578743,0
1790101579122,1
1790101579122,0
1790101579431,1
1790101579431,0
1790101579744,1
1790101579744,0
1790101579923,1
1790101579923,0
1790101580319,1
1790101580320,0
1790101580723,1
1790101580723,0
1790101581053,1
1790101581054,0
1790101581379,1
1790101581379,0
1790101581626,1
1790101581627,0
1790101581808,1
1790101581809,0
1790101582134,1
1790101582134,0
1790101582481,1
1790101582481,0
1790101582823,1
1790101582824,0
1790101582944,1
1790101582945,0
1790101583357,1
1790101583358,0
1790101583758,1
1790101583759,0
1790101584095,1
1790101584095,0
1790101584396,1
1790101584396,0
1790101584584,1
1790101584584,0
1790101584756,1
1790101584757,0
1790101585003,1
1790101585003,0
1790101585340,1
1790101585340,0
1790101585753,1
1790101585754,0
1790101586160,1
1790101586160,0
1790101586570,1
1790101586571,0
1790101586911,1
1790101586911,0
1790101587244,1
1790101587244,0
1790101587490,1
1790101587490,0
1790101587871,1
1790101587872,0
1790101588223,1
1790101588223,0
1790101588596,1
1790101588596,0
1790101588973,1
1790101588974,0
1790101589280,1
1790101589281,0
1790101589462,1
1790101589462,0
1790101589610,1
1790101589610,0
1790101589729,1
1790101589729,0
1790101590040,1
1790101590040,0
1790101590442,1
1790101590443,0
1790101590845,1
1790101590845,0
1790101591120,1
1790101591121,0
1790101591486,1
1790101591486,0
1790101591790,1
1790101591790,0
1790101592102,1
1790101592102,0
1790101592424,1
1790101592424,0
1790101592666,1
1790101592667,0
1790101592917,1
1790101592917,0
1790101593194,1
1790101593195,0
1790101593522,1
1790101593523,0
1790101593716,1
1790101593716,0
1790101593890,1
1790101593890,0
1790101594076,1
1790101594077,0
1790101594412,1
1790101594412,0
1790101594752,1
1790101594752,0
1790101595091,1
1790101595091,0
1790101595357,1
1790101595357,0
1790101595480,1
1790101595480,0
1790101595794,1
1790101595794,0
1790101596107,1
1790101596107,0
1790101596361,1
1790101596362,0
1790101596765,1
1790101596765,0
1790101596960,1
1790101596960,0
1790101597266,1
1790101597266,0
1790101597578,1
1790101597578,0
1790101597828,1
1790101597828,0
1790101598069,1
1790101598070,0
1790101598341,1
1790101598341,0
1790101598531,1
1790101598532,0
1790101598831,1
1790101598831,0
1790101599203,1
1790101599203,0
1790101599583,1
1790101599583,0
1790101599919,1
1790101599920,0
1790101600314,1
1790101600314,0
1790101600711,1
1790101600711,0
1790101601053,1
1790101601053,0
1790101601170,1
1790101601170,0
1790101601551,1
1790101601552,0
1790101601921,1
1790101601921,0
