1790098720714,1
1790098720723,0
1790098721126,1
1790098721126,0
1790098721392,1
1790098721392,0
1790098721802,1
1790098721804,0
1790098722232,1
1790098722232,0
1790098722515,1
1790098722516,0
1790098722712,1
1790098722713,0
1790098722931,1
1790098722931,0
1790098723048,1
1790098723048,0
1790098723325,1
1790098723325,0
1790098723696,1
1790098723697,0
1790098724034,1
1790098724034,0
1790098724369,1
1790098724370,0
1790098724725,0
1790098724725,0
1790098725107,1
1790098725107,0
1790098725459,1
1790098725459,0
1790098725806,1
1790098725810,0
1790098726085,1
1790098726086,0
1790098726362,1
1790098726363,0
1790098726644,1
1790098726644,0
1790098726998,0
1790098726999,0
1790098727122,1
1790098727123,0
1790098727528,1
1790098727529,0
1790098727868,1
1790098727869,0
1790098728147,1
1790098728148,0
1790098728553,1
1790098728553,0
1790098728949,1
1790098728950,0
1790098729285,1
1790098729285,0
1790098729595,1
1790098729596,0
1790098729926,1
1790098729926,0
1790098730238,1
1790098730238,0
1790098730547,1
1790098730547,0
1790098730897,1
1790098730898,0
1790098731202,1
1790098731202,0
1790098731614,1
1790098731615,0
1790098731960,1
1790098731960,0
1790098732302,1
1790098732302,0
1790098732633,1
1790098732634,0
1790098732964,1
1790098732964,0
1790098733288,1
1790098733288,0
1790098733664,1
1790098733664,0
1790098733940,1
1790098733940,0
1790098734279,1
1790098734279,0
1790098734581,1
1790098734582,0
1790098734965,1
1790098734966,0
1790098735273,1
1790098735273,0
1790098735586,1
1790098735586,0
1790098735706,1
1790098735707,0
1790098735954,1
1790098735954,0
1790098736278,1
1790098736279,0
1790098736559,1
1790098736559,0
1790098736808,1
1790098736809,0
1790098737123,1
1790098737123,0
1790098737372,1
1790098737374,0
1790098737627,1
1790098737628,0
1790098737874,1
1790098737874,0
1790098738121,1
1790098738122,0
1790098738238,1
1790098738238,0
1790098738361,1
1790098738361,0
1790098738697,1
1790098738698,0
1790098739041,1
1790098739043,0
1790098739315,1
1790098739315,0
1790098739429,1
1790098739429,0
1790098739678,1
1790098739680,0
1790098739921,1
1790098739924,0
1790098740172,1
1790098740173,0
1790098740499,1
1790098740500,0
1790098740780,1
1790098740780,0
1790098741130,1
1790098741130,0
1790098741411,1
1790098741412,0
1790098741604,1
1790098741605,0
1790098741968,1
1790098741968,0
1790098742145,1
1790098742145,0
1790098742251,1
1790098742252,0
1790098742381,1
1790098742381,0
1790098742505,1
1790098742505,0
1790098742812,1
1790098742813,0
1790098743117,1
1790098743118,0
1790098743244,1
1790098743245,0
1790098743435,1
1790098743435,0
1790098743619,1
1790098743619,0
1790098743889,1
1790098743890,0
1790098744005,1
1790098744005,0
1790098744186,1
1790098744186,0
1790098744303,1
1790098744303,0
1790098744588,1
1790098744588,0
1790098744840,1
1790098744841,0
1790098745091,1
1790098745091,0
1790098745340,1
1790098745340,0
1790098745639,1
1790098745640,0
1790098745756,1
1790098745756,0
1790098746157,1
1790098746158,0
1790098746560,1
1790098746560,0
1790098746893,1
1790098746893,0
1790098747227,1
1790098747228,0
1790098747350,1
1790098747354,0
1790098747627,1
1790098747627,0
1790098748033,1
1790098748034,0
1790098748407,1
1790098748408,0
1790098748790,1
1790098748790,0
1790098749086,1
1790098749087,0
1790098749484,1
1790098749484,0
1790098749824,1
1790098749824,0
1790098750161,1
1790098750163,0
1790098750283,1
1790098750283,0
1790098750561,1
1790098750561,0
1790098750848,1
1790098750848,0
1790098750969,1
1790098750969,0
1790098751310,1
1790098751310,0
1790098751615,1
1790098751615,0
1790098751887,1
1790098751887,0
1790098752173,1
1790098752173,0
1790098752447,1
1790098752448,0
1790098752719,1
1790098752719,0
1790098752835,1
1790098752835,0
1790098753143,1
1790098753144,0
1790098753390,1
1790098753390,0
1790098753765,1
1790098753765,0
1790098754067,1
1790098754067,0
1790098754373,1
1790098754373,0
1790098754495,1
1790098754496,0
1790098754685,1
1790098754686,0
1790098754802,1
1790098754802,0
1790098755130,1
1790098755131,0
1790098755437,1
1790098755440,0
1790098755752,1
1790098755753,0
1790098756098,1
1790098756099,0
1790098756449,1
1790098756450,0
1790098756743,0
1790098756750,0
1790098757028,0
1790098757029,0
1790098757371,1
1790098757371,0
1790098757645,1
1790098757645,0
1790098757924,1
1790098757924,0
1790098758197,1
1790098758197,0
1790098758439,1
1790098758440,0
1790098758770,1
1790098758770,0
1790098759008,1
1790098759008,0
1790098759312,1
1790098759313,0
1790098759587,1
1790098759588,0
1790098759902,1
1790098759903,0
1790098760206,1
1790098760207,0
1790098760449,1
1790098760449,0
1790098760725,1
1790098760725,0
1790098761035,1
1790098761036,0
1790098761281,1
1790098761282,0
1790098761391,1
1790098761391,0
1790098761781,1
1790098761782,0
1790098762187,1
1790098762188,0
1790098762460,1
1790098762460,0
1790098762806,1
1790098762807,0
1790098763079,1
1790098763080,0
1790098763349,1
1790098763350,0
1790098763464,1
1790098763465,0
1790098763707,1
1790098763707,0
1790098764008,1
1790098764009,0
1790098764248,1
1790098764248,0
1790098764488,1
1790098764489,0
1790098764823,1
1790098764823,0
1790098765065,1
1790098765065,0
1790098765311,1
1790098765314,0
1790098765563,1
1790098765564,0
1790098765841,1
1790098765841,0
1790098766242,1
1790098766242,0
1790098766576,1
1790098766576,0
1790098766818,1
1790098766819,0
1790098766936,1
1790098766937,0
1790098767118,1
1790098767118,0
1790098767450,1
1790098767450,0
1790098767727,1
1790098767728,0
1790098768000,1
1790098768000,0
1790098768279,1
1790098768279,0
1790098768549,1
1790098768550,0
1790098768854,1
1790098768854,0
1790098769203,1
1790098769203,0
1790098769449,1
1790098769449,0
1790098769690,1
1790098769690,0
1790098769992,1
1790098769993,0
1790098770267,1
1790098770268,0
1790098770534,1
1790098770535,0
1790098770808,1
1790098770808,0
1790098771057,1
1790098771057,0
1790098771342,1
1790098771343,0
1790098771618,1
1790098771618,0
1790098771735,1
1790098771735,0
1790098771975,1
1790098771975,0
1790098772216,1
1790098772218,0
1790098772552,1
1790098772552,0
1790098772885,1
1790098772886,0
1790098773221,1
1790098773221,0
1790098773545,1
1790098773546,0
1790098773877,1
1790098773877,0
1790098774036,1
1790098774037,0
1790098774403,1
1790098774407,0
1790098774656,1
1790098774658,0
1790098774963,1
1790098774964,0
1790098775081,1
1790098775081,0
1790098775416,1
1790098775416,0
1790098775821,1
1790098775821,0
1790098776164,1
1790098776165,0
1790098776406,1
1790098776407,0
1790098776713,1
1790098776713,0
1790098777087,1
1790098777088,0
1790098777357,1
1790098777357,0
1790098777628,1
1790098777628,0
1790098777962,1
1790098777963,0
1790098778203,1
1790098778203,0
1790098778439,1
1790098778440,0
1790098778682,1
1790098778682,0
1790098778922,1
1790098778922,0
1790098779248,1
1790098779248,0
1790098779594,1
1790098779594,0
1790098779905,1
1790098779905,0
1790098780211,1
1790098780211,0
1790098780514,1
1790098780514,0
1790098780635,1
1790098780635,0
1790098780935,1
1790098780935,0
1790098781233,1
1790098781233,0
1790098781533,1
1790098781533,0
1790098781648,1
1790098781648,0
1790098781830,1
1790098781830,0
1790098781939,1
1790098781939,0
1790098782058,1
1790098782058,0
1790098782342,1
1790098782343,0
1790098782652,1
1790098782652,0
1790098782770,1
1790098782771,0
1790098782888,1
1790098782888,0
1790098782997,1
1790098782998,0
1790098783109,1
1790098783110,0
1790098783418,1
1790098783418,0
1790098783843,1
1790098783843,0
1790098784131,1
1790098784131,0
1790098784369,1
1790098784369,0
1790098784613,1
1790098784614,0
1790098784879,1
1790098784879,0
1790098785206,1
1790098785206,0
1790098785482,1
1790098785483,0
1790098785758,1
1790098785758,0
1790098786065,1
1790098786065,0
1790098786401,1
1790098786401,0
1790098786741,1
1790098786741,0
1790098787019,1
1790098787019,0
1790098787139,1
1790098787139,0
1790098787480,1
1790098787481,0
1790098787596,1
1790098787596,0
1790098787710,1
1790098787711,0
1790098787829,1
1790098787830,0
1790098787944,1
1790098787944,0
1790098788193,1
1790098788193,0
1790098788438,1
1790098788438,0
1790098788773,1
1790098788773,0
1790098789107,1
1790098789108,0
1790098789452,1
1790098789452,0
1790098789764,1
1790098789765,0
1790098790075,1
1790098790075,0
1790098790384,1
1790098790385,0
1790098790694,1
1790098790694,0
1790098791047,1
1790098791049,0
1790098791332,1
1790098791333,0
1790098791602,1
1790098791602,0
1790098791842,1
1790098791843,0
1790098792177,1
1790098792178,0
1790098792506,1
1790098792507,0
1790098792740,1
1790098792740,0
1790098792985,1
1790098792986,0
1790098793230,1
1790098793230,0
1790098793471,1
1790098793471,0
1790098793737,1
1790098793737,0
1790098793974,1
1790098793974,0
1790098794304,1
1790098794305,0
1790098794421,1
1790098794421,0
1790098794606,1
1790098794606,0
1790098794934,1
1790098794934,0
1790098795239,1
1790098795240,0
1790098795544,1
1790098795544,0
1790098795851,1
1790098795851,0
1790098796124,1
1790098796124,0
1790098796239,1
1790098796239,0
1790098796352,1
1790098796352,0
1790098796590,1
1790098796590,0
1790098796863,1
1790098796863,0
1790098796979,1
1790098796979,0
1790098797220,1
1790098797221,0
1790098797453,1
1790098797453,0
1790098797698,1
1790098797698,0
1790098797945,1
1790098797945,0
1790098798193,1
1790098798194,0
1790098798462,1
1790098798464,0
1790098798648,1
1790098798649,0
1790098798887,1
1790098798887,0
1790098799123,1
1790098799123,0
1790098799233,1
1790098799234,0
1790098799532,1
1790098799532,0
1790098799826,1
1790098799826,0
1790098800135,1
1790098800135,0
1790098800429,1
1790098800429,0
1790098800543,1
1790098800543,0
1790098800655,1
1790098800655,0
1790098800986,1
1790098800986,0
1790098801097,1
1790098801098,0
1790098801424,1
1790098801424,0
1790098801535,1
1790098801535,0
1790098801651,1
1790098801652,0
1790098801758,1
1790098801758,0
1790098801868,1
1790098801869,0
1790098802141,1
1790098802141,0
1790098802479,1
1790098802479,0
1790098802593,1
1790098802593,0
1790098802925,1
1790098802925,0
1790098803261,1
1790098803262,0
1790098803559,1
1790098803559,0
1790098803676,1
1790098803676,0
1790098803785,1
1790098803786,0
1790098803898,1
1790098803898,0
1790098804006,1
1790098804006,0
1790098804118,1
1790098804119,0
1790098804235,1
1790098804235,0
1790098804564,1
1790098804565,0
1790098804676,1
1790098804676,0
1790098805010,1
1790098805010,0
1790098805410,1
1790098805411,0
1790098805747,1
1790098805749,0
1790098806085,1
1790098806085,0
1790098806413,1
1790098806413,0
1790098806743,1
1790098806744,0
1790098807076,1
1790098807076,0
1790098807314,1
1790098807315,0
1790098807585,1
1790098807585,0
1790098807854,1
1790098807854,0
1790098808129,1
1790098808129,0
1790098808398,1
1790098808398,0
1790098808669,1
1790098808669,0
1790098808936,1
1790098808936,0
1790098809048,1
1790098809048,0
1790098809345,1
1790098809345,0
1790098809642,1
1790098809643,0
1790098809920,1
1790098809920,0
1790098810163,1
1790098810163,0
1790098810401,1
1790098810402,0
1790098810700,1
1790098810700,0
1790098810998,1
1790098810998,0
1790098811299,1
1790098811300,0
1790098811604,1
1790098811604,0
1790098811934,1
1790098811935,0
1790098812265,1
1790098812265,0
1790098812379,1
1790098812379,0
1790098812621,1
1790098812621,0
1790098812866,1
1790098812866,0
1790098813108,1
1790098813108,0
1790098813349,1
1790098813349,0
1790098813586,1
1790098813586,0
1790098813826,1
1790098813826,0
1790098814092,1
1790098814092,0
1790098814333,1
1790098814333,0
1790098814582,1
1790098814582,0
1790098814919,1
1790098814919,0
1790098815109,1
1790098815109,0
1790098815410,1
1790098815410,0
1790098815687,1
1790098815687,0
1790098815948,1
1790098815948,0
1790098816220,1
1790098816221,0
1790098816495,1
1790098816496,0
1790098816776,1
1790098816777,0
1790098817049,1
1790098817049,0
1790098817292,1
1790098817292,0
1790098817632,1
1790098817632,0
1790098817975,1
1790098817975,0
1790098818249,1
1790098818249,0
1790098818582,1
1790098818583,0
1790098818915,1
1790098818915,0
1790098819244,1
1790098819244,0
1790098819575,1
1790098819575,0
1790098819816,1
1790098819816,0
1790098820061,1
1790098820061,0
1790098820300,1
1790098820301,0
1790098820599,1
1790098820599,0
1790098820897,1
1790098820897,0
1790098821231,1
1790098821231,0
1790098821570,1
1790098821570,0
1790098821913,1
1790098821913,0
1790098822256,1
1790098822256,0
1790098822567,1
1790098822568,0
1790098822843,1
1790098822843,0
1790098822956,1
1790098822957,0
1790098823074,1
1790098823075,0
1790098823191,1
1790098823195,0
1790098823532,0
1790098823537,0
1790098823660,1
1790098823661,0
1790098823775,1
1790098823776,0
1790098823888,1
1790098823888,0
1790098824126,1
1790098824126,0
1790098824423,1
1790098824424,0
1790098824727,1
1790098824728,0
1790098824851,1
1790098824851,0
1790098825153,1
1790098825153,0
1790098825455,1
1790098825455,0
1790098825792,1
1790098825792,0
1790098826129,1
1790098826129,0
1790098826453,1
1790098826453,0
1790098826779,1
1790098826779,0
1790098827048,1
1790098827049,0
1790098827170,1
1790098827170,0
1790098827415,1
1790098827415,0
1790098827738,1
1790098827738,0
1790098827994,1
1790098827995,0
1790098828111,1
1790098828112,0
1790098828348,1
1790098828348,0
1790098828581,1
1790098828581,0
1790098828812,1
1790098828812,0
1790098828924,1
1790098828924,0
1790098829191,1
1790098829191,0
1790098829457,1
1790098829457,0
1790098829755,1
1790098829755,0
1790098830056,1
1790098830056,0
1790098830353,1
1790098830353,0
1790098830467,1
1790098830468,0
1790098830586,1
1790098830587,0
1790098830699,1
1790098830700,0
1790098830815,1
1790098830815,0
1790098831086,1
1790098831086,0
1790098831384,1
1790098831385,0
1790098831712,1
1790098831713,0
1790098831953,1
1790098831953,0
1790098832265,1
1790098832266,0
1790098832595,1
1790098832596,0
1790098832930,1
1790098832930,0
1790098833259,1
1790098833259,0
1790098833592,1
1790098833592,0
1790098833833,1
1790098833833,0
1790098834160,1
1790098834160,0
1790098834488,1
1790098834488,0
1790098834728,1
1790098834728,0
1790098834998,1
1790098834998,0
1790098835114,1
1790098835114,0
1790098835409,1
1790098835410,0
1790098835705,1
1790098835705,0
1790098836004,1
1790098836004,0
1790098836300,1
1790098836301,0
1790098836540,1
1790098836541,0
1790098836872,1
1790098836872,0
1790098837107,1
1790098837107,0
1790098837342,1
1790098837342,0
1790098837638,1
1790098837638,0
1790098837755,1
1790098837755,0
1790098837941,1
1790098837941,0
1790098838053,1
1790098838053,0
1790098838173,1
1790098838174,0
1790098838449,1
1790098838450,0
1790098838570,1
1790098838570,0
1790098838685,1
1790098838685,0
1790098838922,1
1790098838922,0
1790098839221,1
1790098839221,0
1790098839592,1
1790098839592,0
1790098839966,1
1790098839967,0
1790098840267,1
1790098840267,0
1790098840569,1
1790098840569,0
1790098840862,1
1790098840862,0
1790098841160,1
1790098841160,0
1790098841271,1
1790098841271,0
1790098841538,1
1790098841538,0
1790098841773,1
1790098841774,0
1790098842007,1
1790098842007,0
1790098842308,1
1790098842308,0
1790098842416,1
1790098842417,0
1790098842530,1
1790098842531,0
1790098842644,1
1790098842644,0
1790098842944,1
1790098842944,0
1790098843249,1
1790098843249,0
1790098843546,1
1790098843546,0
1790098843841,1
1790098843841,0
1790098844136,1
1790098844136,0
1790098844466,1
1790098844466,0
1790098844707,1
1790098844708,0
1790098844944,1
1790098844944,0
1790098845180,1
1790098845180,0
1790098845421,1
1790098845421,0
1790098845756,1
1790098845756,0
1790098845997,1
1790098845998,0
1790098846330,1
1790098846330,0
1790098846443,1
1790098846443,0
1790098846551,1
1790098846551,0
1790098846879,1
1790098846879,0
1790098846994,1
1790098846994,0
1790098847116,1
1790098847116,0
1790098847226,1
1790098847226,0
1790098847460,1
1790098847461,0
1790098847696,1
1790098847696,0
1790098847939,1
1790098847939,0
1790098848210,1
1790098848211,0
1790098848457,1
1790098848458,0
1790098848569,1
1790098848569,0
1790098848804,1
1790098848804,0
1790098849042,1
1790098849042,0
1790098849281,1
1790098849281,0
1790098849524,1
1790098849524,0
1790098849790,1
1790098849790,0
1790098849904,1
1790098849905,0
1790098850232,1
1790098850233,0
1790098850495,1
1790098850496,0
1790098850766,1
1790098850767,0
1790098851038,1
1790098851038,0
1790098851307,1
1790098851307,0
1790098851574,1
1790098851574,0
1790098851835,1
1790098851835,0
1790098852159,1
1790098852159,0
1790098852460,1
1790098852460,0
1790098852762,1
1790098852762,0
1790098853003,1
1790098853004,0
1790098853333,1
1790098853334,0
1790098853600,1
1790098853600,0
1790098853714,1
1790098853714,0
1790098853830,1
1790098853830,0
1790098853945,1
1790098853946,0
1790098854058,1
1790098854058,0
1790098854174,1
1790098854174,0
1790098854445,1
1790098854446,0
1790098854558,1
1790098854558,0
1790098854827,1
1790098854827,0
1790098855091,1
1790098855091,0
1790098855384,1
1790098855384,0
1790098855618,1
1790098855618,0
1790098855853,1
1790098855854,0
1790098856095,0
1790098856096,0
1790098856334,1
1790098856334,0
1790098856662,1
1790098856662,0
1790098856991,1
1790098856991,0
1790098857113,1
1790098857113,0
1790098857380,1
1790098857380,0
1790098857674,1
1790098857674,0
1790098858000,1
1790098858000,0
1790098858331,1
1790098858332,0
1790098858663,1
1790098858663,0
1790098858991,1
1790098858991,0
1790098859287,1
1790098859287,0
1790098859618,1
1790098859619,0
1790098859729,1
1790098859730,0
1790098859846,1
1790098859846,0
1790098859958,1
1790098859958,0
1790098860226,1
1790098860227,0
1790098860548,1
1790098860548,0
1790098860877,1
1790098860878,0
1790098861210,1
1790098861210,0
1790098861509,1
1790098861509,0
1790098861619,1
1790098861619,0
1790098861729,1
1790098861729,0
1790098862058,1
1790098862058,0
1790098862167,1
1790098862167,0
1790098862468,1
1790098862469,0
1790098862791,1
1790098862791,0
1790098863119,1
1790098863119,0
1790098863448,1
1790098863449,0
1790098863775,1
1790098863775,0
1790098864104,1
1790098864104,0
1790098864343,1
1790098864344,0
1790098864459,1
1790098864460,0
1790098864695,1
1790098864695,0
1790098864929,1
1790098864929,0
1790098865229,1
1790098865230,0
1790098865341,1
1790098865342,0
1790098865449,1
1790098865449,0
1790098865557,1
1790098865558,0
1790098865664,1
1790098865664,0
1790098865985,1
1790098865985,0
1790098866312,1
1790098866312,0
1790098866636,1
1790098866636,0
1790098866959,1
1790098866959,0
1790098867283,1
1790098867283,0
1790098867513,1
1790098867513,0
1790098867746,1
1790098867746,0
1790098867982,1
1790098867982,0
1790098868222,1
1790098868222,0
1790098868336,1
1790098868336,0
1790098868631,1
1790098868632,0
1790098868929,1
1790098868931,0
1790098869038,1
1790098869038,0
1790098869150,1
1790098869151,0
1790098869471,1
1790098869471,0
1790098869709,1
1790098869709,0
1790098869940,1
1790098869940,0
1790098870173,1
1790098870173,0
1790098870287,1
1790098870287,0
1790098870553,1
1790098870553,0
1790098870812,1
1790098870812,0
1790098871107,1
1790098871107,0
1790098871375,1
1790098871376,0
1790098871484,1
1790098871485,0
1790098871783,1
1790098871783,0
1790098872077,1
1790098872077,0
1790098872368,1
1790098872368,0
1790098872666,1
1790098872666,0
1790098872990,1
1790098872990,0
1790098873289,1
1790098873289,0
1790098873403,1
1790098873403,0
1790098873633,1
1790098873633,0
1790098873867,1
1790098873868,0
1790098874098,1
1790098874098,0
1790098874390,1
1790098874390,0
1790098874682,1
1790098874682,0
1790098874976,1
1790098874976,0
1790098875207,1
1790098875207,0
1790098875321,1
1790098875321,0
1790098875435,1
1790098875435,0
1790098875732,1
1790098875732,0
1790098875999,1
1790098875999,0
1790098876323,1
1790098876323,0
1790098876593,1
1790098876594,0
1790098876857,1
1790098876857,0
1790098877117,1
1790098877117,0
1790098877385,1
1790098877385,0
1790098877494,1
1790098877494,0
1790098877609,1
1790098877609,0
1790098877912,1
1790098877913,0
1790098878154,1
1790098878155,0
1790098878395,1
1790098878395,0
1790098878688,1
1790098878689,0
1790098879020,1
1790098879020,0
1790098879346,1
1790098879346,0
1790098879670,1
1790098879670,0
1790098879935,1
1790098879935,0
1790098880260,1
1790098880260,0
1790098880589,1
1790098880589,0
1790098880824,1
1790098880825,0
1790098881125,1
1790098881126,0
1790098881418,1
1790098881418,0
1790098881711,1
1790098881711,0
1790098882010,1
1790098882010,0
1790098882307,1
1790098882308,0
1790098882600,1
1790098882600,0
1790098882841,1
1790098882841,0
1790098883075,1
1790098883075,0
1790098883189,1
1790098883190,0
1790098883457,1
1790098883457,0
1790098883725,1
1790098883725,0
1790098884051,1
1790098884051,0
1790098884286,1
1790098884286,0
1790098884524,1
1790098884524,0
1790098884769,1
1790098884769,0
1790098885005,1
1790098885006,0
1790098885304,1
1790098885304,0
1790098885599,1
1790098885599,0
1790098885926,1
1790098885926,0
1790098886229,1
1790098886229,0
1790098886547,1
1790098886547,0
1790098886656,1
1790098886657,0
1790098886772,1
1790098886772,0
1790098886883,1
1790098886883,0
1790098886992,1
1790098886993,0
1790098887288,1
1790098887289,0
1790098887409,1
1790098887409,0
1790098887738,1
1790098887738,0
1790098888069,1
1790098888069,0
1790098888389,1
1790098888389,0
1790098888501,1
1790098888502,0
1790098888611,1
1790098888611,0
1790098888721,1
1790098888721,0
1790098888829,1
1790098888829,0
1790098889096,1
1790098889096,0
1790098889210,1
1790098889210,0
1790098889317,1
1790098889317,0
1790098889618,1
1790098889618,0
1790098889914,1
1790098889914,0
1790098890147,1
1790098890147,0
1790098890482,1
1790098890482,0
1790098890802,1
1790098890802,0
1790098891124,1
1790098891124,0
1790098891451,1
1790098891451,0
1790098891780,1
1790098891781,0
1790098892112,1
1790098892112,0
1790098892441,1
1790098892441,0
1790098892731,1
1790098892731,0
1790098893028,1
1790098893029,0
1790098893145,1
1790098893145,0
1790098893384,1
1790098893384,0
1790098893619,1
1790098893620,0
1790098893859,1
1790098893859,0
1790098893971,1
1790098893971,0
1790098894238,1
1790098894239,0
1790098894497,1
1790098894497,0
1790098894610,1
1790098894610,0
1790098894937,1
1790098894937,0
1790098895048,1
1790098895049,0
1790098895319,1
1790098895320,0
1790098895585,1
1790098895586,0
1790098895853,1
1790098895853,0
1790098896118,1
1790098896118,0
1790098896418,1
1790098896418,0
1790098896680,1
1790098896681,0
1790098896793,1
1790098896793,0
1790098897116,1
1790098897116,0
1790098897442,1
1790098897442,0
1790098897739,1
1790098897739,0
1790098898030,1
1790098898030,0
1790098898325,1
1790098898326,0
1790098898620,1
1790098898621,0
1790098898844,1
1790098898845,0
1790098899107,1
1790098899108,0
1790098899373,1
1790098899373,0
1790098899670,1
1790098899670,0
1790098899906,1
1790098899906,0
1790098900227,1
1790098900227,0
1790098900527,1
1790098900527,0
1790098900820,1
1790098900820,0
1790098901118,1
1790098901118,0
1790098901417,1
1790098901417,0
1790098901655,1
1790098901655,0
1790098901891,1
1790098901892,0
1790098902005,1
1790098902006,0
1790098902270,1
1790098902270,0
1790098902533,1
1790098902533,0
1790098902800,1
1790098902800,0
1790098903123,1
1790098903123,0
1790098903453,1
1790098903453,0
1790098903778,1
1790098903778,0
1790098903888,1
1790098903888,0
1790098904125,1
1790098904125,0
1790098904356,1
1790098904356,0
1790098904650,1
1790098904650,0
1790098904891,1
1790098904892,0
1790098905003,1
1790098905003,0
1790098905115,1
1790098905115,0
1790098905231,1
1790098905231,0
1790098905345,1
1790098905345,0
1790098905455,1
1790098905456,0
1790098905754,1
1790098905754,0
1790098905865,1
1790098905865,0
1790098906166,1
1790098906166,0
1790098906482,1
1790098906482,0
1790098906805,1
1790098906805,0
1790098907130,1
1790098907130,0
1790098907399,1
1790098907399,0
1790098907672,1
1790098907672,0
1790098907939,1
1790098907939,0
1790098908238,1
1790098908238,0
1790098908558,1
1790098908558,0
1790098908884,1
1790098908884,0
1790098909123,1
1790098909123,0
1790098909424,1
1790098909424,0
1790098909724,1
1790098909724,0
1790098910016,1
1790098910016,0
1790098910311,1
1790098910311,0
1790098910611,1
1790098910611,0
1790098910902,1
1790098910902,0
1790098911139,1
1790098911140,0
1790098911438,1
1790098911439,0
1790098911678,1
1790098911678,0
1790098911942,1
1790098911942,0
1790098912213,1
1790098912213,0
1790098912513,1
1790098912513,0
1790098912781,1
1790098912782,0
1790098913047,1
1790098913047,0
1790098913319,1
1790098913319,0
1790098913433,1
1790098913433,0
1790098913757,1
1790098913757,0
1790098914082,1
1790098914082,0
1790098914193,1
1790098914193,0
1790098914461,0
1790098914461,0
1790098914759,1
1790098914759,0
1790098914993,1
1790098914994,0
1790098915230,0
1790098915230,0
1790098915463,1
1790098915464,0
1790098915704,1
1790098915704,0
1790098915999,1
1790098915999,0
1790098916323,1
1790098916324,0
1790098916435,1
1790098916435,0
1790098916546,1
1790098916546,0
1790098916666,1
1790098916667,0
1790098916939,1
1790098916939,0
1790098917054,1
1790098917054,0
1790098917163,1
1790098917163,0
1790098917270,1
1790098917271,0
1790098917598,1
1790098917599,0
1790098917840,1
1790098917841,0
1790098918086,1
1790098918088,0
1790098918392,1
1790098918392,0
1790098918718,1
1790098918718,0
1790098919048,1
1790098919048,0
1790098919282,1
1790098919282,0
1790098919517,1
1790098919517,0
1790098919757,1
1790098919757,0
1790098919996,1
1790098919997,0
1790098920263,1
1790098920263,0
1790098920530,1
1790098920531,0
1790098920858,1
1790098920858,0
1790098921184,1
1790098921184,0
1790098921510,1
1790098921510,0
1790098921778,1
1790098921779,0
1790098922103,1
1790098922103,0
1790098922434,1
1790098922434,0
1790098922757,1
1790098922757,0
1790098922867,1
1790098922867,0
1790098923190,1
1790098923190,0
1790098923515,1
1790098923515,0
1790098923777,1
1790098923777,0
1790098923984,1
1790098923984,0
1790098924156,1
1790098924156,0
1790098924528,1
1790098924528,0
1790098924936,1
1790098924936,0
1790098925339,1
1790098925339,0
1790098925666,1
1790098925666,0
1790098925993,1
1790098925993,0
1790098926399,1
1790098926400,0
1790098926589,1
1790098926589,0
1790098926887,1
1790098926887,0
1790098927180,1
1790098927181,0
1790098927510,1
1790098927510,0
1790098927889,1
1790098927890,0
1790098928264,1
1790098928265,0
1790098928566,1
1790098928566,0
1790098928866,1
1790098928866,0
1790098929242,1
1790098929242,0
1790098929647,1
1790098929648,0
1790098930049,1
1790098930049,0
1790098930446,1
1790098930446,0
1790098930629,1
1790098930630,0
1790098930992,1
1790098930993,0
1790098931366,1
1790098931366,0
1790098931661,1
1790098931661,0
1790098931963,1
1790098931963,0
1790098932340,1
1790098932340,0
1790098932503,1
1790098932503,0
1790098932864,1
1790098932865,0
1790098933193,1
1790098933193,0
1790098933511,1
1790098933511,0
1790098933912,1
1790098933913,0
1790098934262,1
1790098934262,0
1790098934638,1
1790098934638,0
1790098934939,1
1790098934939,0
1790098935312,1
1790098935313,0
1790098935714,1
1790098935715,0
1790098936121,1
1790098936121,0
1790098936355,1
1790098936356,0
1790098936668,1
1790098936668,0
1790098936861,1
1790098936861,0
1790098937154,1
1790098937154,0
1790098937471,1
1790098937471,0
1790098937784,1
1790098937784,0
1790098938023,1
1790098938023,0
1790098938134,1
1790098938134,0
1790098938445,1
1790098938445,0
1790098938782,1
1790098938783,0
1790098939116,1
1790098939116,0
1790098939459,1
1790098939459,0
1790098939768,1
1790098939768,0
1790098940114,1
1790098940114,0
1790098940452,1
1790098940452,0
1790098940716,1
1790098940716,0
1790098940900,1
1790098940901,0
1790098941232,1
1790098941232,0
1790098941563,1
1790098941563,0
1790098941674,1
1790098941674,0
1790098942075,1
1790098942076,0
1790098942245,1
1790098942245,0
1790098942584,1
1790098942584,0
1790098942922,1
1790098942923,0
1790098943259,1
1790098943259,0
1790098943522,1
1790098943523,0
1790098943849,1
1790098943849,0
1790098944198,1
1790098944198,0
1790098944599,1
1790098944600,0
1790098944989,1
1790098944990,0
1790098945380,1
1790098945380,0
1790098945762,1
1790098945762,0
1790098946063,1
1790098946063,0
1790098946377,1
1790098946378,0
1790098946684,1
1790098946684,0
1790098946950,1
1790098946951,0
1790098947351,1
1790098947352,0
1790098947740,1
1790098947740,0
1790098948092,1
1790098948092,0
1790098948435,1
1790098948435,0
1790098948751,1
1790098948751,0
1790098949114,1
1790098949115,0
1790098949486,1
1790098949486,0
1790098949863,1
1790098949863,0
1790098950159,1
1790098950159,0
1790098950490,1
1790098950490,0
1790098950888,1
1790098950889,0
1790098951074,1
1790098951074,0
1790098951463,1
1790098951463,0
1790098951869,1
1790098951870,0
1790098952132,1
1790098952133,0
1790098952446,1
1790098952446,0
1790098952758,1
1790098952758,0
1790098953059,1
1790098953059,0
1790098953386,1
1790098953386,0
1790098953570,1
1790098953570,0
1790098953749,1
1790098953749,0
1790098954045,1
1790098954045,0
1790098954465,1
1790098954466,0
1790098954657,1
1790098954657,0
1790098955049,1
1790098955050,0
1790098955441,1
1790098955441,0
1790098955774,1
1790098955774,0
1790098956109,1
1790098956110,0
1790098956301,1
1790098956301,0
1790098956668,1
1790098956668,0
1790098957054,1
1790098957055,0
1790098957402,1
1790098957403,0
1790098957742,1
1790098957743,0
1790098958147,1
1790098958147,0
1790098958335,1
1790098958336,0
1790098958514,1
1790098958514,0
1790098958625,1
1790098958625,0
1790098958859,1
1790098958859,0
1790098959021,1
1790098959021,0
1790098959197,1
1790098959197,0
1790098959306,1
1790098959306,0
1790098959673,1
1790098959674,0
1790098960014,1
1790098960014,0
1790098960408,1
1790098960408,0
1790098960797,1
1790098960797,0
1790098961193,1
1790098961193,0
1790098961518,1
1790098961518,0
1790098961815,1
1790098961815,0
1790098962209,1
1790098962209,0
1790098962561,1
1790098962561,0
1790098962961,1
1790098962961,0
1790098963375,1
1790098963375,0
1790098963720,1
1790098963720,0
1790098963910,1
1790098963910,0
1790098964069,1
1790098964069,0
1790098964180,1
1790098964181,0
1790098964292,1
1790098964292,0
1790098964480,1
1790098964480,0
1790098964662,1
1790098964663,0
1790098964841,1
1790098964841,0
1790098965013,1
1790098965013,0
1790098965337,1
1790098965337,0
1790098965526,1
1790098965526,0
1790098965703,1
1790098965703,0
1790098965880,1
1790098965880,0
1790098965992,1
1790098965992,0
1790098966289,1
1790098966289,0
1790098966686,1
1790098966687,0
1790098966874,1
1790098966874,0
1790098967240,1
1790098967240,0
1790098967610,1
1790098967610,0
1790098967923,1
1790098967923,0
1790098968220,1
1790098968220,0
1790098968528,1
1790098968528,0
1790098968844,1
1790098968844,0
1790098968953,1
1790098968953,0
1790098969265,1
1790098969265,0
1790098969611,1
1790098969611,0
1790098969982,1
1790098969982,0
1790098970291,1
1790098970292,0
1790098970633,1
1790098970633,0
1790098970822,1
1790098970823,0
1790098970997,1
1790098970997,0
1790098971176,1
1790098971176,0
1790098971287,1
1790098971288,0
1790098971610,1
1790098971610,0
1790098971803,1
1790098971803,0
1790098972192,1
1790098972192,0
1790098972564,1
1790098972564,0
1790098972923,1
1790098972923,0
1790098973163,1
1790098973163,0
1790098973476,1
1790098973477,0
1790098973781,1
1790098973781,0
1790098974020,1
1790098974020,0
1790098974258,1
1790098974258,0
1790098974647,1
1790098974647,0
1790098975049,1
1790098975050,0
1790098975448,1
1790098975448,0
1790098975793,1
1790098975793,0
1790098975975,1
1790098975975,0
1790098976156,1
1790098976156,0
1790098976333,1
1790098976333,0
1790098976505,1
1790098976506,0
1790098976614,1
1790098976614,0
1790098976944,1
1790098976944,0
1790098977318,1
1790098977318,0
1790098977688,1
1790098977688,0
1790098978093,1
1790098978093,0
1790098978494,1
1790098978494,0
1790098978609,1
1790098978609,0
1790098978919,1
1790098978919,0
1790098979204,1
1790098979204,0
1790098979447,1
1790098979447,0
1790098979743,1
1790098979743,0
1790098980073,1
1790098980074,0
1790098980405,1
1790098980405,0
1790098980675,1
1790098980675,0
1790098981010,1
1790098981011,0
1790098981422,1
1790098981422,0
1790098981825,1
1790098981825,0
1790098982235,1
1790098982235,0
1790098982562,1
1790098982562,0
1790098982959,1
1790098982959,0
1790098983193,1
1790098983193,0
1790098983536,1
1790098983536,0
1790098983858,1
1790098983858,0
1790098984227,1
1790098984228,0
1790098984629,1
1790098984630,0
1790098985024,1
1790098985024,0
1790098985334,1
1790098985334,0
1790098985626,1
1790098985626,0
1790098985929,1
1790098985930,0
1790098986258,1
1790098986258,0
1790098986568,1
1790098986569,0
1790098986879,1
1790098986879,0
1790098987251,1
1790098987251,0
1790098987620,1
1790098987621,0
1790098987938,1
1790098987939,0
1790098988307,1
1790098988307,0
1790098988679,1
1790098988679,0
1790098988979,1
1790098988979,0
1790098989332,1
1790098989332,0
1790098989598,1
1790098989598,0
1790098989786,1
1790098989786,0
1790098989966,1
1790098989966,0
1790098990147,1
1790098990148,0
1790098990325,1
1790098990325,0
1790098990654,1
1790098990654,0
1790098990994,1
1790098990994,0
1790098991341,1
1790098991342,0
1790098991685,1
1790098991685,0
1790098992018,1
1790098992019,0
1790098992334,1
1790098992335,0
1790098992635,1
1790098992635,0
1790098992958,1
1790098992958,0
1790098993137,1
1790098993137,0
1790098993497,1
1790098993497,0
1790098993803,1
1790098993803,0
1790098994113,1
1790098994113,0
1790098994426,1
1790098994426,0
1790098994664,1
1790098994664,0
1790098994773,1
1790098994773,0
1790098995114,1
1790098995115,0
1790098995487,1
1790098995487,0
1790098995792,1
1790098995793,0
1790098996098,1
1790098996098,0
1790098996387,1
1790098996387,0
1790098996552,1
1790098996552,0
1790098996730,1
1790098996731,0
1790098996840,1
1790098996840,0
1790098997107,1
1790098997107,0
1790098997506,1
1790098997506,0
1790098997911,1
1790098997911,0
1790098998199,1
1790098998199,0
1790098998602,1
1790098998603,0
1790098998892,1
1790098998892,0
1790098999170,1
1790098999171,0
1790098999488,1
1790098999488,0
1790098999785,1
1790098999785,0
1790099000021,1
1790099000021,0
1790099000258,1
1790099000258,0
1790099000446,1
1790099000446,0
1790099000750,1
1790099000751,0
1790099001071,1
1790099001072,0
1790099001383,1
1790099001383,0
1790099001759,1
1790099001759,0
1790099001945,1
1790099001945,0
1790099002123,1
1790099002123,0
1790099002300,1
1790099002300,0
1790099002596,1
1790099002596,0
1790099002778,1
1790099002778,0
1790099002956,1
1790099002957,0
1790099003223,1
1790099003223,0
1790099003569,1
1790099003569,0
1790099003965,1
1790099003965,0
1790099004290,1
1790099004290,0
1790099004632,1
1790099004632,0
1790099004902,1
1790099004902,0
1790099005253,1
1790099005254,0
1790099005495,1
1790099005495,0
1790099005860,1
1790099005860,0
1790099006172,1
1790099006173,0
1790099006354,1
1790099006354,0
1790099006534,1
1790099006534,0
1790099006710,1
1790099006710,0
1790099007103,1
1790099007104,0
1790099007505,1
1790099007505,0
1790099007834,1
1790099007834,0
1790099008228,1
1790099008228,0
1790099008538,1
1790099008538,0
1790099008848,1
1790099008848,0
1790099009115,1
1790099009115,0
1790099009460,1
1790099009460,0
1790099009770,1
1790099009771,0
1790099010086,1
1790099010086,0
1790099010401,1
1790099010401,0
1790099010712,1
1790099010712,0
1790099010953,1
1790099010953,0
1790099011187,1
1790099011187,0
1790099011489,1
1790099011490,0
1790099011899,1
1790099011899,0
1790099012291,1
1790099012292,0
1790099012687,1
1790099012688,0
1790099013022,1
1790099013022,0
1790099013202,1
1790099013202,0
1790099013379,1
1790099013379,0
1790099013489,1
1790099013489,0
1790099013724,1
1790099013724,0
1790099014042,1
1790099014042,0
1790099014373,1
1790099014373,0
1790099014484,1
1790099014485,0
1790099014810,1
1790099014810,0
1790099015216,1
1790099015216,0
1790099015594,1
1790099015594,0
1790099015967,1
1790099015967,0
1790099016261,1
1790099016262,0
1790099016641,1
1790099016641,0
1790099016755,1
1790099016755,0
1790099017146,1
1790099017146,0
1790099017322,1
1790099017322,0
1790099017684,1
1790099017685,0
1790099018050,1
1790099018050,0
1790099018241,1
1790099018241,0
1790099018539,1
1790099018539,0
1790099018836,1
1790099018836,0
1790099019072,1
1790099019073,0
1790099019468,1
1790099019468,0
1790099019860,1
1790099019860,0
1790099020259,1
1790099020259,0
1790099020432,1
1790099020432,0
1790099020729,0
1790099020729,0
1790099021034,1
1790099021035,0
1790099021220,0
1790099021220,0
1790099021396,1
1790099021396,0
1790099021508,1
1790099021508,0
1790099021697,1
1790099021697,0
1790099022025,1
1790099022025,0
1790099022398,1
1790099022398,0
1790099022578,1
1790099022579,0
1790099022884,1
1790099022885,0
1790099023179,1
1790099023180,0
1790099023506,1
1790099023506,0
1790099023699,1
1790099023699,0
1790099023874,1
1790099023874,0
1790099023986,1
1790099023986,0
1790099024375,1
1790099024376,0
1790099024550,1
1790099024550,0
1790099024730,1
1790099024730,0
1790099025096,1
1790099025097,0
1790099025504,1
1790099025504,0
1790099025811,1
1790099025812,0
1790099026120,1
1790099026120,0
1790099026432,1
1790099026432,0
1790099026667,1
1790099026668,0
1790099026971,1
1790099026971,0
1790099027210,1
1790099027211,0
1790099027406,1
1790099027406,0
1790099027802,1
1790099027802,0
1790099028096,1
1790099028096,0
1790099028410,1
1790099028411,0
1790099028523,1
1790099028523,0
1790099028711,1
1790099028711,0
1790099028892,1
1790099028892,0
1790099029045,1
1790099029045,0
1790099029370,1
1790099029370,0
1790099029768,1
1790099029768,0
1790099030161,1
1790099030161,0
1790099030534,1
1790099030534,0
1790099030908,1
1790099030908,0
1790099031099,1
1790099031099,0
1790099031465,1
1790099031465,0
1790099031832,1
1790099031833,0
1790099032130,1
1790099032130,0
1790099032427,1
1790099032427,0
1790099032768,1
1790099032768,0
1790099033136,1
1790099033136,0
1790099033506,1
1790099033506,0
1790099033699,1
1790099033699,0
1790099033878,1
1790099033878,0
1790099033988,1
1790099033988,0
1790099034163,1
1790099034163,0
1790099034342,1
1790099034342,0
1790099034452,1
1790099034452,0
1790099034821,1
1790099034822,0
1790099035009,1
1790099035009,0
1790099035185,1
1790099035186,0
1790099035421,1
1790099035421,0
1790099035596,1
1790099035596,0
1790099035954,1
1790099035954,0
1790099036291,1
1790099036291,0
1790099036633,1
1790099036633,0
1790099036971,1
1790099036972,0
1790099037235,1
1790099037236,0
1790099037346,1
1790099037346,0
1790099037519,1
1790099037519,0
1790099037912,1
1790099037912,0
1790099038295,1
1790099038295,0
1790099038704,1
1790099038705,0
1790099038880,1
1790099038880,0
1790099039161,1
1790099039161,0
1790099039474,1
1790099039475,0
1790099039714,1
1790099039715,0
1790099040014,1
1790099040014,0
1790099040210,1
1790099040210,0
1790099040391,1
1790099040391,0
1790099040782,1
1790099040782,0
1790099041155,1
1790099041156,0
1790099041492,1
1790099041492,0
1790099041865,1
1790099041865,0
1790099042236,1
1790099042236,0
1790099042537,1
1790099042538,0
1790099042837,1
1790099042837,0
1790099043202,1
1790099043202,0
1790099043516,1
1790099043516,0
1790099043883,1
1790099043883,0
1790099044264,1
1790099044265,0
1790099044653,1
1790099044653,0
1790099044963,1
1790099044963,0
1790099045151,1
1790099045151,0
1790099045330,1
1790099045330,0
1790099045437,1
1790099045437,0
1790099045549,1
1790099045549,0
1790099045939,1
1790099045940,0
1790099046346,1
1790099046346,0
1790099046692,1
1790099046693,0
1790099047065,1
1790099047065,0
1790099047254,1
1790099047254,0
1790099047584,1
1790099047584,0
1790099047923,1
1790099047923,0
1790099048271,1
1790099048271,0
1790099048542,1
1790099048542,0
1790099048872,1
1790099048872,0
1790099049155,1
1790099049155,0
1790099049471,1
1790099049471,0
1790099049847,1
1790099049847,0
1790099050218,1
1790099050218,0
1790099050458,1
1790099050458,0
1790099050805,1
1790099050805,0
1790099051146,1
1790099051146,0
1790099051417,1
1790099051417,0
1790099051656,1
1790099051659,0
1790099052057,1
1790099052060,0
1790099052454,1
1790099052455,0
1790099052778,1
1790099052778,0
1790099053182,1
1790099053182,0
1790099053576,1
1790099053576,0
1790099053765,1
1790099053765,0
1790099053943,1
1790099053943,0
1790099054055,1
1790099054055,0
1790099054168,1
1790099054169,0
1790099054462,1
1790099054462,0
1790099054858,1
1790099054859,0
1790099055036,1
1790099055036,0
1790099055376,1
1790099055376,0
1790099055706,1
1790099055706,0
1790099055819,1
1790099055819,0
1790099056224,1
1790099056224,0
1790099056632,1
1790099056633,0
1790099057016,1
1790099057016,0
1790099057131,1
1790099057131,0
1790099057500,1
1790099057501,0
1790099057865,1
1790099057865,0
1790099058195,1
1790099058196,0
1790099058388,1
1790099058389,0
1790099058780,1
1790099058780,0
1790099059192,1
1790099059192,0
1790099059599,1
1790099059599,0
1790099059920,1
1790099059921,0
1790099060322,1
1790099060322,0
1790099060652,1
1790099060652,0
1790099060960,1
1790099060961,0
1790099061354,1
1790099061355,0
1790099061755,1
1790099061755,0
1790099062154,1
1790099062154,0
1790099062521,1
1790099062521,0
1790099062833,1
1790099062833,0
1790099063134,1
1790099063134,0
1790099063435,1
1790099063436,0
1790099063551,1
1790099063551,0
1790099063865,1
1790099063865,0
1790099064159,1
1790099064159,0
1790099064554,1
1790099064554,0
1790099064746,1
1790099064747,0
1790099065041,1
1790099065042,0
1790099065232,1
1790099065232,0
1790099065416,1
1790099065416,0
1790099065529,1
1790099065530,0
1790099065645,1
1790099065645,0
1790099065982,1
1790099065982,0
1790099066171,1
1790099066171,0
1790099066471,1
1790099066471,0
1790099066773,1
1790099066773,0
1790099067067,1
1790099067068,0
1790099067443,1
1790099067445,0
1790099067757,1
1790099067758,0
1790099068066,1
1790099068068,0
1790099068384,1
1790099068386,0
1790099068618,1
1790099068618,0
1790099068979,1
1790099068979,0
1790099069340,1
1790099069341,0
1790099069527,1
1790099069527,0
1790099069867,1
1790099069867,0
1790099070041,1
1790099070041,0
1790099070424,1
1790099070424,0
1790099070816,1
1790099070817,0
1790099071148,1
1790099071148,0
1790099071549,1
1790099071549,0
1790099071788,1
1790099071788,0
1790099072137,1
1790099072137,0
1790099072451,1
1790099072451,0
1790099072795,1
1790099072795,0
1790099073136,1
1790099073136,0
1790099073526,1
1790099073526,0
1790099073880,1
1790099073880,0
1790099074196,1
1790099074196,0
1790099074466,1
1790099074466,0
1790099074772,1
1790099074773,0
1790099075178,1
1790099075179,0
1790099075575,1
1790099075575,0
1790099075916,1
1790099075916,0
1790099076093,1
1790099076093,0
1790099076395,1
1790099076395,0
1790099076794,1
1790099076794,0
1790099077200,1
1790099077200,0
1790099077596,1
1790099077597,0
1790099077924,1
1790099077924,0
1790099078160,1
1790099078160,0
1790099078527,1
1790099078527,0
1790099078712,1
1790099078712,0
1790099079106,1
1790099079106,0
1790099079511,1
1790099079512,0
1790099079783,1
1790099079783,0
1790099079972,1
1790099079972,0
1790099080158,1
1790099080159,0
1790099080333,1
1790099080334,0
1790099080660,1
1790099080661,0
1790099081054,1
1790099081055,0
1790099081452,1
1790099081453,0
1790099081755,1
1790099081755,0
1790099082157,1
1790099082158,0
1790099082560,1
1790099082560,0
1790099082954,1
1790099082954,0
1790099083355,1
1790099083355,0
1790099083755,1
1790099083756,0
1790099084078,1
1790099084078,0
1790099084341,1
1790099084341,0
1790099084660,1
1790099084660,0
1790099084844,1
1790099084844,0
1790099085240,1
1790099085241,0
1790099085633,1
1790099085634,0
1790099085901,1
1790099085901,0
1790099086245,1
1790099086246,0
1790099086593,1
1790099086594,0
1790099086934,1
1790099086935,0
1790099087236,1
1790099087237,0
1790099087551,1
1790099087551,0
1790099087867,1
1790099087868,0
1790099088166,1
1790099088166,0
1790099088489,1
1790099088492,0
1790099088787,1
1790099088790,0
1790099089171,1
1790099089172,0
1790099089541,1
1790099089542,0
1790099089908,1
1790099089908,0
1790099090205,1
1790099090205,0
1790099090476,1
1790099090477,0
1790099090820,1
1790099090821,0
1790099091187,1
1790099091187,0
1790099091528,1
1790099091529,0
1790099091866,1
1790099091866,0
1790099092197,1
1790099092197,0
1790099092569,1
1790099092571,0
1790099092942,1
1790099092942,0
1790099093237,1
1790099093237,0
1790099093585,1
1790099093585,0
1790099093954,1
1790099093954,0
1790099094299,1
1790099094299,0
1790099094408,1
1790099094408,0
1790099094595,1
1790099094596,0
1790099094959,1
1790099094960,0
1790099095267,1
1790099095268,0
1790099095580,1
1790099095580,0
1790099095817,1
1790099095817,0
1790099096135,1
1790099096135,0
1790099096401,1
1790099096401,0
1790099096586,1
1790099096586,0
1790099096888,1
1790099096888,0
1790099097253,1
1790099097253,0
1790099097612,1
1790099097612,0
1790099097881,1
1790099097881,0
1790099098063,1
1790099098063,0
1790099098236,1
1790099098236,0
1790099098343,1
1790099098344,0
1790099098668,1
1790099098668,0
1790099099002,1
1790099099002,0
1790099099329,1
1790099099330,0
1790099099444,1
1790099099445,0
1790099099622,1
1790099099622,0
1790099099982,1
1790099099983,0
1790099100297,1
1790099100297,0
1790099100607,1
1790099100607,0
1790099100844,1
1790099100844,0
1790099101083,1
1790099101083,0
1790099101381,1
1790099101381,0
1790099101753,1
1790099101753,0
1790099102051,1
1790099102051,0
1790099102241,1
1790099102242,0
1790099102419,1
1790099102419,0
1790099102816,1
1790099102816,0
1790099103157,1
1790099103157,0
1790099103496,1
1790099103496,0
1790099103761,1
1790099103762,0
1790099104090,1
1790099104090,0
1790099104459,1
1790099104460,0
1790099104816,1
1790099104816,0
1790099105120,1
1790099105120,0
1790099105302,1
1790099105303,0
1790099105592,1
1790099105592,0
1790099105953,1
1790099105954,0
1790099106319,1
1790099106319,0
1790099106615,1
1790099106616,0
1790099106989,1
1790099106989,0
1790099107314,1
1790099107314,0
1790099107682,1
1790099107683,0
1790099108032,1
1790099108033,0
1790099108218,1
1790099108218,0
1790099108394,1
1790099108395,0
1790099108570,1
1790099108570,0
1790099108904,1
1790099108904,0
1790099109220,1
1790099109220,0
1790099109559,1
1790099109559,0
1790099109674,1
1790099109674,0
1790099109989,1
1790099109989,0
1790099110299,1
1790099110300,0
1790099110640,1
1790099110641,0
1790099110814,1
1790099110814,0
1790099111212,1
1790099111212,0
1790099111590,1
1790099111590,0
1790099111957,1
1790099111958,0
1790099112253,1
1790099112253,0
1790099112549,1
1790099112549,0
1790099112855,1
1790099112855,0
1790099113244,1
1790099113244,0
1790099113640,1
1790099113640,0
1790099113955,1
1790099113956,0
1790099114245,1
1790099114245,0
1790099114546,1
1790099114546,0
1790099114891,1
1790099114891,0
1790099115237,1
1790099115238,0
1790099115580,1
1790099115581,0
1790099115910,1
1790099115910,0
1790099116272,1
1790099116272,0
1790099116646,1
1790099116646,0
1790099116913,1
1790099116913,0
1790099117094,1
1790099117094,0
1790099117431,1
1790099117432,0
1790099117618,1
1790099117618,0
1790099117798,1
1790099117799,0
1790099117978,1
1790099117978,0
1790099118085,1
1790099118085,0
1790099118198,1
1790099118199,0
1790099118537,1
1790099118538,0
1790099118877,1
1790099118877,0
1790099119194,1
1790099119195,0
1790099119542,1
1790099119542,0
1790099119781,1
1790099119781,0
1790099120087,1
1790099120087,0
1790099120383,1
1790099120383,0
1790099120682,1
1790099120683,0
1790099120951,1
1790099120951,0
1790099121331,1
1790099121331,0
1790099121693,1
1790099121693,0
1790099122060,1
1790099122061,0
1790099122466,1
1790099122466,0
1790099122860,1
1790099122860,0
1790099123229,1
1790099123229,0
1790099123596,1
1790099123596,0
1790099123895,1
1790099123895,0
1790099124193,1
1790099124194,0
1790099124561,1
1790099124562,0
1790099124924,1
1790099124925,0
1790099125285,1
1790099125286,0
1790099125701,1
1790099125702,0
1790099126105,1
1790099126106,0
1790099126416,1
1790099126417,0
1790099126723,1
1790099126723,0
1790099127015,1
1790099127016,0
1790099127252,1
1790099127252,0
1790099127366,1
1790099127367,0
1790099127773,1
1790099127774,0
1790099128170,1
1790099128171,0
1790099128568,1
1790099128568,0
1790099128941,1
1790099128941,0
1790099129285,1
1790099129285,0
1790099129470,1
1790099129471,0
1790099129649,1
1790099129649,0
1790099129760,1
1790099129760,0
1790099129874,1
1790099129874,0
1790099130114,1
1790099130114,0
1790099130423,1
1790099130423,0
1790099130775,1
1790099130775,0
1790099131074,1
1790099131074,0
1790099131381,1
1790099131381,0
1790099131731,1
1790099131732,0
1790099131914,1
1790099131914,0
1790099132093,1
1790099132093,0
1790099132271,1
1790099132271,0
1790099132570,1
1790099132571,0
1790099132972,1
1790099132972,0
1790099133375,1
1790099133376,0
1790099133685,1
1790099133686,0
1790099133870,1
1790099133870,0
1790099134031,1
1790099134031,0
1790099134205,1
1790099134205,0
1790099134382,1
1790099134382,0
1790099134494,1
1790099134494,0
1790099134609,1
1790099134609,0
1790099134723,1
1790099134723,0
1790099135119,1
1790099135120,0
1790099135489,1
1790099135490,0
1790099135791,1
1790099135792,0
1790099136095,1
1790099136095,0
1790099136398,1
1790099136399,0
1790099136806,1
1790099136806,0
1790099137196,1
1790099137196,0
1790099137526,1
1790099137527,0
1790099137832,1
1790099137832,0
1790099138138,1
1790099138139,0
1790099138450,1
1790099138451,0
1790099138854,1
1790099138854,0
1790099139142,1
1790099139142,0
1790099139545,1
1790099139545,0
1790099139921,1
1790099139921,0
1790099140288,1
1790099140288,0
1790099140653,1
1790099140653,0
1790099140952,1
1790099140952,0
1790099141246,1
1790099141246,0
1790099141620,1
1790099141620,0
1790099141924,1
1790099141924,0
1790099142228,1
1790099142228,0
1790099142541,1
1790099142541,0
1790099142872,1
1790099142872,0
1790099143187,1
1790099143187,0
1790099143490,1
1790099143490,0
1790099143731,1
1790099143731,0
1790099143921,1
1790099143921,0
1790099144263,1
1790099144264,0
1790099144646,1
1790099144646,0
1790099144919,1
1790099144919,0
1790099145320,1
1790099145320,0
1790099145719,1
1790099145719,0
1790099145900,1
1790099145900,0
1790099146081,1
1790099146081,0
1790099146265,1
1790099146265,0
1790099146376,1
1790099146376,0
1790099146644,1
1790099146644,0
1790099146960,1
1790099146960,0
1790099147334,1
1790099147334,0
1790099147638,1
1790099147638,0
1790099147953,1
1790099147954,0
1790099148254,1
1790099148254,0
1790099148560,1
1790099148560,0
1790099148881,1
1790099148881,0
1790099149119,1
1790099149119,0
1790099149441,1
1790099149441,0
1790099149802,1
1790099149802,0
1790099150171,1
1790099150171,0
1790099150515,1
1790099150516,0
1790099150702,1
1790099150702,0
1790099151067,1
1790099151068,0
1790099151397,1
1790099151397,0
1790099151730,1
1790099151731,0
1790099152060,1
1790099152061,0
1790099152326,1
1790099152326,0
1790099152648,1
1790099152649,0
1790099152989,1
1790099152989,0
1790099153371,1
1790099153371,0
1790099153553,1
1790099153553,0
1790099153731,1
1790099153731,0
1790099153840,1
1790099153841,0
1790099154239,1
1790099154239,0
1790099154634,1
1790099154634,0
1790099155023,1
1790099155023,0
1790099155256,1
1790099155256,0
1790099155578,1
1790099155578,0
1790099155878,1
1790099155878,0
1790099155991,1
1790099155991,0
1790099156350,1
1790099156350,0
1790099156541,1
1790099156541,0
1790099156873,1
1790099156874,0
1790099157224,1
1790099157224,0
1790099157490,1
1790099157490,0
1790099157760,1
1790099157761,0
1790099158159,1
1790099158159,0
1790099158505,1
1790099158505,0
1790099158908,1
1790099158908,0
1790099159194,1
1790099159194,0
1790099159497,1
1790099159497,0
1790099159855,1
1790099159855,0
1790099160248,1
1790099160248,0
1790099160631,1
1790099160631,0
1790099160993,1
1790099160993,0
1790099161234,1
1790099161234,0
1790099161530,1
1790099161531,0
1790099161835,1
1790099161835,0
1790099162209,1
1790099162209,0
1790099162609,1
1790099162609,0
1790099162965,1
1790099162966,0
1790099163355,1
1790099163355,0
1790099163757,1
1790099163758,0
1790099164174,1
1790099164174,0
1790099164500,1
1790099164501,0
1790099164825,1
1790099164825,0
1790099165024,1
1790099165024,0
1790099165431,1
1790099165431,0
1790099165776,1
1790099165776,0
1790099166108,1
1790099166108,0
1790099166407,1
1790099166407,0
1790099166811,1
1790099166811,0
1790099167235,1
1790099167235,0
1790099167567,1
1790099167568,0
1790099167925,1
1790099167925,0
1790099168232,1
1790099168232,0
1790099168539,1
1790099168539,0
1790099168775,1
1790099168775,0
1790099169116,1
1790099169117,0
1790099169487,1
1790099169488,0
1790099169873,1
1790099169873,0
1790099170254,1
1790099170254,0
1790099170551,1
1790099170551,0
1790099170912,1
1790099170912,0
1790099171144,1
1790099171144,0
1790099171512,1
1790099171512,0
1790099171695,1
1790099171695,0
1790099172070,1
1790099172070,0
1790099172452,1
1790099172452,0
1790099172853,1
1790099172854,0
1790099173216,1
1790099173216,0
1790099173585,1
1790099173586,0
1790099173884,1
1790099173884,0
1790099174207,1
1790099174207,0
1790099174390,1
1790099174390,0
1790099174566,1
1790099174566,0
1790099174832,1
1790099174833,0
1790099175163,1
1790099175163,0
1790099175567,1
1790099175568,0
1790099175897,1
1790099175898,0
1790099176214,1
1790099176214,0
1790099176454,1
1790099176454,0
1790099176764,1
1790099176764,0
1790099176878,1
1790099176878,0
1790099177048,1
1790099177049,0
1790099177420,1
1790099177421,0
1790099177790,1
1790099177790,0
1790099178162,1
1790099178163,0
1790099178557,1
1790099178557,0
1790099178920,1
1790099178920,0
1790099179271,1
1790099179271,0
1790099179646,1
1790099179646,0
1790099179942,1
1790099179943,0
1790099180269,1
1790099180270,0
1790099180571,1
1790099180571,0
1790099180766,1
1790099180766,0
1790099181158,1
1790099181158,0
1790099181492,1
1790099181492,0
1790099181825,1
1790099181826,0
1790099182170,1
1790099182170,0
1790099182522,1
1790099182522,0
1790099182791,1
1790099182791,0
1790099183056,1
1790099183056,0
1790099183247,1
1790099183248,0
1790099183635,1
1790099183635,0
1790099183815,1
1790099183815,0
1790099183990,1
1790099183990,0
1790099184102,1
1790099184102,0
1790099184509,1
1790099184509,0
1790099184923,1
1790099184924,0
1790099185302,1
1790099185302,0
1790099185633,1
1790099185633,0
1790099186001,1
1790099186001,0
1790099186360,1
1790099186361,0
1790099186658,1
1790099186658,0
1790099187068,1
1790099187069,0
1790099187420,1
1790099187421,0
1790099187598,1
1790099187598,0
1790099187775,1
1790099187775,0
1790099187886,1
1790099187887,0
1790099188076,1
1790099188076,0
1790099188313,1
1790099188313,0
1790099188655,1
1790099188655,0
1790099189069,1
1790099189070,0
1790099189478,1
1790099189478,0
1790099189865,1
1790099189865,0
1790099190263,1
1790099190263,0
1790099190606,1
1790099190607,0
1790099190949,1
1790099190949,0
1790099191220,1
1790099191220,0
1790099191402,1
1790099191403,0
1790099191806,1
1790099191806,0
1790099192216,1
1790099192217,0
1790099192536,1
1790099192536,0
1790099192855,1
1790099192855,0
1790099193035,1
1790099193035,0
1790099193366,1
1790099193366,0
1790099193699,1
1790099193699,0
1790099193964,1
1790099193964,0
1790099194288,1
1790099194288,0
1790099194396,1
1790099194396,0
1790099194704,1
1790099194704,0
1790099195104,1
1790099195104,0
1790099195400,1
1790099195400,0
1790099195722,1
1790099195723,0
1790099196031,1
1790099196031,0
1790099196338,1
1790099196339,0
1790099196646,1
1790099196646,0
1790099196980,1
1790099196980,0
1790099197217,1
1790099197218,0
1790099197621,1
1790099197621,0
1790099198019,1
1790099198019,0
1790099198344,1
1790099198345,0
1790099198756,1
1790099198757,0
1790099199110,1
1790099199110,0
1790099199514,1
1790099199514,0
1790099199896,1
1790099199896,0
1790099200291,1
1790099200291,0
1790099200615,1
1790099200615,0
1790099200856,1
1790099200857,0
1790099201172,1
1790099201172,0
1790099201526,1
1790099201526,0
1790099201937,1
1790099201937,0
1790099202350,1
1790099202350,0
1790099202615,1
1790099202616,0
1790099202983,1
1790099202984,0
1790099203349,1
1790099203350,0
1790099203721,1
1790099203721,0
1790099203987,1
1790099203987,0
1790099204144,1
1790099204144,0
1790099204331,1
1790099204331,0
1790099204689,1
1790099204689,0
1790099204891,1
1790099204891,0
1790099205286,1
1790099205286,0
1790099205591,1
1790099205591,0
1790099205912,1
1790099205912,0
1790099206151,1
1790099206151,0
1790099206388,1
1790099206388,0
1790099206502,1
1790099206503,0
1790099206792,1
1790099206793,0
1790099206985,1
1790099206985,0
1790099207328,1
1790099207328,0
1790099207652,1
1790099207652,0
1790099207895,1
1790099207896,0
1790099208265,1
1790099208265,0
1790099208629,1
1790099208629,0
1790099208927,1
1790099208927,0
1790099209278,1
1790099209278,0
1790099209644,1
1790099209644,0
1790099209977,1
1790099209977,0
1790099210341,1
1790099210341,0
1790099210732,1
1790099210733,0
1790099211123,1
1790099211123,0
1790099211313,1
1790099211313,0
1790099211485,1
1790099211485,0
1790099211672,1
1790099211672,0
1790099211781,1
1790099211781,0
1790099212109,1
1790099212110,0
1790099212490,1
1790099212491,0
1790099212791,1
1790099212791,0
1790099213185,1
1790099213185,0
1790099213579,1
1790099213579,0
1790099213884,1
1790099213884,0
1790099214218,1
1790099214218,0
1790099214549,1
1790099214549,0
1790099214811,1
1790099214812,0
1790099215217,1
1790099215217,0
1790099215528,1
1790099215528,0
1790099215841,1
1790099215842,0
1790099216170,1
1790099216170,0
1790099216354,1
1790099216354,0
1790099216536,1
1790099216536,0
1790099216827,1
1790099216827,0
1790099217137,1
1790099217138,0
1790099217450,1
1790099217450,0
1790099217690,1
1790099217690,0
1790099217958,1
1790099217958,0
1790099218286,1
1790099218286,0
1790099218633,1
1790099218634,0
1790099218812,1
1790099218812,0
1790099218999,1
1790099218999,0
1790099219270,1
1790099219270,0
1790099219665,1
1790099219665,0
1790099220056,1
1790099220056,0
1790099220381,1
1790099220382,0
1790099220722,1
1790099220722,0
1790099221033,1
1790099221033,0
1790099221322,1
1790099221322,0
1790099221646,1
1790099221646,0
1790099222038,1
1790099222039,0
1790099222456,1
1790099222456,0
1790099222636,1
1790099222636,0
1790099222811,1
1790099222811,0
1790099223002,1
1790099223002,0
1790099223111,1
1790099223111,0
1790099223440,1
1790099223440,0
1790099223618,1
1790099223618,0
1790099223977,1
1790099223977,0
1790099224337,1
1790099224337,0
1790099224701,1
1790099224701,0
1790099224943,1
1790099224944,0
1790099225331,1
1790099225331,0
1790099225729,1
1790099225729,0
1790099226029,1
1790099226029,0
1790099226338,1
1790099226338,0
1790099226716,1
1790099226716,0
1790099227077,1
1790099227077,0
1790099227192,1
1790099227192,0
1790099227388,1
1790099227388,0
1790099227780,1
1790099227780,0
1790099227966,1
1790099227966,0
1790099228159,1
1790099228159,0
1790099228324,1
1790099228324,0
1790099228436,1
1790099228436,0
1790099228676,1
1790099228677,0
1790099229086,1
1790099229086,0
1790099229429,1
1790099229429,0
1790099229743,1
1790099229744,0
1790099230052,1
1790099230052,0
1790099230401,1
1790099230401,0
1790099230579,1
1790099230579,0
1790099230758,1
1790099230758,0
1790099230948,1
1790099230948,0
1790099231276,1
1790099231277,0
1790099231642,1
1790099231642,0
1790099232036,1
1790099232036,0
1790099232423,1
1790099232423,0
1790099232617,1
1790099232618,0
1790099232929,1
1790099232929,0
1790099233325,1
1790099233325,0
1790099233723,1
1790099233723,0
1790099234047,1
1790099234047,0
1790099234369,1
1790099234369,0
1790099234664,1
1790099234664,0
1790099235065,1
1790099235066,0
1790099235377,1
1790099235377,0
1790099235760,1
1790099235760,0
1790099236121,1
1790099236122,0
1790099236473,1
1790099236474,0
1790099236787,1
1790099236787,0
1790099237093,1
1790099237093,0
1790099237332,1
1790099237332,0
1790099237671,1
1790099237671,0
1790099238017,1
1790099238017,0
1790099238378,1
1790099238378,0
1790099238681,1
1790099238683,0
1790099238864,1
1790099238865,0
1790099239029,1
1790099239029,0
1790099239430,1
1790099239430,0
1790099239825,1
1790099239825,0
1790099240238,1
1790099240238,0
1790099240566,1
1790099240567,0
1790099240861,1
1790099240862,0
1790099241175,1
1790099241175,0
1790099241520,1
1790099241520,0
1790099241819,1
1790099241820,0
1790099242130,1
1790099242130,0
1790099242365,1
1790099242365,0
1790099242786,1
1790099242787,0
1790099243213,1
1790099243213,0
1790099243546,1
1790099243546,0
1790099243867,1
1790099243867,0
1790099244180,1
1790099244180,0
1790099244483,1
1790099244483,0
1790099244814,1
1790099244815,0
1790099245010,1
1790099245010,0
1790099245326,1
1790099245327,0
1790099245736,1
1790099245736,0
1790099246138,1
1790099246138,0
1790099246470,1
1790099246471,0
1790099246800,1
1790099246801,0
1790099247099,1
1790099247099,0
1790099247460,1
1790099247460,0
1790099247773,1
1790099247773,0
1790099247958,1
1790099247958,0
1790099248141,1
1790099248141,0
1790099248376,1
1790099248376,0
1790099248775,1
1790099248775,0
1790099249182,1
1790099249183,0
1790099249515,1
1790099249515,0
1790099249683,1
1790099249683,0
1790099250052,1
1790099250052,0
1790099250419,1
1790099250419,0
1790099250620,1
1790099250620,0
1790099250966,1
1790099250966,0
1790099251349,1
1790099251349,0
1790099251702,1
1790099251703,0
1790099252053,1
1790099252053,0
1790099252393,1
1790099252393,0
1790099252664,1
1790099252664,0
1790099252773,1
1790099252773,0
1790099252945,1
1790099252945,0
1790099253248,1
1790099253248,0
1790099253448,1
1790099253448,0
1790099253619,1
1790099253619,0
1790099253991,1
1790099253991,0
1790099254298,1
1790099254298,0
1790099254627,1
1790099254627,0
1790099254986,1
1790099254986,0
1790099255286,1
1790099255286,0
1790099255592,1
1790099255592,0
1790099255911,1
1790099255912,0
1790099256308,1
1790099256309,0
1790099256602,1
1790099256603,0
1790099256906,1
1790099256906,0
1790099257266,1
1790099257266,0
1790099257595,1
1790099257595,0
1790099257863,1
1790099257864,0
1790099258205,1
1790099258205,0
1790099258536,1
1790099258536,0
1790099258720,1
1790099258721,0
1790099259032,1
1790099259033,0
1790099259198,1
1790099259198,0
1790099259376,1
1790099259376,0
1790099259776,1
1790099259777,0
1790099260168,1
1790099260168,0
1790099260572,1
1790099260573,0
1790099260902,1
1790099260902,0
1790099261013,1
1790099261014,0
1790099261195,1
1790099261195,0
1790099261382,1
1790099261382,0
1790099261492,1
1790099261492,0
1790099261686,1
1790099261686,0
1790099261869,1
1790099261869,0
1790099262224,1
1790099262224,0
1790099262599,1
1790099262599,0
1790099262973,1
1790099262974,0
1790099263269,1
1790099263269,0
1790099263506,1
1790099263506,0
1790099263841,1
1790099263841,0
1790099264029,1
1790099264029,0
1790099264205,1
1790099264205,0
1790099264388,1
1790099264388,0
1790099264753,1
1790099264753,0
1790099264946,1
1790099264946,0
1790099265136,1
1790099265136,0
1790099265242,1
1790099265243,0
1790099265570,1
1790099265570,0
1790099266088,1
1790099266088,0
1790099266507,1
1790099266507,0
1790099266898,0
1790099266898,0
1790099267132,1
1790099267132,0
1790099267303,1
1790099267303,0
1790099267652,1
1790099267652,0
1790099268014,1
1790099268014,0
1790099268393,1
1790099268393,0
1790099268691,1
1790099268691,0
1790099268984,1
1790099268984,0
1790099269266,0
1790099269266,0
1790099269583,1
1790099269583,0
1790099269777,1
1790099269777,0
1790099269927,1
1790099269927,0
1790099270222,1
1790099270222,0
1790099270613,1
1790099270613,0
1790099271038,1
1790099271039,0
1790099271362,1
1790099271362,0
1790099271658,1
1790099271658,0
1790099272068,1
1790099272068,0
1790099272459,0
1790099272460,0
1790099272757,1
1790099272757,0
1790099273163,1
1790099273164,0
1790099273569,1
1790099273570,0
1790099273755,1
1790099273755,0
1790099273941,1
1790099273941,0
1790099274091,1
1790099274091,0
1790099274202,1
1790099274202,0
1790099274526,1
1790099274527,0
1790099274726,1
1790099274727,0
1790099275023,1
1790099275024,0
1790099275425,1
1790099275426,0
1790099275826,1
1790099275826,0
1790099276062,1
1790099276063,0
1790099276243,1
1790099276243,0
1790099276418,1
1790099276418,0
1790099276529,1
1790099276530,0
1790099276856,1
1790099276856,0
1790099277171,1
1790099277171,0
1790099277491,1
1790099277492,0
1790099277811,1
1790099277811,0
1790099278167,1
1790099278168,0
1790099278578,1
1790099278579,0
1790099278754,1
1790099278754,0
1790099278921,1
1790099278921,0
1790099279078,1
1790099279079,0
1790099279189,1
1790099279189,0
1790099279483,1
1790099279483,0
1790099279652,1
1790099279652,0
1790099279971,1
1790099279971,0
1790099280320,1
1790099280320,0
1790099280655,1
1790099280656,0
1790099280978,1
1790099280978,0
1790099281287,1
1790099281288,0
1790099281599,1
1790099281599,0
1790099281837,1
1790099281838,0
1790099282229,1
1790099282229,0
1790099282639,1
1790099282639,0
1790099283046,1
1790099283046,0
1790099283309,1
1790099283309,0
1790099283633,1
1790099283634,0
1790099284026,1
1790099284027,0
1790099284323,1
1790099284324,0
1790099284630,1
1790099284631,0
1790099284955,1
1790099284956,0
1790099285191,1
1790099285191,0
1790099285305,1
1790099285305,0
1790099285618,1
1790099285618,0
1790099285995,1
1790099285996,0
1790099286304,1
1790099286304,0
1790099286608,1
1790099286608,0
1790099286897,1
1790099286897,0
1790099287273,1
1790099287274,0
1790099287638,1
1790099287638,0
1790099287938,1
1790099287939,0
1790099288362,1
1790099288362,0
1790099288669,1
1790099288669,0
1790099288990,1
1790099288990,0
1790099289102,1
1790099289102,0
1790099289402,1
1790099289402,0
1790099289725,1
1790099289725,0
1790099290096,1
1790099290096,0
1790099290461,1
1790099290461,0
1790099290839,1
1790099290839,0
1790099291139,1
1790099291139,0
1790099291375,1
1790099291376,0
1790099291728,1
1790099291728,0
1790099292067,1
1790099292068,0
1790099292405,1
1790099292406,0
1790099292760,1
1790099292760,0
1790099292998,1
1790099292998,0
1790099293180,1
1790099293181,0
1790099293350,1
1790099293350,0
1790099293538,1
1790099293538,0
1790099293646,1
1790099293646,0
1790099294003,1
1790099294003,0
1790099294328,1
1790099294328,0
1790099294626,1
1790099294626,0
1790099295016,1
1790099295016,0
1790099295404,1
1790099295404,0
1790099295734,1
1790099295734,0
1790099296065,1
1790099296065,0
1790099296379,1
1790099296379,0
1790099296616,1
1790099296617,0
1790099296944,1
1790099296944,0
1790099297285,1
1790099297285,0
1790099297697,1
1790099297697,0
1790099298063,1
1790099298063,0
1790099298441,1
1790099298441,0
1790099298681,1
1790099298681,0
1790099299012,1
1790099299012,0
1790099299325,1
1790099299326,0
1790099299589,1
1790099299590,0
1790099299916,1
1790099299916,0
1790099300242,1
1790099300243,0
1790099300556,1
1790099300556,0
1790099300883,1
1790099300883,0
1790099301076,1
1790099301076,0
1790099301270,1
1790099301270,0
1790099301607,1
1790099301608,0
1790099301947,1
1790099301947,0
1790099302215,1
1790099302215,0
1790099302558,1
1790099302558,0
1790099302671,1
1790099302672,0
1790099303046,1
1790099303046,0
1790099303444,1
1790099303445,0
1790099303860,1
1790099303860,0
1790099304260,1
1790099304260,0
1790099304497,1
1790099304498,0
1790099304841,1
1790099304841,0
1790099305162,1
1790099305163,0
1790099305506,1
1790099305506,0
1790099305776,1
1790099305777,0
1790099306079,1
1790099306079,0
1790099306394,1
1790099306394,0
1790099306760,1
1790099306760,0
1790099307111,1
1790099307111,0
1790099307451,1
1790099307451,0
1790099307763,1
1790099307763,0
1790099308077,1
1790099308079,0
1790099308382,1
1790099308384,0
1790099308617,1
1790099308619,0
1790099308920,1
1790099308921,0
1790099309090,1
1790099309090,0
1790099309475,1
1790099309476,0
1790099309805,1
1790099309806,0
1790099310166,1
1790099310166,0
1790099310345,1
1790099310345,0
1790099310737,1
1790099310737,0
1790099311144,1
1790099311144,0
1790099311467,1
1790099311467,0
1790099311578,1
1790099311578,0
1790099311933,1
1790099311933,0
1790099312287,1
1790099312288,0
1790099312520,1
1790099312520,0
1790099312701,1
1790099312701,0
1790099313005,1
1790099313006,0
1790099313329,1
1790099313329,0
1790099313646,1
1790099313646,0
1790099313951,1
1790099313951,0
1790099314185,1
1790099314186,0
1790099314477,1
1790099314477,0
1790099314886,1
1790099314888,0
1790099315069,1
1790099315069,0
1790099315409,1
1790099315409,0
1790099315746,1
1790099315747,0
1790099316070,1
1790099316071,0
1790099316371,1
1790099316371,0
1790099316694,1
1790099316694,0
1790099316934,1
1790099316935,0
1790099317172,1
1790099317172,0
1790099317519,1
1790099317520,0
1790099317873,1
1790099317873,0
1790099318185,1
1790099318185,0
1790099318571,1
1790099318572,0
1790099318773,1
1790099318773,0
1790099319112,1
1790099319112,0
1790099319463,1
1790099319463,0
1790099319801,1
1790099319801,0
1790099320074,1
1790099320075,0
1790099320341,1
1790099320341,0
1790099320647,1
1790099320648,0
1790099320955,1
1790099320955,0
1790099321319,1
1790099321319,0
1790099321696,1
1790099321696,0
1790099322041,1
1790099322041,0
1790099322425,1
1790099322425,0
1790099322804,1
1790099322804,0
1790099323175,0
1790099323175,0
1790099323472,1
1790099323472,0
1790099323674,1
1790099323674,0
1790099323851,1
1790099323852,0
1790099324160,1
1790099324161,0
1790099324480,1
1790099324480,0
1790099324845,1
1790099324846,0
1790099325042,1
1790099325042,0
1790099325214,1
1790099325214,0
1790099325325,1
1790099325325,0
1790099325438,1
1790099325438,0
1790099325552,1
1790099325552,0
1790099325947,1
1790099325948,0
1790099326281,1
1790099326282,0
1790099326681,1
1790099326681,0
1790099327077,1
1790099327077,0
1790099327418,1
1790099327419,0
1790099327795,1
1790099327796,0
1790099328181,1
1790099328183,0
1790099328479,1
1790099328479,0
1790099328878,1
1790099328879,0
1790099329254,1
1790099329255,0
1790099329622,1
1790099329622,0
1790099329935,1
1790099329935,0
1790099330247,1
1790099330248,0
1790099330566,1
1790099330566,0
1790099330902,1
1790099330902,0
1790099331247,1
1790099331247,0
1790099331512,1
1790099331513,0
1790099331851,1
1790099331851,0
1790099332144,1
1790099332144,0
1790099332449,1
1790099332449,0
1790099332818,1
1790099332819,0
1790099332999,1
1790099332999,0
1790099333170,1
1790099333170,0
1790099333439,1
1790099333439,0
1790099333759,1
1790099333760,0
1790099334063,1
1790099334064,0
1790099334367,1
1790099334367,0
1790099334664,1
1790099334664,0
1790099335005,1
1790099335006,0
1790099335342,1
1790099335342,0
1790099335670,1
1790099335671,0
1790099335983,1
1790099335983,0
1790099336154,1
1790099336154,0
1790099336545,1
1790099336546,0
1790099336937,1
1790099336937,0
1790099337343,1
1790099337344,0
1790099337667,1
1790099337668,0
1790099337997,1
1790099337997,0
1790099338306,1
1790099338306,0
1790099338493,1
1790099338493,0
1790099338867,1
1790099338867,0
1790099339241,1
1790099339241,0
1790099339350,1
1790099339350,0
1790099339758,1
1790099339758,0
1790099340144,1
1790099340144,0
1790099340556,1
1790099340557,0
1790099340663,1
1790099340663,0
1790099341044,1
1790099341044,0
1790099341413,1
1790099341413,0
1790099341747,1
1790099341747,0
1790099341941,1
1790099341941,0
1790099342309,1
1790099342309,0
1790099342668,1
1790099342669,0
1790099343037,1
1790099343038,0
1790099343336,1
1790099343336,0
1790099343706,1
1790099343706,0
1790099343972,1
1790099343972,0
1790099344281,1
1790099344282,0
1790099344635,1
1790099344635,0
1790099344976,1
1790099344977,0
1790099345332,1
1790099345332,0
1790099345665,1
1790099345665,0
1790099346006,1
1790099346006,0
1790099346355,1
1790099346355,0
1790099346695,1
1790099346695,0
1790099346965,1
1790099346965,0
1790099347340,1
1790099347340,0
1790099347701,1
1790099347702,0
1790099348018,1
1790099348018,0
1790099348403,1
1790099348403,0
1790099348697,1
1790099348698,0
1790099348902,1
1790099348902,0
1790099349077,1
1790099349077,0
1790099349250,1
1790099349250,0
1790099349358,1
1790099349359,0
1790099349624,1
1790099349624,0
1790099349825,1
1790099349825,0
1790099350011,1
1790099350011,0
1790099350401,1
1790099350402,0
1790099350797,1
1790099350797,0
1790099351126,1
1790099351127,0
1790099351544,1
1790099351544,0
1790099351953,1
1790099351953,0
1790099352280,1
1790099352280,0
1790099352395,1
1790099352395,0
1790099352590,1
1790099352591,0
1790099352764,1
1790099352764,0
1790099353002,1
1790099353003,0
1790099353372,1
1790099353372,0
1790099353754,1
1790099353754,0
1790099354141,1
1790099354141,0
1790099354531,1
1790099354531,0
1790099354944,1
1790099354944,0
1790099355267,1
1790099355267,0
1790099355534,1
1790099355534,0
1790099355898,1
1790099355898,0
1790099356283,1
1790099356283,0
1790099356608,1
1790099356608,0
1790099356920,1
1790099356920,0
1790099357291,1
1790099357291,0
1790099357604,1
1790099357604,0
1790099357913,1
1790099357914,0
1790099358156,1
1790099358156,0
1790099358462,1
1790099358462,0
1790099358827,1
1790099358827,0
1790099359194,1
1790099359195,0
1790099359549,1
1790099359550,0
1790099359937,1
1790099359937,0
1790099360239,1
1790099360239,0
1790099360566,1
1790099360566,0
1790099360904,1
1790099360904,0
1790099361245,1
1790099361246,0
1790099361516,1
1790099361516,0
1790099361819,1
1790099361819,0
1790099362213,1
1790099362213,0
1790099362543,1
1790099362543,0
1790099362880,1
1790099362880,0
1790099363230,1
1790099363230,0
1790099363598,1
1790099363598,0
1790099363796,1
1790099363796,0
1790099363974,1
1790099363974,0
1790099364086,1
1790099364086,0
1790099364425,1
1790099364425,0
1790099364733,1
1790099364733,0
1790099365061,1
1790099365061,0
1790099365296,1
1790099365296,0
1790099365661,1
1790099365662,0
1790099365979,1
1790099365979,0
1790099366338,1
1790099366338,0
1790099366712,1
1790099366713,0
1790099367009,1
1790099367009,0
1790099367399,1
1790099367399,0
1790099367729,1
1790099367730,0
1790099367926,1
1790099367926,0
1790099368269,1
1790099368269,0
1790099368669,1
1790099368669,0
1790099369067,1
1790099369067,0
1790099369364,1
1790099369364,0
1790099369775,1
1790099369775,0
1790099370167,1
1790099370167,0
1790099370574,1
1790099370574,0
1790099370872,1
1790099370873,0
1790099371186,1
1790099371186,0
1790099371482,1
1790099371483,0
1790099371792,1
1790099371792,0
1790099372149,1
1790099372149,0
1790099372537,1
1790099372537,0
1790099372915,1
1790099372915,0
1790099373279,1
1790099373280,0
1790099373663,1
1790099373663,0
1790099373961,1
1790099373962,0
1790099374291,1
1790099374291,0
1790099374642,1
1790099374642,0
1790099375051,1
1790099375051,0
1790099375453,1
1790099375453,0
1790099375853,1
1790099375854,0
1790099376263,1
1790099376263,0
1790099376443,1
1790099376443,0
1790099376618,1
1790099376618,0
1790099376728,1
1790099376728,0
1790099376963,1
1790099376964,0
1790099377267,1
1790099377267,0
1790099377581,1
1790099377581,0
1790099377901,1
1790099377901,0
1790099378095,1
1790099378095,0
1790099378412,1
1790099378412,0
1790099378730,1
1790099378730,0
1790099379027,1
1790099379027,0
1790099379312,1
1790099379312,0
1790099379541,1
1790099379542,0
1790099379871,1
1790099379872,0
1790099380276,1
1790099380276,0
1790099380639,1
1790099380639,0
1790099380861,1
1790099380861,0
1790099381028,1
1790099381028,0
1790099381377,1
1790099381377,0
1790099381722,1
1790099381722,0
1790099382065,1
1790099382066,0
1790099382330,1
1790099382330,0
1790099382441,1
1790099382441,0
1790099382791,1
1790099382791,0
1790099383123,1
1790099383124,0
1790099383232,1
1790099383232,0
1790099383594,1
1790099383594,0
1790099383921,1
1790099383922,0
1790099384218,1
1790099384219,0
1790099384540,1
1790099384540,0
1790099384841,1
1790099384841,0
1790099385078,1
1790099385078,0
1790099385348,1
1790099385349,0
1790099385740,1
1790099385740,0
1790099386048,1
1790099386048,0
1790099386430,1
1790099386430,0
1790099386819,1
1790099386819,0
1790099387171,1
1790099387172,0
1790099387490,1
1790099387490,0
1790099387804,1
1790099387805,0
1790099388103,1
1790099388104,0
1790099388216,1
1790099388216,0
1790099388391,1
1790099388391,0
1790099388558,1
1790099388558,0
1790099388861,1
1790099388861,0
1790099389171,1
1790099389171,0
1790099389475,1
1790099389475,0
1790099389859,1
1790099389860,0
1790099390225,1
1790099390225,0
1790099390607,1
1790099390608,0
1790099390900,1
1790099390900,0
1790099391008,1
1790099391009,0
1790099391189,1
1790099391189,0
1790099391515,1
1790099391515,0
1790099391852,1
1790099391852,0
1790099392200,1
1790099392201,0
1790099392611,1
1790099392612,0
1790099392929,1
1790099392929,0
1790099393270,1
1790099393270,0
1790099393534,1
1790099393534,0
1790099393881,1
1790099393882,0
1790099394279,1
1790099394279,0
1790099394677,1
1790099394677,0
1790099394909,1
1790099394909,0
1790099395218,1
1790099395218,0
1790099395557,1
1790099395557,0
1790099395863,1
1790099395864,0
1790099396169,1
1790099396169,0
1790099396406,1
1790099396406,0
1790099396727,1
1790099396727,0
1790099396992,1
1790099396992,0
1790099397355,1
1790099397355,0
1790099397663,1
1790099397663,0
1790099398054,1
1790099398055,0
1790099398464,1
1790099398464,0
1790099398698,1
1790099398698,0
1790099399009,1
1790099399009,0
1790099399299,1
1790099399300,0
1790099399621,1
1790099399621,0
1790099399949,1
1790099399949,0
1790099400363,1
1790099400363,0
1790099400756,1
1790099400756,0
1790099400990,1
1790099400990,0
1790099401335,1
1790099401335,0
1790099401730,1
1790099401731,0
1790099402146,1
1790099402146,0
1790099402556,1
1790099402557,0
1790099402957,1
1790099402958,0
1790099403285,1
1790099403285,0
1790099403643,1
1790099403643,0
1790099403843,1
1790099403843,0
1790099404227,1
1790099404228,0
1790099404631,1
1790099404631,0
1790099405018,1
1790099405018,0
1790099405345,1
1790099405345,0
1790099405535,1
1790099405535,0
1790099405704,1
1790099405704,0
1790099405815,1
1790099405816,0
1790099406054,1
1790099406054,0
1790099406397,1
1790099406397,0
1790099406731,1
1790099406731,0
1790099406838,1
1790099406839,0
1790099407237,1
1790099407237,0
1790099407640,1
1790099407640,0
1790099407942,1
1790099407942,0
1790099408249,1
1790099408249,0
1790099408482,1
1790099408482,0
1790099408720,0
1790099408720,0
1790099409045,1
1790099409046,0
1790099409434,1
1790099409435,0
1790099409767,0
1790099409767,0
1790099410065,1
1790099410065,0
1790099410375,1
1790099410376,0
1790099410665,1
1790099410665,0
1790099411030,1
1790099411030,0
1790099411394,1
1790099411395,0
1790099411690,1
1790099411691,0
1790099411925,1
1790099411925,0
1790099412298,1
1790099412299,0
1790099412667,1
1790099412667,0
1790099412935,1
1790099412935,0
1790099413338,1
1790099413338,0
1790099413705,1
1790099413705,0
1790099413885,1
1790099413885,0
1790099414041,1
1790099414042,0
1790099414152,1
1790099414152,0
1790099414263,1
1790099414263,0
1790099414561,1
1790099414561,0
1790099414923,1
1790099414923,0
1790099415293,1
1790099415293,0
1790099415687,1
1790099415688,0
1790099416087,1
1790099416087,0
1790099416382,1
1790099416382,0
1790099416715,1
1790099416715,0
1790099417054,1
1790099417055,0
1790099417324,1
1790099417324,0
1790099417617,1
1790099417617,0
1790099417798,1
1790099417798,0
1790099417976,1
1790099417976,0
1790099418305,1
1790099418305,0
1790099418482,1
1790099418482,0
1790099418863,1
1790099418863,0
1790099419244,1
1790099419244,0
1790099419624,1
1790099419624,0
1790099419953,1
1790099419953,0
1790099420278,1
1790099420278,0
1790099420598,1
1790099420599,0
1790099420992,1
1790099420992,0
1790099421175,1
1790099421175,0
1790099421536,1
1790099421536,0
1790099421901,1
1790099421901,0
1790099422162,1
1790099422162,0
1790099422497,1
1790099422497,0
1790099422840,1
1790099422840,0
1790099423108,1
1790099423108,0
1790099423376,1
1790099423376,0
1790099423555,1
1790099423555,0
1790099423728,1
1790099423728,0
1790099423995,1
1790099423995,0
1790099424337,1
1790099424337,0
1790099424524,1
1790099424524,0
1790099424699,1
1790099424699,0
1790099424878,1
1790099424878,0
1790099424988,1
1790099424989,0
1790099425101,1
1790099425101,0
1790099425214,1
1790099425215,0
1790099425584,1
1790099425584,0
1790099425919,1
1790099425920,0
1790099426105,1
1790099426105,0
1790099426276,1
1790099426276,0
1790099426511,1
1790099426511,0
1790099426904,1
1790099426904,0
1790099427306,1
1790099427306,0
1790099427632,1
1790099427632,0
1790099427871,1
1790099427871,0
1790099428180,1
1790099428180,0
1790099428487,1
1790099428487,0
1790099428720,1
1790099428720,0
1790099429080,1
1790099429080,0
1790099429378,1
1790099429378,0
1790099429675,1
1790099429675,0
1790099429977,1
1790099429977,0
1790099430213,1
1790099430213,0
1790099430442,1
1790099430442,0
1790099430556,1
1790099430556,0
1790099430948,1
1790099430948,0
1790099431324,1
1790099431324,0
1790099431659,1
1790099431659,0
1790099431996,1
1790099431996,0
1790099432231,1
1790099432231,0
1790099432596,1
1790099432596,0
1790099432964,1
1790099432964,0
1790099433261,1
1790099433261,0
1790099433560,1
1790099433560,0
1790099433929,1
1790099433929,0
1790099434268,1
1790099434269,0
1790099434535,1
1790099434536,0
1790099434708,1
1790099434708,0
1790099435000,1
1790099435000,0
1790099435178,1
1790099435178,0
1790099435348,1
1790099435348,0
1790099435460,1
1790099435460,0
1790099435570,1
1790099435570,0
1790099435807,1
1790099435807,0
1790099436142,1
1790099436142,0
1790099436325,1
1790099436325,0
1790099436653,1
1790099436653,0
1790099436996,1
1790099436996,0
1790099437233,1
1790099437233,0
1790099437601,1
1790099437601,0
1790099437963,1
1790099437963,0
1790099438255,1
1790099438255,0
1790099438510,1
1790099438510,0
1790099438888,1
1790099438888,0
1790099439275,1
1790099439276,0
1790099439604,1
1790099439604,0
1790099439788,1
1790099439788,0
1790099440146,1
1790099440146,0
1790099440332,1
1790099440332,0
1790099440502,1
1790099440502,0
1790099440609,1
1790099440609,0
1790099440717,1
1790099440719,0
1790099441009,1
1790099441010,0
1790099441336,1
1790099441336,0
1790099441499,1
1790099441499,0
1790099441882,1
1790099441882,0
1790099442274,1
1790099442274,0
1790099442507,1
1790099442507,0
1790099442877,1
1790099442877,0
1790099443278,1
1790099443278,0
1790099443604,1
1790099443604,0
1790099443714,1
1790099443715,0
1790099444107,1
1790099444107,0
1790099444499,1
1790099444499,0
1790099444794,1
1790099444794,0
1790099445081,1
1790099445081,0
1790099445446,1
1790099445446,0
1790099445625,1
1790099445625,0
1790099445798,1
1790099445798,0
1790099445906,1
1790099445906,0
1790099446017,1
1790099446017,0
1790099446341,1
1790099446341,0
1790099446627,1
1790099446627,0
1790099446927,1
1790099446927,0
1790099447112,1
1790099447112,0
1790099447282,1
1790099447282,0
1790099447517,1
1790099447517,0
1790099447823,1
1790099447823,0
1790099448123,1
1790099448123,0
1790099448359,1
1790099448359,0
1790099448683,1
1790099448683,0
1790099448872,1
1790099448873,0
1790099449029,1
1790099449029,0
1790099449139,1
1790099449139,0
1790099449481,1
1790099449481,0
1790099449874,0
1790099449874,0
1790099450039,1
1790099450039,0
1790099450214,1
1790099450214,0
1790099450321,1
1790099450321,0
1790099450428,1
1790099450429,0
1790099450727,1
1790099450727,0
1790099451031,1
1790099451031,0
1790099451358,1
1790099451358,0
1790099451664,1
1790099451664,0
1790099451967,1
1790099451967,0
1790099452235,1
1790099452235,0
1790099452420,1
1790099452420,0
1790099452591,1
1790099452591,0
1790099452702,1
1790099452702,0
1790099452939,1
1790099452939,0
1790099453270,1
1790099453270,0
1790099453597,1
1790099453597,0
1790099453923,1
1790099453923,0
1790099454082,1
1790099454082,0
1790099454464,1
1790099454464,0
1790099454777,1
1790099454778,0
1790099455069,1
1790099455069,0
1790099455303,1
1790099455303,0
1790099455533,1
1790099455534,0
1790099455851,1
1790099455852,0
1790099456226,1
1790099456226,0
1790099456610,1
1790099456610,0
1790099456943,1
1790099456944,0
1790099457282,1
1790099457282,0
1790099457543,1
1790099457544,0
1790099457860,1
1790099457860,0
1790099458186,1
1790099458186,0
1790099458453,1
1790099458453,0
1790099458562,1
1790099458562,0
1790099458905,1
1790099458905,0
1790099459212,1
1790099459212,0
1790099459443,1
1790099459443,0
1790099459777,1
1790099459778,0
1790099460131,1
1790099460131,0
1790099460314,1
1790099460314,0
1790099460487,1
1790099460487,0
1790099460594,1
1790099460594,0
1790099460700,1
1790099460700,0
1790099460940,1
1790099460940,0
1790099461250,1
1790099461250,0
1790099461584,1
1790099461584,0
1790099461768,1
1790099461768,0
1790099461937,1
1790099461937,0
1790099462256,1
1790099462256,0
1790099462654,1
1790099462655,0
1790099463055,1
1790099463055,0
1790099463377,1
1790099463377,0
1790099463709,1
1790099463709,0
1790099463891,1
1790099463891,0
1790099464052,1
1790099464052,0
1790099464160,1
1790099464160,0
1790099464462,1
1790099464462,0
1790099464644,1
1790099464644,0
1790099464972,1
1790099464972,0
1790099465291,1
1790099465291,0
1790099465559,1
1790099465559,0
1790099465822,1
1790099465823,0
1790099466088,1
1790099466089,0
1790099466425,1
1790099466425,0
1790099466788,1
1790099466788,0
1790099467160,1
1790099467160,0
1790099467545,1
1790099467546,0
1790099467784,1
1790099467785,0
1790099468119,1
1790099468119,0
1790099468457,1
1790099468457,0
1790099468722,1
1790099468722,0
1790099469019,1
1790099469019,0
1790099469372,1
1790099469373,0
1790099469741,1
1790099469741,0
1790099470071,0
1790099470072,0
1790099470406,0
1790099470407,0
1790099470719,0
1790099470721,0
1790099471022,0
1790099471024,0
1790099471335,1
1790099471335,0
1790099471568,1
1790099471568,0
1790099471800,1
1790099471800,0
1790099472064,1
1790099472065,0
1790099472456,1
1790099472456,0
1790099472802,1
1790099472802,0
1790099473141,1
1790099473141,0
1790099473471,1
1790099473471,0
1790099473800,1
1790099473800,0
1790099473985,1
1790099473985,0
1790099474137,1
1790099474137,0
1790099474248,1
1790099474248,0
1790099474508,1
1790099474508,0
1790099474910,1
1790099474911,0
1790099475307,1
1790099475307,0
1790099475421,1
1790099475421,0
1790099475606,1
1790099475606,0
1790099475929,1
1790099475929,0
1790099476274,1
1790099476274,0
1790099476611,1
1790099476611,0
1790099476875,1
1790099476875,0
1790099477140,1
1790099477141,0
1790099477461,1
1790099477461,0
1790099477760,1
1790099477760,0
1790099478172,1
1790099478172,0
1790099478514,1
1790099478514,0
1790099478852,1
1790099478852,0
1790099479120,1
1790099479120,0
1790099479428,1
1790099479428,0
1790099479777,1
1790099479778,0
1790099480018,1
1790099480018,0
1790099480311,1
1790099480312,0
1790099480506,1
1790099480506,0
1790099480676,1
1790099480676,0
1790099480940,1
1790099480940,0
1790099481307,1
1790099481307,0
1790099481686,0
1790099481687,0
1790099482057,0
1790099482057,0
1790099482420,1
1790099482420,0
1790099482723,1
1790099482724,0
1790099483023,1
1790099483023,0
1790099483292,1
1790099483293,0
1790099483668,1
1790099483668,0
1790099484003,1
1790099484003,0
1790099484323,1
1790099484323,0
1790099484662,1
1790099484662,0
1790099484958,1
1790099484958,0
1790099485351,1
1790099485351,0
1790099485751,1
1790099485752,0
1790099486076,1
1790099486076,0
1790099486400,1
1790099486400,0
1790099486712,1
1790099486712,0
1790099487022,1
1790099487022,0
1790099487311,1
1790099487311,0
1790099487678,1
1790099487678,0
1790099488052,1
1790099488053,0
1790099488237,1
1790099488237,0
1790099488407,1
1790099488407,0
1790099488518,1
1790099488518,0
1790099488632,1
1790099488632,0
1790099488865,1
1790099488865,0
1790099489177,1
1790099489178,0
1790099489568,1
1790099489569,0
1790099489878,1
1790099489878,0
1790099490180,1
1790099490180,0
1790099490418,1
1790099490421,0
1790099490809,1
1790099490810,0
1790099491190,1
1790099491190,0
1790099491508,1
1790099491509,0
1790099491622,1
1790099491623,0
1790099491921,1
1790099491922,0
1790099492218,1
1790099492218,0
1790099492542,1
1790099492542,0
1790099492724,1
1790099492724,0
1790099493018,1
1790099493019,0
1790099493414,1
1790099493414,0
1790099493814,1
1790099493814,0
1790099494139,1
1790099494139,0
1790099494461,1
1790099494461,0
1790099494759,1
1790099494759,0
1790099495120,1
1790099495120,0
1790099495426,1
1790099495426,0
1790099495609,1
1790099495609,0
1790099495780,1
1790099495781,0
1790099496015,1
1790099496015,0
1790099496320,1
1790099496320,0
1790099496628,1
1790099496628,0
1790099496868,1
1790099496868,0
1790099497194,1
1790099497194,0
1790099497501,1
1790099497501,0
1790099497805,1
1790099497805,0
1790099498094,1
1790099498094,0
1790099498493,1
1790099498493,0
1790099498821,1
1790099498821,0
1790099499121,1
1790099499121,0
1790099499404,1
1790099499405,0
1790099499637,1
1790099499638,0
1790099499875,1
1790099499875,0
1790099500141,1
1790099500141,0
1790099500444,1
1790099500444,0
1790099500786,1
1790099500786,0
1790099501183,1
1790099501183,0
1790099501580,1
1790099501581,0
1790099501846,1
1790099501846,0
1790099502147,1
1790099502147,0
1790099502462,1
1790099502462,0
1790099502700,1
1790099502701,0
1790099503025,1
1790099503025,0
1790099503359,1
1790099503360,0
1790099503691,1
1790099503691,0
1790099503802,1
1790099503802,0
1790099504136,1
1790099504136,0
1790099504501,1
1790099504501,0
1790099504808,1
1790099504808,0
1790099505115,1
1790099505115,0
1790099505352,1
1790099505352,0
1790099505584,1
1790099505585,0
1790099505698,1
1790099505698,0
1790099505996,1
1790099505996,0
1790099506171,1
1790099506171,0
1790099506480,1
1790099506480,0
1790099506782,1
1790099506782,0
1790099507051,1
1790099507051,0
1790099507383,1
1790099507383,0
1790099507725,1
1790099507725,0
1790099507991,1
1790099507991,0
1790099508293,1
1790099508294,0
1790099508660,1
1790099508660,0
1790099509033,1
1790099509033,0
1790099509145,1
1790099509145,0
1790099509483,1
1790099509483,0
1790099509820,1
1790099509820,0
1790099510211,1
1790099510211,0
1790099510607,1
1790099510607,0
1790099510933,1
1790099510933,0
1790099511259,1
1790099511259,0
1790099511521,1
1790099511521,0
1790099511923,1
1790099511923,0
1790099512286,1
1790099512286,0
1790099512654,1
1790099512655,0
1790099513012,1
1790099513013,0
1790099513337,1
1790099513337,0
1790099513673,1
1790099513673,0
1790099514009,1
1790099514009,0
1790099514273,1
1790099514273,0
1790099514505,1
1790099514505,0
1790099514880,1
1790099514880,0
1790099515243,1
1790099515243,0
1790099515541,1
1790099515542,0
1790099515892,1
1790099515892,0
1790099516215,1
1790099516215,0
1790099516574,1
1790099516574,0
1790099516951,1
1790099516951,0
1790099517250,1
1790099517250,0
1790099517545,1
1790099517545,0
1790099517837,1
1790099517837,0
1790099518229,1
1790099518230,0
1790099518414,1
1790099518415,0
1790099518584,1
1790099518584,0
1790099518755,1
1790099518755,0
1790099519022,1
1790099519022,0
1790099519314,1
1790099519314,0
1790099519621,1
1790099519621,0
1790099519853,1
1790099519853,0
1790099520170,1
1790099520170,0
1790099520500,1
1790099520500,0
1790099520841,1
1790099520841,0
1790099520953,1
1790099520954,0
1790099521135,1
1790099521135,0
1790099521487,1
1790099521487,0
1790099521803,1
1790099521803,0
1790099522110,1
1790099522111,0
1790099522347,1
1790099522348,0
1790099522580,1
1790099522580,0
1790099522906,1
1790099522906,0
1790099523259,1
1790099523259,0
1790099523561,0
1790099523561,0
1790099523731,1
1790099523731,0
1790099523910,1
1790099523910,0
1790099524201,1
1790099524202,0
1790099524494,1
1790099524495,0
1790099524806,0
1790099524806,0
1790099525037,1
1790099525037,0
1790099525355,1
1790099525355,0
1790099525694,1
1790099525694,0
1790099526017,1
1790099526018,0
1790099526252,1
1790099526252,0
1790099526540,1
1790099526540,0
1790099526885,1
1790099526885,0
1790099527280,1
1790099527280,0
1790099527672,1
1790099527673,0
1790099527999,1
1790099527999,0
1790099528328,1
1790099528328,0
1790099528627,1
1790099528627,0
1790099529021,1
1790099529021,0
1790099529361,1
1790099529361,0
1790099529721,1
1790099529722,0
1790099530085,1
1790099530086,0
1790099530378,1
1790099530378,0
1790099530774,1
1790099530774,0
1790099531171,1
1790099531171,0
1790099531497,1
1790099531497,0
1790099531766,1
1790099531766,0
1790099532094,1
1790099532094,0
1790099532429,1
1790099532429,0
1790099532694,1
1790099532695,0
1790099532867,1
1790099532867,0
1790099533046,1
1790099533046,0
1790099533432,1
1790099533432,0
1790099533822,1
1790099533823,0
1790099534150,1
1790099534150,0
1790099534474,1
1790099534474,0
1790099534798,1
1790099534799,0
1790099535198,1
1790099535198,0
1790099535532,1
1790099535532,0
1790099535903,1
1790099535903,0
1790099536274,1
1790099536274,0
1790099536384,1
1790099536385,0
1790099536752,1
1790099536752,0
1790099537124,1
1790099537124,0
1790099537423,1
1790099537424,0
1790099537751,1
1790099537751,0
1790099537923,1
1790099537924,0
1790099538101,1
1790099538101,0
1790099538428,1
1790099538428,0
1790099538769,1
1790099538769,0
1790099538943,1
1790099538943,0
1790099539281,1
1790099539281,0
1790099539654,1
1790099539654,0
1790099539951,1
1790099539952,0
1790099540247,1
1790099540247,0
1790099540360,1
1790099540361,0
1790099540660,1
1790099540661,0
1790099541034,1
1790099541035,0
1790099541429,1
1790099541429,0
1790099541816,1
1790099541817,0
1790099541930,1
1790099541930,0
1790099542329,1
1790099542330,0
1790099542720,1
1790099542720,0
1790099543041,1
1790099543042,0
1790099543151,1
1790099543152,0
1790099543517,1
1790099543518,0
1790099543874,1
1790099543874,0
1790099544197,1
1790099544198,0
1790099544603,1
1790099544604,0
1790099544938,1
1790099544939,0
1790099545120,1
1790099545120,0
1790099545296,1
1790099545296,0
1790099545401,1
1790099545401,0
1790099545513,1
1790099545513,0
1790099545808,1
1790099545808,0
1790099545992,1
1790099545992,0
1790099546295,1
1790099546296,0
1790099546602,1
1790099546603,0
1790099546906,1
1790099546906,0
1790099547141,1
1790099547141,0
1790099547536,1
1790099547536,0
1790099547935,1
1790099547936,0
1790099548264,1
1790099548265,0
1790099548378,1
1790099548379,0
1790099548748,1
1790099548748,0
1790099549107,1
1790099549107,0
1790099549218,1
1790099549218,0
1790099549552,1
1790099549552,0
1790099549861,1
1790099549861,0
1790099550254,1
1790099550254,0
1790099550646,1
1790099550647,0
1790099550974,1
1790099550975,0
1790099551304,1
1790099551304,0
1790099551598,1
1790099551598,0
1790099551773,1
1790099551773,0
1790099552099,1
1790099552100,0
1790099552269,1
1790099552269,0
1790099552449,1
1790099552449,0
1790099552777,1
1790099552777,0
1790099553133,1
1790099553133,0
1790099553506,1
1790099553506,0
1790099553803,1
1790099553803,0
1790099554067,1
1790099554067,0
1790099554363,1
1790099554363,0
1790099554675,1
1790099554675,0
1790099554973,1
1790099554973,0
1790099555266,1
1790099555266,0
1790099555676,1
1790099555676,0
1790099556077,1
1790099556078,0
1790099556481,1
1790099556481,0
1790099556810,1
1790099556810,0
1790099557141,1
1790099557141,0
1790099557255,1
1790099557256,0
1790099557624,1
1790099557624,0
1790099558013,1
1790099558013,0
1790099558374,1
1790099558375,0
1790099558739,1
1790099558739,0
1790099559058,1
1790099559058,0
1790099559444,1
1790099559444,0
1790099559829,1
1790099559830,0
1790099560154,1
1790099560154,0
1790099560420,1
1790099560420,0
1790099560760,1
1790099560761,0
1790099561108,1
1790099561108,0
1790099561345,1
1790099561345,0
1790099561639,1
1790099561640,0
1790099562047,1
1790099562047,0
1790099562409,1
1790099562409,0
1790099562778,1
1790099562779,0
1790099563078,1
1790099563078,0
1790099563374,1
1790099563375,0
1790099563608,1
1790099563608,0
1790099564001,1
1790099564001,0
1790099564286,1
1790099564286,0
1790099564595,1
1790099564596,0
1790099564897,1
1790099564897,0
1790099565166,1
1790099565167,0
1790099565471,1
1790099565471,0
1790099565766,1
1790099565766,0
1790099565999,1
1790099565999,0
1790099566294,1
1790099566295,0
1790099566628,1
1790099566629,0
1790099566962,1
1790099566962,0
1790099567258,1
1790099567258,0
1790099567627,1
1790099567627,0
1790099567972,1
1790099567973,0
1790099568363,1
1790099568363,0
1790099568767,1
1790099568767,0
1790099569090,1
1790099569090,0
1790099569418,1
1790099569421,0
1790099569534,1
1790099569536,0
1790099569718,1
1790099569719,0
1790099570047,1
1790099570047,0
1790099570223,1
1790099570223,0
1790099570398,1
1790099570398,0
1790099570635,1
1790099570635,0
1790099571010,1
1790099571010,0
1790099571405,1
1790099571405,0
1790099571732,1
1790099571732,0
1790099572052,1
1790099572052,0
1790099572444,1
1790099572444,0
1790099572841,1
1790099572841,0
1790099573105,1
1790099573106,0
1790099573495,1
1790099573495,0
1790099573672,1
1790099573672,0
1790099574036,1
1790099574036,0
1790099574385,1
1790099574385,0
1790099574680,1
1790099574680,0
1790099574978,1
1790099574978,0
1790099575302,1
1790099575302,0
1790099575700,1
1790099575700,0
1790099575874,1
1790099575874,0
1790099576170,1
1790099576170,0
1790099576471,1
1790099576472,0
1790099576584,1
1790099576584,0
1790099576976,1
1790099576976,0
1790099577379,1
1790099577379,0
1790099577709,1
1790099577709,0
1790099578033,1
1790099578034,0
1790099578339,1
1790099578339,0
1790099578646,1
1790099578646,0
1790099578971,1
1790099578971,0
1790099579283,1
1790099579284,0
1790099579471,1
1790099579471,0
1790099579769,1
1790099579769,0
1790099580072,1
1790099580072,0
1790099580306,1
1790099580306,0
1790099580544,1
1790099580544,0
1790099580654,1
1790099580654,0
1790099581060,1
1790099581060,0
1790099581369,1
1790099581369,0
1790099581749,1
1790099581749,0
1790099582100,1
1790099582101,0
1790099582340,1
1790099582340,0
1790099582671,1
1790099582671,0
1790099583006,1
1790099583006,0
1790099583273,1
1790099583273,0
1790099583562,1
1790099583563,0
1790099583918,1
1790099583918,0
1790099584269,1
1790099584269,0
1790099584383,1
1790099584383,0
1790099584778,1
1790099584778,0
1790099585116,1
1790099585117,0
1790099585291,1
1790099585291,0
1790099585469,1
1790099585469,0
1790099585581,1
1790099585581,0
1790099585690,1
1790099585690,0
1790099586008,1
1790099586008,0
1790099586364,1
1790099586365,0
1790099586676,1
1790099586676,0
1790099587019,1
1790099587019,0
1790099587346,1
1790099587346,0
1790099587615,1
1790099587615,0
1790099587800,1
1790099587800,0
1790099587977,1
1790099587977,0
1790099588084,1
1790099588085,0
1790099588412,1
1790099588412,0
1790099588811,1
1790099588811,0
1790099589195,1
1790099589196,0
1790099589310,1
1790099589310,0
1790099589684,1
1790099589684,0
1790099590039,1
1790099590040,0
1790099590369,1
1790099590370,0
1790099590713,1
1790099590713,0
1790099590983,1
1790099590983,0
1790099591249,1
1790099591249,0
1790099591579,1
1790099591579,0
1790099591908,1
1790099591908,0
1790099592269,1
1790099592269,0
1790099592658,1
1790099592659,0
1790099593055,1
1790099593056,0
1790099593357,1
1790099593357,0
1790099593681,1
1790099593681,0
1790099594026,1
1790099594026,0
1790099594291,1
1790099594291,0
1790099594590,1
1790099594590,0
1790099594965,1
1790099594965,0
1790099595338,1
1790099595338,0
1790099595667,1
1790099595667,0
1790099596053,1
1790099596054,0
1790099596451,1
1790099596451,0
1790099596847,1
1790099596847,0
1790099597233,1
1790099597233,0
1790099597561,1
1790099597561,0
1790099597890,1
1790099597891,0
1790099598216,1
1790099598217,0
1790099598516,1
1790099598516,0
1790099598891,1
1790099598891,0
1790099599283,1
1790099599283,0
1790099599673,1
1790099599673,0
1790099599787,1
1790099599787,0
1790099600149,1
1790099600149,0
1790099600519,1
1790099600519,0
1790099600819,1
1790099600819,0
1790099600932,1
1790099600932,0
1790099601241,1
1790099601241,0
1790099601539,1
1790099601539,0
1790099601654,1
1790099601654,0
1790099601982,1
1790099601983,0
1790099602349,1
1790099602350,0
1790099602688,1
1790099602688,0
1790099603014,1
1790099603014,0
1790099603283,1
1790099603283,0
1790099603551,1
1790099603552,0
1790099603849,1
1790099603849,0
1790099604028,1
1790099604028,0
1790099604372,1
1790099604372,0
1790099604672,1
1790099604673,0
1790099604972,1
1790099604972,0
1790099605237,1
1790099605237,0
1790099605627,1
1790099605628,0
1790099606031,1
1790099606031,0
1790099606358,1
1790099606358,0
1790099606623,1
1790099606623,0
1790099606944,1
1790099606945,0
1790099607290,1
1790099607290,0
1790099607559,1
1790099607560,0
1790099607958,1
1790099607958,0
1790099608318,1
1790099608319,0
1790099608629,1
1790099608629,0
1790099608940,1
1790099608940,0
1790099609178,1
1790099609178,0
1790099609418,1
1790099609418,0
1790099609654,1
1790099609655,0
1790099609985,1
1790099609986,0
1790099610304,1
1790099610304,0
1790099610641,1
1790099610641,0
1790099610977,1
1790099610978,0
1790099611305,1
1790099611305,0
1790099611492,1
1790099611492,0
1790099611656,1
1790099611656,0
1790099611766,1
1790099611766,0
1790099612035,1
1790099612035,0
1790099612394,1
1790099612394,0
1790099612747,1
1790099612747,0
1790099613046,1
1790099613047,0
1790099613380,1
1790099613380,0
1790099613560,1
1790099613560,0
1790099613949,1
1790099613949,0
1790099614323,1
1790099614323,0
1790099614650,1
1790099614650,0
1790099614974,1
1790099614974,0
1790099615209,1
1790099615209,0
1790099615377,1
1790099615377,0
1790099615696,1
1790099615696,0
1790099616038,1
1790099616038,0
1790099616371,1
1790099616371,0
1790099616481,1
1790099616482,0
1790099616874,1
1790099616875,0
1790099617275,1
1790099617276,0
1790099617600,1
1790099617600,0
1790099617896,1
1790099617896,0
1790099618076,1
1790099618077,0
1790099618249,1
1790099618249,0
1790099618487,1
1790099618487,0
1790099618826,1
1790099618826,0
1790099619222,1
1790099619222,0
1790099619629,1
1790099619629,0
1790099620013,1
1790099620013,0
1790099620342,1
1790099620342,0
1790099620667,1
1790099620667,0
1790099620906,1
1790099620906,0
1790099621273,1
1790099621273,0
1790099621609,1
1790099621609,0
1790099621967,1
1790099621968,0
1790099622347,1
1790099622347,0
1790099622646,1
1790099622646,0
1790099622820,1
1790099622820,0
1790099622992,1
1790099622992,0
1790099623100,1
1790099623100,0
1790099623395,1
1790099623395,0
1790099623790,1
1790099623791,0
1790099624186,1
1790099624186,0
1790099624454,1
1790099624454,0
1790099624817,1
1790099624818,0
1790099625121,1
1790099625122,0
1790099625426,1
1790099625426,0
1790099625741,1
1790099625742,0
1790099625981,1
1790099625981,0
1790099626220,1
1790099626220,0
1790099626488,1
1790099626489,0
1790099626819,1
1790099626819,0
1790099626995,1
1790099626996,0
1790099627174,1
1790099627174,0
1790099627346,1
1790099627346,0
1790099627675,1
1790099627676,0
1790099628017,1
1790099628017,0
1790099628349,1
1790099628349,0
1790099628606,1
1790099628606,0
1790099628720,1
1790099628720,0
1790099629019,1
1790099629019,0
1790099629307,1
1790099629308,0
1790099629544,1
1790099629544,0
1790099629945,1
1790099629945,0
1790099630118,1
1790099630118,0
1790099630411,1
1790099630411,0
1790099630730,1
1790099630730,0
1790099630970,1
1790099630970,0
1790099631209,1
1790099631209,0
1790099631472,1
1790099631472,0
1790099631649,1
1790099631649,0
1790099631943,1
1790099631943,0
1790099632317,1
1790099632318,0
1790099632682,1
1790099632682,0
1790099633010,1
1790099633010,0
1790099633408,1
1790099633408,0
1790099633789,1
1790099633789,0
1790099634112,1
1790099634112,0
1790099634224,1
1790099634224,0
1790099634595,1
1790099634595,0
1790099634964,1
1790099634964,0
