1790097699101,1
1790097699109,0
1790097699527,0
1790097699528,0
1790097699814,1
1790097699815,0
1790097700255,1
1790097700256,0
1790097700700,1
1790097700701,0
1790097701001,1
1790097701002,0
1790097701262,1
1790097701263,0
1790097701517,1
1790097701517,0
1790097701668,1
1790097701669,0
1790097701978,1
1790097701979,0
1790097702381,1
1790097702381,0
1790097702759,1
1790097702759,0
1790097703123,1
1790097703124,0
1790097703484,0
1790097703485,0
1790097703902,1
1790097703902,0
1790097704286,1
1790097704286,0
1790097704663,1
1790097704664,0
1790097704975,1
1790097704975,0
1790097705282,1
1790097705283,0
1790097705596,1
1790097705599,0
1790097705976,1
1790097705976,0
1790097706135,1
1790097706135,0
1790097706583,1
1790097706584,0
1790097706944,1
1790097706944,0
1790097707254,1
1790097707254,0
1790097707683,1
1790097707683,0
1790097708110,1
1790097708110,0
1790097708484,1
1790097708484,0
1790097708816,1
1790097708817,0
1790097709165,1
1790097709166,0
1790097709506,1
1790097709506,0
1790097709851,1
1790097709851,0
1790097710224,1
1790097710224,0
1790097710568,1
1790097710569,0
1790097711007,1
1790097711007,0
1790097711386,1
1790097711387,0
1790097711757,1
1790097711758,0
1790097712126,1
1790097712127,0
1790097712497,1
1790097712498,0
1790097712847,1
1790097712848,0
1790097713247,1
1790097713247,0
1790097713553,1
1790097713553,0
1790097713923,1
1790097713923,0
1790097714273,1
1790097714273,0
1790097714689,1
1790097714689,0
1790097715029,1
1790097715030,0
1790097715375,1
1790097715375,0
1790097715523,1
1790097715524,0
1790097715804,1
1790097715805,0
1790097716162,1
1790097716163,0
1790097716471,1
1790097716471,0
1790097716761,1
1790097716762,0
1790097717106,1
1790097717107,0
1790097717384,1
1790097717384,0
1790097717663,1
1790097717664,0
1790097717939,1
1790097717940,0
1790097718219,1
1790097718220,0
1790097718371,1
1790097718372,0
1790097718523,1
1790097718524,0
1790097718887,1
1790097718888,0
1790097719268,1
1790097719271,0
1790097719571,1
1790097719571,0
1790097719724,1
1790097719724,0
1790097720012,1
1790097720015,0
1790097720290,1
1790097720292,0
1790097720564,1
1790097720565,0
1790097720932,1
1790097720933,0
1790097721237,1
1790097721238,0
1790097721622,1
1790097721623,0
1790097721931,1
1790097721931,0
1790097722154,1
1790097722154,0
1790097722555,1
1790097722555,0
1790097722772,1
1790097722772,0
1790097722917,1
1790097722918,0
1790097723072,1
1790097723072,0
1790097723226,1
1790097723227,0
1790097723565,1
1790097723565,0
1790097723895,1
1790097723896,0
1790097724052,1
1790097724053,0
1790097724277,1
1790097724277,0
1790097724482,1
1790097724482,0
1790097724791,1
1790097724792,0
1790097724945,1
1790097724946,0
1790097725163,1
1790097725163,0
1790097725317,1
1790097725318,0
1790097725635,1
1790097725635,0
1790097725922,1
1790097725923,0
1790097726198,1
1790097726198,0
1790097726474,1
1790097726475,0
1790097726806,1
1790097726806,0
1790097726950,1
1790097726950,0
1790097727391,1
1790097727391,0
1790097727829,1
1790097727829,0
1790097728200,1
1790097728201,0
1790097728564,1
1790097728564,0
1790097728710,1
1790097728711,0
1790097729014,1
1790097729014,0
1790097729450,1
1790097729451,0
1790097729862,1
1790097729863,0
1790097730256,1
1790097730257,0
1790097730596,1
1790097730597,0
1790097731027,1
1790097731027,0
1790097731388,1
1790097731388,0
1790097731747,1
1790097731748,0
1790097731893,1
1790097731893,0
1790097732196,1
1790097732197,0
1790097732512,1
1790097732513,0
1790097732669,1
1790097732669,0
1790097733051,1
1790097733052,0
1790097733382,1
1790097733382,0
1790097733684,1
1790097733684,0
1790097733991,1
1790097733991,0
1790097734293,1
1790097734293,0
1790097734594,1
1790097734595,0
1790097734736,1
1790097734736,0
1790097735078,1
1790097735078,0
1790097735350,1
1790097735351,0
1790097735754,1
1790097735755,0
1790097736093,1
1790097736093,0
1790097736427,1
1790097736428,0
1790097736579,1
1790097736580,0
1790097736805,1
1790097736807,0
1790097736954,1
1790097736954,0
1790097737318,1
1790097737318,0
1790097737663,1
1790097737666,0
1790097738015,0
1790097738016,0
1790097738384,1
1790097738384,0
1790097738766,1
1790097738766,0
1790097739076,0
1790097739083,0
1790097739388,0
1790097739388,0
1790097739765,1
1790097739766,0
1790097740068,1
1790097740068,0
1790097740370,1
1790097740371,0
1790097740675,1
1790097740675,0
1790097740957,1
1790097740957,0
1790097741318,1
1790097741318,0
1790097741593,1
1790097741593,0
1790097741930,1
1790097741930,0
1790097742231,1
1790097742232,0
1790097742578,1
1790097742578,0
1790097742931,1
1790097742932,0
1790097743198,1
1790097743198,0
1790097743504,1
1790097743504,0
1790097743843,1
1790097743843,0
1790097744114,1
1790097744115,0
1790097744261,1
1790097744261,0
1790097744697,1
1790097744698,0
1790097745134,1
1790097745135,0
1790097745433,1
1790097745434,0
1790097745797,1
1790097745798,0
1790097746099,1
1790097746100,0
1790097746400,1
1790097746401,0
1790097746544,1
1790097746544,0
1790097746818,1
1790097746818,0
1790097747153,1
1790097747154,0
1790097747431,1
1790097747431,0
1790097747707,1
1790097747707,0
1790097748067,1
1790097748067,0
1790097748333,1
1790097748333,0
1790097748604,1
1790097748605,0
1790097748871,1
1790097748872,0
1790097749165,1
1790097749166,0
1790097749591,1
1790097749591,0
1790097749953,1
1790097749954,0
1790097750217,1
1790097750217,0
1790097750363,1
1790097750363,0
1790097750572,1
1790097750572,0
1790097750935,1
1790097750935,0
1790097751236,1
1790097751236,0
1790097751533,1
1790097751533,0
1790097751833,1
1790097751834,0
1790097752134,1
1790097752134,0
1790097752462,1
1790097752462,0
1790097752852,1
1790097752853,0
1790097753126,1
1790097753126,0
1790097753399,1
1790097753400,0
1790097753730,1
1790097753730,0
1790097754033,1
1790097754033,0
1790097754336,1
1790097754336,0
1790097754644,1
1790097754644,0
1790097754918,1
1790097754918,0
1790097755235,1
1790097755235,0
1790097755540,1
1790097755540,0
1790097755684,1
1790097755684,0
1790097755956,1
1790097755956,0
1790097756229,1
1790097756231,0
1790097756594,1
1790097756594,0
1790097756953,1
1790097756954,0
1790097757319,1
1790097757320,0
1790097757677,1
1790097757677,0
1790097758041,1
1790097758043,0
1790097758260,1
1790097758261,0
1790097758659,1
1790097758660,0
1790097758934,1
1790097758934,0
1790097759267,1
1790097759267,0
1790097759414,1
1790097759414,0
1790097759773,1
1790097759773,0
1790097760210,1
1790097760211,0
1790097760585,1
1790097760586,0
1790097760859,1
1790097760859,0
1790097761196,1
1790097761196,0
1790097761595,1
1790097761595,0
1790097761893,1
1790097761894,0
1790097762191,1
1790097762192,0
1790097762547,1
1790097762547,0
1790097762821,1
1790097762821,0
1790097763092,1
1790097763092,0
1790097763363,1
1790097763363,0
1790097763632,1
1790097763632,0
1790097763992,1
1790097763992,0
1790097764358,1
1790097764358,0
1790097764692,1
1790097764692,0
1790097765022,1
1790097765022,0
1790097765356,1
1790097765356,0
1790097765513,1
1790097765513,0
1790097765841,1
1790097765842,0
1790097766177,1
1790097766177,0
1790097766514,1
1790097766514,0
1790097766661,1
1790097766661,0
1790097766879,1
1790097766879,0
1790097767024,1
1790097767024,0
1790097767171,1
1790097767171,0
1790097767485,1
1790097767485,0
1790097767820,1
1790097767820,0
1790097767967,1
1790097767967,0
1790097768110,1
1790097768110,0
1790097768257,1
1790097768257,0
1790097768403,1
1790097768403,0
1790097768737,1
1790097768737,0
1790097769180,1
1790097769180,0
1790097769522,1
1790097769522,0
1790097769795,1
1790097769795,0
1790097770063,1
1790097770063,0
1790097770358,1
1790097770358,0
1790097770732,1
1790097770733,0
1790097771036,1
1790097771037,0
1790097771335,1
1790097771336,0
1790097771669,1
1790097771670,0
1790097772028,1
1790097772029,0
1790097772393,1
1790097772394,0
1790097772697,1
1790097772698,0
1790097772841,1
1790097772841,0
1790097773208,1
1790097773208,0
1790097773356,1
1790097773356,0
1790097773505,1
1790097773505,0
1790097773651,1
1790097773651,0
1790097773793,1
1790097773793,0
1790097774063,1
1790097774063,0
1790097774330,1
1790097774331,0
1790097774693,1
1790097774694,0
1790097775059,1
1790097775060,0
1790097775433,1
1790097775433,0
1790097775777,1
1790097775778,0
1790097776115,1
1790097776116,0
1790097776453,1
1790097776453,0
1790097776796,1
1790097776796,0
1790097777183,0
1790097777188,0
1790097777504,0
1790097777506,0
1790097777811,1
1790097777811,0
1790097778078,1
1790097778079,0
1790097778441,1
1790097778441,0
1790097778796,1
1790097778796,0
1790097779066,1
1790097779066,0
1790097779343,1
1790097779343,0
1790097779621,1
1790097779621,0
1790097779895,1
1790097779895,0
1790097780196,1
1790097780196,0
1790097780464,1
1790097780464,0
1790097780822,1
1790097780823,0
1790097780971,1
1790097780972,0
1790097781186,1
1790097781187,0
1790097781543,1
1790097781543,0
1790097781876,1
1790097781876,0
1790097782207,1
1790097782208,0
1790097782547,1
1790097782548,0
1790097782852,1
1790097782852,0
1790097782999,1
1790097782999,0
1790097783142,1
1790097783142,0
1790097783410,1
1790097783410,0
1790097783710,1
1790097783711,0
1790097783851,1
1790097783851,0
1790097784118,1
1790097784118,0
1790097784391,1
1790097784392,0
1790097784661,1
1790097784661,0
1790097784940,1
1790097784940,0
1790097785220,1
1790097785220,0
1790097785515,1
1790097785516,0
1790097785728,1
1790097785728,0
1790097786003,1
1790097786003,0
1790097786271,1
1790097786271,0
1790097786413,1
1790097786413,0
1790097786742,1
1790097786742,0
1790097787069,1
1790097787069,0
1790097787410,1
1790097787411,0
1790097787742,1
1790097787742,0
1790097787889,1
1790097787890,0
1790097788034,1
1790097788034,0
1790097788393,1
1790097788394,0
1790097788533,1
1790097788534,0
1790097788886,1
1790097788887,0
1790097789033,1
1790097789034,0
1790097789180,1
1790097789180,0
1790097789324,1
1790097789325,0
1790097789469,1
1790097789469,0
1790097789775,1
1790097789775,0
1790097790143,1
1790097790143,0
1790097790286,1
1790097790286,0
1790097790647,1
1790097790647,0
1790097791012,1
1790097791012,0
1790097791344,1
1790097791346,0
1790097791494,1
1790097791495,0
1790097791638,1
1790097791639,0
1790097791781,1
1790097791781,0
1790097791921,1
1790097791921,0
1790097792062,1
1790097792062,0
1790097792211,1
1790097792211,0
1790097792573,1
1790097792573,0
1790097792718,1
1790097792719,0
1790097793083,1
1790097793084,0
1790097793523,1
1790097793525,0
1790097793879,1
1790097793879,0
1790097794242,1
1790097794242,0
1790097794599,1
1790097794601,0
1790097794958,1
1790097794959,0
1790097795317,1
1790097795317,0
1790097795589,1
1790097795589,0
1790097795891,1
1790097795891,0
1790097796194,1
1790097796195,0
1790097796494,1
1790097796494,0
1790097796797,1
1790097796797,0
1790097797096,1
1790097797097,0
1790097797396,1
1790097797397,0
1790097797538,1
1790097797539,0
1790097797867,1
1790097797868,0
1790097798199,1
1790097798199,0
1790097798507,1
1790097798507,0
1790097798775,1
1790097798775,0
1790097799046,1
1790097799047,0
1790097799375,1
1790097799375,0
1790097799700,1
1790097799700,0
1790097800027,1
1790097800028,0
1790097800362,1
1790097800363,0
1790097800724,1
1790097800724,0
1790097801081,1
1790097801081,0
1790097801225,1
1790097801225,0
1790097801496,1
1790097801496,0
1790097801766,1
1790097801767,0
1790097802036,1
1790097802037,0
1790097802305,1
1790097802306,0
1790097802569,1
1790097802569,0
1790097802837,1
1790097802837,0
1790097803136,1
1790097803136,0
1790097803409,1
1790097803410,0
1790097803681,1
1790097803681,0
1790097804045,1
1790097804045,0
1790097804262,1
1790097804263,0
1790097804601,1
1790097804601,0
1790097804905,1
1790097804906,0
1790097805211,1
1790097805211,0
1790097805509,1
1790097805509,0
1790097805813,1
1790097805813,0
1790097806122,1
1790097806122,0
1790097806426,1
1790097806426,0
1790097806698,1
1790097806699,0
1790097807070,1
1790097807070,0
1790097807441,1
1790097807441,0
1790097807744,1
1790097807744,0
1790097808103,1
1790097808104,0
1790097808470,1
1790097808470,0
1790097808830,1
1790097808830,0
1790097809187,1
1790097809187,0
1790097809460,1
1790097809461,0
1790097809726,1
1790097809726,0
1790097809997,1
1790097809997,0
1790097810331,1
1790097810331,0
1790097810662,1
1790097810662,0
1790097811022,1
1790097811022,0
1790097811380,1
1790097811380,0
1790097811755,1
1790097811755,0
1790097812128,1
1790097812128,0
1790097812472,1
1790097812474,0
1790097812779,1
1790097812779,0
1790097812928,1
1790097812928,0
1790097813073,1
1790097813073,0
1790097813226,1
1790097813232,0
1790097813598,1
1790097813598,0
1790097813744,1
1790097813744,0
1790097813885,1
1790097813886,0
1790097814030,1
1790097814030,0
1790097814294,1
1790097814294,0
1790097814617,1
1790097814618,0
1790097814949,1
1790097814950,0
1790097815104,1
1790097815104,0
1790097815434,1
1790097815434,0
1790097815760,1
1790097815760,0
1790097816131,1
1790097816132,0
1790097816499,1
1790097816500,0
1790097816859,1
1790097816860,0
1790097817220,1
1790097817220,0
1790097817525,1
1790097817525,0
1790097817677,1
1790097817677,0
1790097817953,1
1790097817953,0
1790097818310,1
1790097818310,0
1790097818580,1
1790097818580,0
1790097818722,1
1790097818722,0
1790097818984,1
1790097818984,0
1790097819246,1
1790097819246,0
1790097819518,1
1790097819518,0
1790097819663,1
1790097819664,0
1790097819958,1
1790097819958,0
1790097820253,1
1790097820253,0
1790097820582,1
1790097820582,0
1790097820910,1
1790097820910,0
1790097821244,1
1790097821245,0
1790097821390,1
1790097821391,0
1790097821545,1
1790097821545,0
1790097821692,1
1790097821692,0
1790097821837,1
1790097821837,0
1790097822138,1
1790097822138,0
1790097822462,1
1790097822463,0
1790097822821,1
1790097822821,0
1790097823092,1
1790097823092,0
1790097823442,1
1790097823443,0
1790097823801,1
1790097823801,0
1790097824164,1
1790097824164,0
1790097824522,1
1790097824522,0
1790097824887,1
1790097824887,0
1790097825158,1
1790097825159,0
1790097825524,1
1790097825524,0
1790097825882,1
1790097825882,0
1790097826150,1
1790097826151,0
1790097826453,1
1790097826453,0
1790097826595,1
1790097826596,0
1790097826924,1
1790097826924,0
1790097827251,1
1790097827252,0
1790097827579,1
1790097827579,0
1790097827906,1
1790097827906,0
1790097828174,1
1790097828175,0
1790097828536,1
1790097828536,0
1790097828804,1
1790097828805,0
1790097829076,1
1790097829076,0
1790097829398,1
1790097829399,0
1790097829546,1
1790097829546,0
1790097829761,1
1790097829761,0
1790097829902,1
1790097829903,0
1790097830055,1
1790097830055,0
1790097830361,1
1790097830361,0
1790097830504,1
1790097830505,0
1790097830651,1
1790097830651,0
1790097830923,1
1790097830924,0
1790097831258,1
1790097831259,0
1790097831662,1
1790097831662,0
1790097832069,1
1790097832071,0
1790097832401,1
1790097832401,0
1790097832732,1
1790097832733,0
1790097833062,1
1790097833063,0
1790097833392,1
1790097833392,0
1790097833534,1
1790097833534,0
1790097833831,1
1790097833831,0
1790097834099,1
1790097834100,0
1790097834366,1
1790097834366,0
1790097834687,1
1790097834687,0
1790097834831,1
1790097834831,0
1790097834972,1
1790097834973,0
1790097835118,1
1790097835118,0
1790097835456,1
1790097835456,0
1790097835790,1
1790097835791,0
1790097836117,1
1790097836117,0
1790097836447,1
1790097836448,0
1790097836779,1
1790097836779,0
1790097837131,1
1790097837131,0
1790097837403,1
1790097837404,0
1790097837671,1
1790097837671,0
1790097837946,1
1790097837946,0
1790097838222,1
1790097838222,0
1790097838589,1
1790097838589,0
1790097838858,1
1790097838858,0
1790097839213,1
1790097839214,0
1790097839359,1
1790097839359,0
1790097839502,1
1790097839502,0
1790097839862,1
1790097839862,0
1790097840003,1
1790097840004,0
1790097840158,1
1790097840158,0
1790097840300,1
1790097840301,0
1790097840573,1
1790097840573,0
1790097840839,1
1790097840839,0
1790097841108,1
1790097841108,0
1790097841410,1
1790097841411,0
1790097841687,1
1790097841688,0
1790097841835,1
1790097841836,0
1790097842105,1
1790097842105,0
1790097842380,1
1790097842380,0
1790097842655,1
1790097842655,0
1790097842925,1
1790097842926,0
1790097843224,1
1790097843225,0
1790097843365,1
1790097843365,0
1790097843725,1
1790097843725,0
1790097844024,1
1790097844024,0
1790097844326,1
1790097844326,0
1790097844624,1
1790097844624,0
1790097844926,1
1790097844926,0
1790097845222,1
1790097845222,0
1790097845517,1
1790097845517,0
1790097845876,1
1790097845876,0
1790097846205,1
1790097846205,0
1790097846532,1
1790097846532,0
1790097846801,1
1790097846801,0
1790097847162,1
1790097847162,0
1790097847468,1
1790097847468,0
1790097847616,1
1790097847616,0
1790097847759,1
1790097847759,0
1790097847910,1
1790097847911,0
1790097848061,1
1790097848062,0
1790097848205,1
1790097848206,0
1790097848504,1
1790097848504,0
1790097848648,1
1790097848648,0
1790097848945,1
1790097848945,0
1790097849245,1
1790097849245,0
1790097849566,1
1790097849566,0
1790097849833,1
1790097849833,0
1790097850105,1
1790097850105,0
1790097850378,1
1790097850378,0
1790097850649,1
1790097850650,0
1790097851009,1
1790097851010,0
1790097851366,1
1790097851366,0
1790097851517,1
1790097851517,0
1790097851814,1
1790097851814,0
1790097852142,1
1790097852142,0
1790097852500,1
1790097852500,0
1790097852864,1
1790097852864,0
1790097853225,1
1790097853226,0
1790097853586,1
1790097853586,0
1790097853914,1
1790097853915,0
1790097854273,1
1790097854274,0
1790097854416,1
1790097854416,0
1790097854565,1
1790097854565,0
1790097854700,1
1790097854700,0
1790097854998,1
1790097854998,0
1790097855356,1
1790097855357,0
1790097855713,1
1790097855714,0
1790097856080,1
1790097856080,0
1790097856405,1
1790097856405,0
1790097856552,1
1790097856552,0
1790097856694,1
1790097856695,0
1790097857056,1
1790097857056,0
1790097857196,1
1790097857197,0
1790097857520,1
1790097857520,0
1790097857879,1
1790097857879,0
1790097858236,1
1790097858237,0
1790097858597,1
1790097858597,0
1790097858951,1
1790097858951,0
1790097859313,1
1790097859313,0
1790097859584,1
1790097859584,0
1790097859727,1
1790097859728,0
1790097859994,1
1790097859994,0
1790097860259,1
1790097860259,0
1790097860588,1
1790097860588,0
1790097860735,1
1790097860735,0
1790097860879,1
1790097860880,0
1790097861022,1
1790097861023,0
1790097861164,1
1790097861164,0
1790097861526,1
1790097861526,0
1790097861881,1
1790097861881,0
1790097862238,1
1790097862238,0
1790097862599,1
1790097862599,0
1790097862958,1
1790097862958,0
1790097863227,1
1790097863228,0
1790097863494,1
1790097863494,0
1790097863762,1
1790097863762,0
1790097864026,1
1790097864026,0
1790097864171,1
1790097864172,0
1790097864498,1
1790097864498,0
1790097864825,1
1790097864827,0
1790097864968,1
1790097864969,0
1790097865110,1
1790097865111,0
1790097865473,1
1790097865474,0
1790097865744,1
1790097865744,0
1790097866015,1
1790097866015,0
1790097866284,1
1790097866284,0
1790097866428,1
1790097866428,0
1790097866729,1
1790097866729,0
1790097867026,1
1790097867026,0
1790097867357,1
1790097867358,0
1790097867653,1
1790097867653,0
1790097867798,1
1790097867799,0
1790097868130,1
1790097868130,0
1790097868459,1
1790097868459,0
1790097868788,1
1790097868789,0
1790097869114,1
1790097869114,0
1790097869474,1
1790097869474,0
1790097869806,1
1790097869806,0
1790097869951,1
1790097869951,0
1790097870217,1
1790097870217,0
1790097870491,1
1790097870491,0
1790097870763,1
1790097870763,0
1790097871092,1
1790097871093,0
1790097871419,1
1790097871419,0
1790097871744,1
1790097871744,0
1790097872013,1
1790097872013,0
1790097872157,1
1790097872157,0
1790097872302,1
1790097872303,0
1790097872635,1
1790097872635,0
1790097872943,1
1790097872943,0
1790097873307,1
1790097873307,0
1790097873612,1
1790097873612,0
1790097873907,1
1790097873907,0
1790097874199,1
1790097874199,0
1790097874498,1
1790097874498,0
1790097874639,1
1790097874639,0
1790097874784,1
1790097874785,0
1790097875114,1
1790097875114,0
1790097875388,1
1790097875389,0
1790097875660,1
1790097875660,0
1790097875987,1
1790097875987,0
1790097876348,1
1790097876349,0
1790097876707,1
1790097876708,0
1790097877064,1
1790097877065,0
1790097877359,1
1790097877359,0
1790097877721,1
1790097877721,0
1790097878079,1
1790097878079,0
1790097878344,1
1790097878344,0
1790097878675,1
1790097878675,0
1790097879004,1
1790097879004,0
1790097879328,1
1790097879328,0
1790097879653,1
1790097879653,0
1790097879981,1
1790097879982,0
1790097880317,1
1790097880317,0
1790097880592,1
1790097880592,0
1790097880865,1
1790097880865,0
1790097881003,1
1790097881003,0
1790097881298,1
1790097881298,0
1790097881599,1
1790097881599,0
1790097881958,1
1790097881958,0
1790097882228,1
1790097882228,0
1790097882503,1
1790097882503,0
1790097882776,1
1790097882776,0
1790097883047,1
1790097883047,0
1790097883378,1
1790097883378,0
1790097883704,1
1790097883704,0
1790097884064,1
1790097884064,0
1790097884397,1
1790097884398,0
1790097884760,1
1790097884760,0
1790097884904,1
1790097884904,0
1790097885047,1
1790097885048,0
1790097885193,1
1790097885193,0
1790097885336,1
1790097885336,0
1790097885665,1
1790097885665,0
1790097885812,1
1790097885812,0
1790097886178,1
1790097886179,0
1790097886536,1
1790097886536,0
1790097886893,1
1790097886893,0
1790097887035,1
1790097887035,0
1790097887178,1
1790097887178,0
1790097887316,1
1790097887317,0
1790097887458,1
1790097887459,0
1790097887760,1
1790097887760,0
1790097887899,1
1790097887899,0
1790097888045,1
1790097888045,0
1790097888372,1
1790097888372,0
1790097888701,1
1790097888701,0
1790097888971,1
1790097888971,0
1790097889329,1
1790097889329,0
1790097889695,1
1790097889695,0
1790097890066,1
1790097890067,0
1790097890425,1
1790097890425,0
1790097890788,1
1790097890788,0
1790097891143,1
1790097891143,0
1790097891504,1
1790097891504,0
1790097891832,1
1790097891833,0
1790097892159,1
1790097892160,0
1790097892308,1
1790097892308,0
1790097892583,1
1790097892583,0
1790097892853,1
1790097892854,0
1790097893125,1
1790097893125,0
1790097893269,1
1790097893269,0
1790097893563,1
1790097893564,0
1790097893857,1
1790097893857,0
1790097894001,1
1790097894001,0
1790097894361,1
1790097894361,0
1790097894503,1
1790097894503,0
1790097894802,1
1790097894802,0
1790097895102,1
1790097895102,0
1790097895401,1
1790097895401,0
1790097895693,1
1790097895693,0
1790097896015,1
1790097896015,0
1790097896310,1
1790097896310,0
1790097896446,1
1790097896446,0
1790097896802,1
1790097896802,0
1790097897158,1
1790097897158,0
1790097897484,1
1790097897485,0
1790097897814,1
1790097897815,0
1790097898142,1
1790097898143,0
1790097898473,1
1790097898474,0
1790097898743,1
1790097898743,0
1790097899034,1
1790097899035,0
1790097899332,1
1790097899333,0
1790097899659,1
1790097899660,0
1790097899926,1
1790097899926,0
1790097900287,1
1790097900287,0
1790097900613,1
1790097900613,0
1790097900939,1
1790097900939,0
1790097901270,1
1790097901270,0
1790097901599,1
1790097901599,0
1790097901864,1
1790097901864,0
1790097902126,1
1790097902126,0
1790097902272,1
1790097902272,0
1790097902568,1
1790097902568,0
1790097902868,1
1790097902869,0
1790097903157,1
1790097903158,0
1790097903524,1
1790097903525,0
1790097903886,1
1790097903887,0
1790097904243,1
1790097904244,0
1790097904388,1
1790097904389,0
1790097904658,1
1790097904659,0
1790097904925,1
1790097904926,0
1790097905256,1
1790097905256,0
1790097905527,1
1790097905527,0
1790097905666,1
1790097905667,0
1790097905811,1
1790097905811,0
1790097905953,1
1790097905953,0
1790097906093,1
1790097906093,0
1790097906238,1
1790097906238,0
1790097906565,1
1790097906565,0
1790097906706,1
1790097906706,0
1790097907028,1
1790097907028,0
1790097907383,1
1790097907383,0
1790097907738,1
1790097907738,0
1790097908105,1
1790097908105,0
1790097908409,1
1790097908409,0
1790097908704,1
1790097908704,0
1790097909000,1
1790097909000,0
1790097909328,1
1790097909328,0
1790097909688,1
1790097909688,0
1790097910042,1
1790097910042,0
1790097910314,1
1790097910314,0
1790097910643,1
1790097910643,0
1790097910974,1
1790097910974,0
1790097911301,1
1790097911301,0
1790097911632,1
1790097911633,0
1790097911957,1
1790097911957,0
1790097912280,1
1790097912280,0
1790097912543,1
1790097912543,0
1790097912865,1
1790097912865,0
1790097913148,1
1790097913148,0
1790097913439,1
1790097913439,0
1790097913731,1
1790097913731,0
1790097914058,1
1790097914060,0
1790097914362,1
1790097914362,0
1790097914660,1
1790097914661,0
1790097914953,1
1790097914953,0
1790097915093,1
1790097915093,0
1790097915452,1
1790097915452,0
1790097915801,1
1790097915801,0
1790097915940,1
1790097915940,0
1790097916227,1
1790097916228,0
1790097916556,1
1790097916558,0
1790097916824,1
1790097916824,0
1790097917089,1
1790097917089,0
1790097917350,1
1790097917351,0
1790097917613,1
1790097917613,0
1790097917947,1
1790097917947,0
1790097918299,1
1790097918299,0
1790097918439,1
1790097918439,0
1790097918582,1
1790097918582,0
1790097918747,1
1790097918747,0
1790097919040,1
1790097919040,0
1790097919185,1
1790097919186,0
1790097919329,1
1790097919329,0
1790097919474,1
1790097919475,0
1790097919836,1
1790097919837,0
1790097920111,1
1790097920112,0
1790097920387,1
1790097920387,0
1790097920707,1
1790097920707,0
1790097921063,1
1790097921063,0
1790097921422,1
1790097921422,0
1790097921683,1
1790097921683,0
1790097921944,1
1790097921944,0
1790097922211,1
1790097922211,0
1790097922477,1
1790097922477,0
1790097922770,1
1790097922770,0
1790097923070,1
1790097923071,0
1790097923427,1
1790097923427,0
1790097923782,1
1790097923782,0
1790097924133,1
1790097924134,0
1790097924431,1
1790097924431,0
1790097924785,1
1790097924785,0
1790097925143,1
1790097925143,0
1790097925499,1
1790097925499,0
1790097925640,1
1790097925640,0
1790097925996,1
1790097925996,0
1790097926348,1
1790097926348,0
1790097926657,1
1790097926657,0
1790097926927,1
1790097926927,0
1790097927153,1
1790097927153,0
1790097927613,1
1790097927615,0
1790097928041,1
1790097928042,0
1790097928471,1
1790097928471,0
1790097928826,1
1790097928826,0
1790097929187,1
1790097929187,0
1790097929622,0
1790097929624,0
1790097929831,1
1790097929831,0
1790097930166,1
1790097930167,0
1790097930516,0
1790097930517,0
1790097930888,1
1790097930888,0
1790097931286,1
1790097931286,0
1790097931700,0
1790097931701,0
1790097932027,1
1790097932027,0
1790097932354,1
1790097932354,0
1790097932790,1
1790097932791,0
1790097933224,1
1790097933225,0
1790097933652,0
1790097933653,0
1790097934061,1
1790097934061,0
1790097934276,1
1790097934276,0
1790097934679,1
1790097934680,0
1790097935084,1
1790097935085,0
1790097935412,1
1790097935412,0
1790097935741,1
1790097935741,0
1790097936147,1
1790097936147,0
1790097936369,1
1790097936370,0
1790097936767,1
1790097936767,0
1790097937130,1
1790097937130,0
1790097937495,0
1790097937495,0
1790097937910,1
1790097937910,0
1790097938298,1
1790097938298,0
1790097938702,1
1790097938702,0
1790097939028,1
1790097939028,0
1790097939412,1
1790097939412,0
1790097939830,1
1790097939830,0
1790097940249,0
1790097940250,0
1790097940514,1
1790097940514,0
1790097940847,1
1790097940847,0
1790097941045,1
1790097941045,0
1790097941389,0
1790097941390,0
1790097941713,1
1790097941713,0
1790097942053,1
1790097942053,0
1790097942319,1
1790097942319,0
1790097942459,1
1790097942459,0
1790097942808,0
1790097942808,0
1790097943170,1
1790097943170,0
1790097943533,1
1790097943534,0
1790097943915,1
1790097943916,0
1790097944260,1
1790097944261,0
1790097944634,1
1790097944634,0
1790097945012,1
1790097945013,0
1790097945315,1
1790097945315,0
1790097945527,1
1790097945528,0
1790097945890,1
1790097945891,0
1790097946266,1
1790097946267,0
1790097946407,1
1790097946407,0
1790097946826,1
1790097946827,0
1790097947042,1
1790097947043,0
1790097947416,1
1790097947417,0
1790097947791,1
1790097947791,0
1790097948162,1
1790097948162,0
1790097948464,1
1790097948464,0
1790097948820,1
1790097948820,0
1790097949208,1
1790097949209,0
1790097949624,1
1790097949624,0
1790097950057,1
1790097950057,0
1790097950490,1
1790097950491,0
1790097950929,1
1790097950929,0
1790097951273,1
1790097951273,0
1790097951617,1
1790097951618,0
1790097951961,1
1790097951961,0
1790097952261,1
1790097952262,0
1790097952684,1
1790097952684,0
1790097953114,1
1790097953115,0
1790097953515,1
1790097953515,0
1790097953883,1
1790097953883,0
1790097954227,1
1790097954228,0
1790097954628,1
1790097954628,0
1790097955027,1
1790097955027,0
1790097955428,1
1790097955428,0
1790097955751,1
1790097955751,0
1790097956104,1
1790097956104,0
1790097956521,1
1790097956521,0
1790097956716,1
1790097956716,0
1790097957133,1
1790097957134,0
1790097957562,1
1790097957562,0
1790097957860,1
1790097957861,0
1790097958181,1
1790097958182,0
1790097958522,1
1790097958523,0
1790097958864,1
1790097958864,0
1790097959219,1
1790097959219,0
1790097959446,1
1790097959446,0
1790097959639,1
1790097959640,0
1790097959965,1
1790097959965,0
1790097960417,1
1790097960417,0
1790097960632,1
1790097960632,0
1790097961057,1
1790097961057,0
1790097961482,1
1790097961482,0
1790097961837,1
1790097961837,0
1790097962201,1
1790097962202,0
1790097962407,1
1790097962408,0
1790097962825,1
1790097962826,0
1790097963210,1
1790097963211,0
1790097963585,1
1790097963586,0
1790097963964,1
1790097963964,0
1790097964398,1
1790097964398,0
1790097964613,1
1790097964613,0
1790097964828,1
1790097964828,0
1790097964973,1
1790097964973,0
1790097965239,1
1790097965239,0
1790097965451,1
1790097965451,0
1790097965660,1
1790097965661,0
1790097965801,1
1790097965801,0
1790097966210,1
1790097966211,0
1790097966584,1
1790097966585,0
1790097967010,1
1790097967010,0
1790097967450,1
1790097967450,0
1790097967872,1
1790097967873,0
1790097968232,1
1790097968232,0
1790097968561,1
1790097968561,0
1790097968969,1
1790097968969,0
1790097969350,1
1790097969350,0
1790097969784,1
1790097969785,0
1790097970227,1
1790097970227,0
1790097970602,1
1790097970603,0
1790097970819,1
1790097970819,0
1790097971030,1
1790097971030,0
1790097971175,1
1790097971175,0
1790097971320,1
1790097971320,0
1790097971534,1
1790097971535,0
1790097971747,1
1790097971747,0
1790097971956,1
1790097971956,0
1790097972170,1
1790097972170,0
1790097972518,1
1790097972518,0
1790097972737,1
1790097972737,0
1790097972952,1
1790097972952,0
1790097973136,1
1790097973136,0
1790097973275,1
1790097973275,0
1790097973598,1
1790097973598,0
1790097974016,1
1790097974016,0
1790097974234,1
1790097974234,0
1790097974624,1
1790097974624,0
1790097975028,1
1790097975029,0
1790097975355,1
1790097975356,0
1790097975678,1
1790097975678,0
1790097976023,1
1790097976023,0
1790097976359,1
1790097976360,0
1790097976500,1
1790097976500,0
1790097976870,1
1790097976871,0
1790097977234,1
1790097977234,0
1790097977623,1
1790097977623,0
1790097977965,1
1790097977965,0
1790097978333,1
1790097978334,0
1790097978549,1
1790097978549,0
1790097978760,1
1790097978760,0
1790097978957,1
1790097978957,0
1790097979097,1
1790097979098,0
1790097979459,1
1790097979459,0
1790097979682,1
1790097979682,0
1790097980109,1
1790097980110,0
1790097980502,1
1790097980503,0
1790097980909,1
1790097980909,0
1790097981178,1
1790097981178,0
1790097981528,1
1790097981529,0
1790097981870,1
1790097981871,0
1790097982137,1
1790097982138,0
1790097982405,1
1790097982406,0
1790097982842,0
1790097982842,0
1790097983273,1
1790097983273,0
1790097983702,1
1790097983703,0
1790097984052,1
1790097984052,0
1790097984246,1
1790097984246,0
1790097984442,1
1790097984442,0
1790097984655,1
1790097984655,0
1790097984862,1
1790097984862,0
1790097985000,1
1790097985000,0
1790097985360,1
1790097985360,0
1790097985760,1
1790097985761,0
1790097986166,1
1790097986167,0
1790097986595,1
1790097986595,0
1790097987034,1
1790097987034,0
1790097987174,1
1790097987174,0
1790097987513,1
1790097987514,0
1790097987852,1
1790097987853,0
1790097988116,1
1790097988116,0
1790097988442,1
1790097988442,0
1790097988817,1
1790097988817,0
1790097989180,1
1790097989181,0
1790097989467,1
1790097989467,0
1790097989833,1
1790097989834,0
1790097990263,1
1790097990263,0
1790097990701,1
1790097990701,0
1790097991132,1
1790097991132,0
1790097991488,1
1790097991489,0
1790097991915,1
1790097991915,0
1790097992183,1
1790097992184,0
1790097992551,1
1790097992551,0
1790097992917,1
1790097992917,0
1790097993353,1
1790097993353,0
1790097993785,1
1790097993785,0
1790097994205,1
1790097994205,0
1790097994544,1
1790097994545,0
1790097994889,1
1790097994889,0
1790097995230,1
1790097995230,0
1790097995581,1
1790097995581,0
1790097995921,1
1790097995921,0
1790097996269,1
1790097996269,0
1790097996670,1
1790097996670,0
1790097997071,1
1790097997071,0
1790097997409,1
1790097997409,0
1790097997795,1
1790097997795,0
1790097998197,1
1790097998197,0
1790097998532,1
1790097998532,0
1790097998946,1
1790097998946,0
1790097999239,1
1790097999240,0
1790097999440,1
1790097999440,0
1790097999657,0
1790097999657,0
1790097999876,1
1790097999876,0
1790098000081,1
1790098000081,0
1790098000433,1
1790098000433,0
1790098000801,1
1790098000801,0
1790098001166,1
1790098001166,0
1790098001537,1
1790098001537,0
1790098001900,1
1790098001900,0
1790098002243,1
1790098002244,0
1790098002580,1
1790098002581,0
1790098002933,1
1790098002934,0
1790098003152,1
1790098003153,0
1790098003542,1
1790098003543,0
1790098003886,1
1790098003887,0
1790098004231,1
1790098004231,0
1790098004576,1
1790098004576,0
1790098004848,1
1790098004848,0
1790098004992,1
1790098004992,0
1790098005374,1
1790098005374,0
1790098005780,1
1790098005780,0
1790098006122,1
1790098006122,0
1790098006467,1
1790098006468,0
1790098006798,1
1790098006799,0
1790098007006,1
1790098007006,0
1790098007213,1
1790098007213,0
1790098007353,1
1790098007354,0
1790098007654,1
1790098007654,0
1790098008088,1
1790098008089,0
1790098008515,1
1790098008515,0
1790098008849,1
1790098008849,0
1790098009279,1
1790098009279,0
1790098009620,1
1790098009620,0
1790098009958,1
1790098009958,0
1790098010304,1
1790098010305,0
1790098010645,1
1790098010645,0
1790098010916,1
1790098010916,0
1790098011184,1
1790098011184,0
1790098011396,1
1790098011396,0
1790098011740,1
1790098011740,0
1790098012081,1
1790098012081,0
1790098012424,1
1790098012424,0
1790098012806,1
1790098012807,0
1790098013024,1
1790098013024,0
1790098013234,1
1790098013234,0
1790098013443,1
1790098013443,0
1790098013767,1
1790098013767,0
1790098013965,1
1790098013965,0
1790098014171,1
1790098014171,0
1790098014467,1
1790098014468,0
1790098014828,1
1790098014829,0
1790098015253,1
1790098015253,0
1790098015624,1
1790098015624,0
1790098016000,1
1790098016000,0
1790098016302,1
1790098016302,0
1790098016667,1
1790098016667,0
1790098016939,1
1790098016939,0
1790098017342,1
1790098017343,0
1790098017685,1
1790098017686,0
1790098017907,1
1790098017907,0
1790098018121,1
1790098018121,0
1790098018338,1
1790098018338,0
1790098018769,1
1790098018769,0
1790098019192,1
1790098019192,0
1790098019545,1
1790098019545,0
1790098019990,1
1790098019990,0
1790098020341,1
1790098020341,0
1790098020689,1
1790098020689,0
1790098020990,1
1790098020990,0
1790098021363,1
1790098021364,0
1790098021702,1
1790098021702,0
1790098022046,1
1790098022046,0
1790098022395,1
1790098022395,0
1790098022732,1
1790098022732,0
1790098023004,1
1790098023004,0
1790098023275,1
1790098023275,0
1790098023614,1
1790098023614,0
1790098024042,1
1790098024043,0
1790098024471,1
1790098024472,0
1790098024909,1
1790098024910,0
1790098025292,1
1790098025292,0
1790098025509,1
1790098025509,0
1790098025723,1
1790098025723,0
1790098025863,1
1790098025863,0
1790098026130,1
1790098026130,0
1790098026510,1
1790098026510,0
1790098026885,1
1790098026885,0
1790098027029,1
1790098027029,0
1790098027362,1
1790098027362,0
1790098027809,1
1790098027809,0
1790098028213,1
1790098028213,0
1790098028614,1
1790098028614,0
1790098028933,1
1790098028933,0
1790098029338,1
1790098029339,0
1790098029482,1
1790098029482,0
1790098029908,1
1790098029908,0
1790098030125,1
1790098030125,0
1790098030525,0
1790098030526,0
1790098030930,1
1790098030930,0
1790098031146,1
1790098031146,0
1790098031488,1
1790098031488,0
1790098031831,1
1790098031831,0
1790098032101,1
1790098032101,0
1790098032541,1
1790098032541,0
1790098032981,1
1790098032982,0
1790098033417,1
1790098033417,0
1790098033620,1
1790098033620,0
1790098033945,1
1790098033946,0
1790098034288,1
1790098034289,0
1790098034502,1
1790098034502,0
1790098034718,1
1790098034718,0
1790098034857,1
1790098034857,0
1790098035076,1
1790098035076,0
1790098035432,1
1790098035432,0
1790098035836,1
1790098035837,0
1790098036045,1
1790098036045,0
1790098036376,1
1790098036376,0
1790098036720,1
1790098036721,0
1790098037080,1
1790098037080,0
1790098037293,1
1790098037293,0
1790098037507,1
1790098037507,0
1790098037645,1
1790098037646,0
1790098038081,1
1790098038081,0
1790098038300,1
1790098038300,0
1790098038511,1
1790098038511,0
1790098038906,1
1790098038906,0
1790098039345,1
1790098039346,0
1790098039687,1
1790098039687,0
1790098040020,1
1790098040020,0
1790098040364,1
1790098040366,0
1790098040634,1
1790098040634,0
1790098040976,1
1790098040976,0
1790098041247,1
1790098041247,0
1790098041461,1
1790098041461,0
1790098041895,1
1790098041896,0
1790098042230,1
1790098042231,0
1790098042571,1
1790098042571,0
1790098042715,1
1790098042715,0
1790098042932,1
1790098042932,0
1790098043141,1
1790098043141,0
1790098043347,1
1790098043347,0
1790098043703,1
1790098043703,0
1790098044112,1
1790098044113,0
1790098044549,1
1790098044549,0
1790098044950,1
1790098044950,0
1790098045354,1
1790098045354,0
1790098045558,1
1790098045559,0
1790098045947,1
1790098045947,0
1790098046346,1
1790098046347,0
1790098046674,1
1790098046674,0
1790098047001,1
1790098047001,0
1790098047369,1
1790098047369,0
1790098047770,1
1790098047771,0
1790098048166,1
1790098048167,0
1790098048379,1
1790098048379,0
1790098048593,1
1790098048593,0
1790098048735,1
1790098048735,0
1790098048931,1
1790098048931,0
1790098049136,1
1790098049136,0
1790098049278,1
1790098049278,0
1790098049671,1
1790098049671,0
1790098049887,1
1790098049888,0
1790098050096,1
1790098050096,0
1790098050357,1
1790098050358,0
1790098050572,1
1790098050572,0
1790098050956,1
1790098050956,0
1790098051329,1
1790098051329,0
1790098051682,1
1790098051682,0
1790098052052,1
1790098052052,0
1790098052346,1
1790098052346,0
1790098052486,1
1790098052486,0
1790098052690,1
1790098052690,0
1790098053114,1
1790098053114,0
1790098053551,1
1790098053552,0
1790098053981,1
1790098053981,0
1790098054194,1
1790098054194,0
1790098054530,1
1790098054530,0
1790098054875,1
1790098054876,0
1790098055142,1
1790098055142,0
1790098055465,1
1790098055465,0
1790098055681,1
1790098055681,0
1790098055897,1
1790098055897,0
1790098056321,1
1790098056322,0
1790098056725,1
1790098056726,0
1790098057097,1
1790098057097,0
1790098057503,1
1790098057503,0
1790098057905,1
1790098057906,0
1790098058229,1
1790098058229,0
1790098058560,1
1790098058560,0
1790098058960,1
1790098058961,0
1790098059296,1
1790098059296,0
1790098059696,1
1790098059696,0
1790098060136,1
1790098060137,0
1790098060568,1
1790098060568,0
1790098060907,1
1790098060907,0
1790098061121,1
1790098061121,0
1790098061311,1
1790098061311,0
1790098061453,1
1790098061454,0
1790098061597,1
1790098061597,0
1790098062019,1
1790098062019,0
1790098062454,1
1790098062454,0
1790098062818,1
1790098062818,0
1790098063214,1
1790098063214,0
1790098063428,1
1790098063428,0
1790098063791,1
1790098063791,0
1790098064147,1
1790098064147,0
1790098064515,1
1790098064516,0
1790098064816,1
1790098064816,0
1790098065167,1
1790098065168,0
1790098065484,1
1790098065484,0
1790098065818,1
1790098065818,0
1790098066224,1
1790098066225,0
1790098066621,1
1790098066621,0
1790098066883,1
1790098066884,0
1790098067253,1
1790098067253,0
1790098067640,1
1790098067641,0
1790098067934,1
1790098067934,0
1790098068205,1
1790098068205,0
1790098068632,1
1790098068633,0
1790098069049,1
1790098069049,0
1790098069406,1
1790098069406,0
1790098069848,1
1790098069849,0
1790098070277,1
1790098070277,0
1790098070496,1
1790098070496,0
1790098070706,1
1790098070707,0
1790098070847,1
1790098070847,0
1790098070988,1
1790098070989,0
1790098071319,1
1790098071320,0
1790098071752,1
1790098071752,0
1790098071967,1
1790098071967,0
1790098072339,1
1790098072339,0
1790098072705,1
1790098072705,0
1790098072846,1
1790098072846,0
1790098073280,1
1790098073280,0
1790098073719,1
1790098073719,0
1790098074125,1
1790098074125,0
1790098074263,1
1790098074263,0
1790098074665,1
1790098074665,0
1790098075071,1
1790098075072,0
1790098075428,1
1790098075428,0
1790098075646,1
1790098075646,0
1790098076068,1
1790098076068,0
1790098076504,1
1790098076504,0
1790098076934,1
1790098076935,0
1790098077296,1
1790098077296,0
1790098077725,1
1790098077726,0
1790098078089,1
1790098078090,0
1790098078439,1
1790098078440,0
1790098078873,1
1790098078873,0
1790098079297,1
1790098079297,0
1790098079735,1
1790098079736,0
1790098080140,1
1790098080140,0
1790098080483,1
1790098080483,0
1790098080830,1
1790098080831,0
1790098081175,1
1790098081176,0
1790098081312,1
1790098081312,0
1790098081652,1
1790098081652,0
1790098081991,1
1790098081991,0
1790098082422,1
1790098082423,0
1790098082638,1
1790098082638,0
1790098082980,1
1790098082981,0
1790098083195,1
1790098083195,0
1790098083403,1
1790098083404,0
1790098083550,1
1790098083550,0
1790098083694,1
1790098083694,0
1790098084044,0
1790098084045,0
1790098084259,1
1790098084260,0
1790098084600,1
1790098084601,0
1790098084947,1
1790098084948,0
1790098085291,1
1790098085291,0
1790098085693,1
1790098085694,0
1790098086042,1
1790098086043,0
1790098086382,1
1790098086382,0
1790098086721,1
1790098086721,0
1790098086991,1
1790098086991,0
1790098087388,1
1790098087389,0
1790098087781,1
1790098087782,0
1790098087996,1
1790098087996,0
1790098088367,1
1790098088367,0
1790098088584,1
1790098088584,0
1790098089004,1
1790098089004,0
1790098089439,1
1790098089440,0
1790098089798,1
1790098089798,0
1790098090226,1
1790098090227,0
1790098090490,1
1790098090490,0
1790098090865,1
1790098090865,0
1790098091210,1
1790098091210,0
1790098091565,1
1790098091565,0
1790098091933,1
1790098091933,0
1790098092365,1
1790098092365,0
1790098092733,1
1790098092734,0
1790098093110,1
1790098093110,0
1790098093411,1
1790098093412,0
1790098093750,1
1790098093750,0
1790098094156,1
1790098094156,0
1790098094584,1
1790098094585,0
1790098094964,1
1790098094964,0
1790098095184,1
1790098095184,0
1790098095523,1
1790098095523,0
1790098095967,1
1790098095968,0
1790098096397,1
1790098096397,0
1790098096822,1
1790098096822,0
1790098097177,1
1790098097177,0
1790098097438,1
1790098097438,0
1790098097839,1
1790098097839,0
1790098098057,1
1790098098057,0
1790098098473,1
1790098098473,0
1790098098884,1
1790098098885,0
1790098099180,1
1790098099181,0
1790098099396,1
1790098099397,0
1790098099603,1
1790098099603,0
1790098099815,1
1790098099815,0
1790098100176,1
1790098100177,0
1790098100608,1
1790098100609,0
1790098101041,1
1790098101041,0
1790098101366,1
1790098101367,0
1790098101802,1
1790098101802,0
1790098102226,1
1790098102226,0
1790098102658,1
1790098102658,0
1790098103094,1
1790098103095,0
1790098103529,1
1790098103529,0
1790098103889,1
1790098103889,0
1790098104188,1
1790098104189,0
1790098104524,1
1790098104524,0
1790098104742,1
1790098104742,0
1790098105168,1
1790098105168,0
1790098105593,1
1790098105593,0
1790098105892,1
1790098105893,0
1790098106267,1
1790098106267,0
1790098106633,1
1790098106633,0
1790098107004,1
1790098107004,0
1790098107330,1
1790098107330,0
1790098107680,1
1790098107681,0
1790098108023,1
1790098108024,0
1790098108361,1
1790098108361,0
1790098108712,1
1790098108713,0
1790098109028,1
1790098109031,0
1790098109429,1
1790098109429,0
1790098109832,1
1790098109833,0
1790098110234,1
1790098110234,0
1790098110563,1
1790098110564,0
1790098110862,1
1790098110862,0
1790098111229,1
1790098111229,0
1790098111631,1
1790098111631,0
1790098112004,1
1790098112005,0
1790098112377,1
1790098112377,0
1790098112730,1
1790098112730,0
1790098113120,1
1790098113121,0
1790098113526,1
1790098113526,0
1790098113846,1
1790098113846,0
1790098114210,1
1790098114210,0
1790098114614,1
1790098114614,0
1790098115017,1
1790098115018,0
1790098115162,1
1790098115162,0
1790098115382,1
1790098115382,0
1790098115780,1
1790098115780,0
1790098116131,1
1790098116132,0
1790098116468,1
1790098116469,0
1790098116738,1
1790098116739,0
1790098117082,1
1790098117082,0
1790098117381,1
1790098117382,0
1790098117601,0
1790098117601,0
1790098117941,1
1790098117941,0
1790098118344,1
1790098118345,0
1790098118747,1
1790098118747,0
1790098119046,1
1790098119047,0
1790098119261,1
1790098119261,0
1790098119474,1
1790098119474,0
1790098119624,1
1790098119624,0
1790098119980,1
1790098119981,0
1790098120358,1
1790098120359,0
1790098120727,1
1790098120728,0
1790098120869,1
1790098120869,0
1790098121080,1
1790098121080,0
1790098121474,1
1790098121474,0
1790098121806,1
1790098121806,0
1790098122137,1
1790098122137,0
1790098122402,1
1790098122402,0
1790098122670,1
1790098122670,0
1790098122998,1
1790098122999,0
1790098123383,1
1790098123384,0
1790098123722,1
1790098123722,0
1790098123909,1
1790098123909,0
1790098124117,1
1790098124117,0
1790098124539,1
1790098124539,0
1790098124919,1
1790098124919,0
1790098125289,1
1790098125290,0
1790098125591,1
1790098125591,0
1790098125947,1
1790098125947,0
1790098126346,1
1790098126346,0
1790098126757,1
1790098126758,0
1790098127106,1
1790098127106,0
1790098127311,1
1790098127311,0
1790098127644,1
1790098127644,0
1790098128049,1
1790098128049,0
1790098128452,1
1790098128452,0
1790098128772,1
1790098128772,0
1790098129157,1
1790098129157,0
1790098129520,1
1790098129520,0
1790098129909,1
1790098129911,0
1790098130280,1
1790098130282,0
1790098130502,1
1790098130502,0
1790098130713,1
1790098130713,0
1790098130924,1
1790098130924,0
1790098131297,1
1790098131298,0
1790098131663,1
1790098131664,0
1790098132033,1
1790098132034,0
1790098132179,1
1790098132179,0
1790098132520,1
1790098132520,0
1790098132864,1
1790098132864,0
1790098133235,1
1790098133235,0
1790098133456,1
1790098133456,0
1790098133883,1
1790098133884,0
1790098134276,1
1790098134276,0
1790098134663,1
1790098134664,0
1790098134992,1
1790098134992,0
1790098135313,1
1790098135313,0
1790098135650,1
1790098135651,0
1790098136074,1
1790098136075,0
1790098136513,1
1790098136513,0
1790098136855,1
1790098136855,0
1790098137198,1
1790098137198,0
1790098137524,1
1790098137524,0
1790098137905,1
1790098137906,0
1790098138281,1
1790098138282,0
1790098138649,1
1790098138650,0
1790098139009,1
1790098139010,0
1790098139415,1
1790098139416,0
1790098139814,1
1790098139814,0
1790098140108,1
1790098140108,0
1790098140325,1
1790098140325,0
1790098140696,1
1790098140696,0
1790098140911,1
1790098140911,0
1790098141118,1
1790098141118,0
1790098141331,1
1790098141332,0
1790098141476,1
1790098141476,0
1790098141619,1
1790098141619,0
1790098141984,1
1790098141984,0
1790098142351,1
1790098142351,0
1790098142731,1
1790098142732,0
1790098143102,1
1790098143102,0
1790098143363,1
1790098143364,0
1790098143703,1
1790098143703,0
1790098144023,1
1790098144024,0
1790098144366,1
1790098144366,0
1790098144662,1
1790098144662,0
1790098145045,1
1790098145046,0
1790098145452,1
1790098145453,0
1790098145852,1
1790098145853,0
1790098146284,1
1790098146284,0
1790098146714,1
1790098146714,0
1790098147118,1
1790098147118,0
1790098147514,1
1790098147514,0
1790098147836,1
1790098147836,0
1790098148160,1
1790098148160,0
1790098148566,1
1790098148567,0
1790098148966,1
1790098148966,0
1790098149359,1
1790098149359,0
1790098149800,1
1790098149801,0
1790098150229,1
1790098150229,0
1790098150569,1
1790098150569,0
1790098150903,1
1790098150904,0
1790098151249,1
1790098151250,0
1790098151520,0
1790098151520,0
1790098151664,1
1790098151665,0
1790098152099,1
1790098152099,0
1790098152534,1
1790098152534,0
1790098152964,1
1790098152964,0
1790098153362,0
1790098153362,0
1790098153761,1
1790098153762,0
1790098153953,1
1790098153953,0
1790098154163,1
1790098154163,0
1790098154297,1
1790098154298,0
1790098154440,1
1790098154440,0
1790098154705,1
1790098154706,0
1790098155056,1
1790098155056,0
1790098155457,1
1790098155457,0
1790098155790,1
1790098155791,0
1790098156139,1
1790098156139,0
1790098156513,1
1790098156513,0
1790098156721,1
1790098156721,0
1790098156932,1
1790098156932,0
1790098157142,1
1790098157142,0
1790098157472,1
1790098157473,0
1790098157889,1
1790098157889,0
1790098158319,1
1790098158321,0
1790098158667,1
1790098158667,0
1790098158868,1
1790098158869,0
1790098159074,1
1790098159074,0
1790098159284,1
1790098159284,0
1790098159496,1
1790098159496,0
1790098159639,1
1790098159639,0
1790098159781,1
1790098159781,0
1790098159922,1
1790098159923,0
1790098160360,1
1790098160361,0
1790098160764,1
1790098160764,0
1790098161107,1
1790098161107,0
1790098161455,1
1790098161455,0
1790098161796,1
1790098161796,0
1790098162222,1
1790098162222,0
1790098162655,1
1790098162656,0
1790098163010,1
1790098163011,0
1790098163333,1
1790098163334,0
1790098163673,1
1790098163673,0
1790098163992,1
1790098163993,0
1790098164421,0
1790098164421,0
1790098164765,1
1790098164765,0
1790098165193,1
1790098165194,0
1790098165601,1
1790098165602,0
1790098166002,1
1790098166002,0
1790098166398,1
1790098166398,0
1790098166729,1
1790098166729,0
1790098167056,1
1790098167056,0
1790098167461,1
1790098167462,0
1790098167805,1
1790098167806,0
1790098168130,1
1790098168131,0
1790098168480,1
1790098168481,0
1790098168829,1
1790098168829,0
1790098169155,1
1790098169155,0
1790098169487,1
1790098169488,0
1790098169760,1
1790098169760,0
1790098169978,1
1790098169979,0
1790098170369,1
1790098170369,0
1790098170772,1
1790098170772,0
1790098171064,1
1790098171064,0
1790098171503,1
1790098171504,0
1790098171931,1
1790098171931,0
1790098172147,1
1790098172147,0
1790098172361,1
1790098172361,0
1790098172572,1
1790098172572,0
1790098172719,1
1790098172719,0
1790098173015,1
1790098173015,0
1790098173357,1
1790098173357,0
1790098173758,1
1790098173759,0
1790098174071,1
1790098174071,0
1790098174409,1
1790098174409,0
1790098174738,1
1790098174738,0
1790098175086,1
1790098175087,0
1790098175430,1
1790098175430,0
1790098175698,1
1790098175698,0
1790098176054,1
1790098176054,0
1790098176450,1
1790098176450,0
1790098176852,1
1790098176853,0
1790098177214,1
1790098177214,0
1790098177424,1
1790098177424,0
1790098177821,1
1790098177821,0
1790098178187,1
1790098178188,0
1790098178562,1
1790098178563,0
1790098178935,1
1790098178935,0
1790098179233,1
1790098179233,0
1790098179585,1
1790098179585,0
1790098179947,1
1790098179947,0
1790098180348,1
1790098180348,0
1790098180566,1
1790098180566,0
1790098180779,1
1790098180779,0
1790098180914,1
1790098180914,0
1790098181344,1
1790098181345,0
1790098181778,1
1790098181778,0
1790098182209,1
1790098182209,0
1790098182476,1
1790098182477,0
1790098182820,1
1790098182820,0
1790098183164,1
1790098183165,0
1790098183313,1
1790098183314,0
1790098183717,1
1790098183717,0
1790098183907,1
1790098183907,0
1790098184274,1
1790098184275,0
1790098184652,1
1790098184653,0
1790098184952,1
1790098184952,0
1790098185252,1
1790098185253,0
1790098185680,1
1790098185681,0
1790098186054,1
1790098186055,0
1790098186480,1
1790098186481,0
1790098186832,1
1790098186832,0
1790098187180,1
1790098187181,0
1790098187571,1
1790098187571,0
1790098187998,1
1790098187998,0
1790098188420,1
1790098188420,0
1790098188819,1
1790098188819,0
1790098189081,1
1790098189081,0
1790098189417,1
1790098189417,0
1790098189759,1
1790098189760,0
1790098190178,1
1790098190178,0
1790098190627,1
1790098190628,0
1790098191006,1
1790098191007,0
1790098191431,1
1790098191432,0
1790098191859,1
1790098191859,0
1790098192300,1
1790098192301,0
1790098192651,1
1790098192651,0
1790098193015,1
1790098193015,0
1790098193244,1
1790098193244,0
1790098193681,1
1790098193681,0
1790098194038,1
1790098194038,0
1790098194397,1
1790098194398,0
1790098194728,1
1790098194728,0
1790098195172,1
1790098195172,0
1790098195621,1
1790098195621,0
1790098195984,1
1790098195985,0
1790098196381,1
1790098196382,0
1790098196717,1
1790098196717,0
1790098197059,1
1790098197060,0
1790098197325,1
1790098197325,0
1790098197693,1
1790098197693,0
1790098198091,1
1790098198091,0
1790098198504,1
1790098198504,0
1790098198905,1
1790098198905,0
1790098199228,1
1790098199228,0
1790098199630,1
1790098199631,0
1790098199898,1
1790098199898,0
1790098200314,1
1790098200315,0
1790098200528,1
1790098200528,0
1790098200940,1
1790098200940,0
1790098201353,1
1790098201353,0
1790098201782,1
1790098201782,0
1790098202182,1
1790098202182,0
1790098202586,1
1790098202586,0
1790098202910,1
1790098202911,0
1790098203287,1
1790098203287,0
1790098203515,1
1790098203515,0
1790098203726,1
1790098203727,0
1790098204024,1
1790098204025,0
1790098204395,1
1790098204395,0
1790098204835,1
1790098204835,0
1790098205191,1
1790098205192,0
1790098205530,1
1790098205531,0
1790098205792,1
1790098205793,0
1790098206153,1
1790098206153,0
1790098206298,1
1790098206298,0
1790098206502,1
1790098206502,0
1790098206911,1
1790098206911,0
1790098207305,1
1790098207305,0
1790098207715,1
1790098207716,0
1790098208133,1
1790098208133,0
1790098208540,1
1790098208540,0
1790098208949,1
1790098208950,0
1790098209343,1
1790098209343,0
1790098209667,1
1790098209668,0
1790098210023,1
1790098210023,0
1790098210364,1
1790098210364,0
1790098210594,1
1790098210594,0
1790098211031,1
1790098211031,0
1790098211414,1
1790098211415,0
1790098211784,1
1790098211784,0
1790098212151,1
1790098212151,0
1790098212537,1
1790098212538,0
1790098212837,1
1790098212838,0
1790098213134,1
1790098213134,0
1790098213361,1
1790098213362,0
1790098213784,1
1790098213784,0
1790098213982,1
1790098213983,0
1790098214183,1
1790098214184,0
1790098214323,1
1790098214323,0
1790098214753,1
1790098214753,0
1790098215185,1
1790098215185,0
1790098215611,1
1790098215612,0
1790098215969,1
1790098215969,0
1790098216368,1
1790098216368,0
1790098216776,1
1790098216777,0
1790098217102,1
1790098217103,0
1790098217532,1
1790098217532,0
1790098217925,1
1790098217925,0
1790098218144,1
1790098218144,0
1790098218352,1
1790098218352,0
1790098218495,1
1790098218496,0
1790098218719,1
1790098218719,0
1790098218986,1
1790098218987,0
1790098219364,1
1790098219364,0
1790098219806,1
1790098219806,0
1790098220254,1
1790098220254,0
1790098220691,1
1790098220692,0
1790098221128,1
1790098221128,0
1790098221510,1
1790098221510,0
1790098221892,1
1790098221893,0
1790098222192,1
1790098222193,0
1790098222404,1
1790098222404,0
1790098222838,1
1790098222839,0
1790098223269,1
1790098223269,0
1790098223621,1
1790098223621,0
1790098223971,1
1790098223972,0
1790098224189,1
1790098224189,0
1790098224561,1
1790098224562,0
1790098224932,1
1790098224932,0
1790098225229,1
1790098225229,0
1790098225615,1
1790098225615,0
1790098225755,1
1790098225755,0
1790098226078,1
1790098226078,0
1790098226514,1
1790098226514,0
1790098226840,1
1790098226840,0
1790098227190,1
1790098227190,0
1790098227528,1
1790098227529,0
1790098227880,1
1790098227881,0
1790098228212,1
1790098228212,0
1790098228560,1
1790098228561,0
1790098228825,1
1790098228825,0
1790098229243,1
1790098229244,0
1790098229672,1
1790098229672,0
1790098230025,1
1790098230026,0
1790098230468,1
1790098230469,0
1790098230832,1
1790098230832,0
1790098231256,1
1790098231256,0
1790098231692,1
1790098231693,0
1790098232129,1
1790098232129,0
1790098232481,1
1790098232481,0
1790098232747,1
1790098232747,0
1790098233085,1
1790098233085,0
1790098233457,1
1790098233458,0
1790098233900,1
1790098233900,0
1790098234337,1
1790098234337,0
1790098234636,1
1790098234636,0
1790098235042,1
1790098235042,0
1790098235438,1
1790098235438,0
1790098235850,1
1790098235850,0
1790098236147,1
1790098236147,0
1790098236363,1
1790098236364,0
1790098236591,1
1790098236591,0
1790098236980,1
1790098236981,0
1790098237209,1
1790098237209,0
1790098237628,1
1790098237629,0
1790098237970,1
1790098237970,0
1790098238325,1
1790098238325,0
1790098238591,1
1790098238592,0
1790098238854,1
1790098238854,0
1790098238993,1
1790098238993,0
1790098239333,1
1790098239333,0
1790098239548,1
1790098239548,0
1790098239912,1
1790098239912,0
1790098240265,1
1790098240265,0
1790098240537,1
1790098240537,0
1790098240930,1
1790098240930,0
1790098241328,1
1790098241328,0
1790098241657,1
1790098241657,0
1790098242070,1
1790098242070,0
1790098242441,1
1790098242441,0
1790098242831,1
1790098242831,0
1790098243220,1
1790098243220,0
1790098243649,1
1790098243649,0
1790098244061,1
1790098244062,0
1790098244288,1
1790098244288,0
1790098244496,1
1790098244496,0
1790098244716,1
1790098244716,0
1790098244856,1
1790098244856,0
1790098245212,1
1790098245213,0
1790098245626,1
1790098245626,0
1790098245981,1
1790098245982,0
1790098246411,1
1790098246412,0
1790098246837,1
1790098246838,0
1790098247192,1
1790098247192,0
1790098247575,1
1790098247576,0
1790098247943,1
1790098247944,0
1790098248240,1
1790098248240,0
1790098248684,1
1790098248684,0
1790098249021,1
1790098249021,0
1790098249379,1
1790098249379,0
1790098249731,1
1790098249731,0
1790098249946,1
1790098249946,0
1790098250165,1
1790098250165,0
1790098250494,1
1790098250494,0
1790098250829,1
1790098250829,0
1790098251189,1
1790098251189,0
1790098251458,1
1790098251458,0
1790098251751,1
1790098251751,0
1790098252102,1
1790098252102,0
1790098252470,1
1790098252470,0
1790098252682,1
1790098252682,0
1790098252896,1
1790098252896,0
1790098253191,1
1790098253191,0
1790098253623,1
1790098253624,0
1790098254062,1
1790098254063,0
1790098254421,1
1790098254421,0
1790098254791,1
1790098254791,0
1790098255150,1
1790098255150,0
1790098255493,1
1790098255494,0
1790098255848,1
1790098255848,0
1790098256277,1
1790098256278,0
1790098256723,1
1790098256723,0
1790098256941,1
1790098256941,0
1790098257147,1
1790098257147,0
1790098257365,1
1790098257365,0
1790098257509,1
1790098257509,0
1790098257865,1
1790098257865,0
1790098258079,1
1790098258079,0
1790098258470,1
1790098258470,0
1790098258882,1
1790098258883,0
1790098259280,1
1790098259281,0
1790098259556,1
1790098259556,0
1790098259975,1
1790098259975,0
1790098260394,1
1790098260394,0
1790098260716,1
1790098260716,0
1790098261053,1
1790098261054,0
1790098261452,1
1790098261453,0
1790098261854,1
1790098261854,0
1790098261999,1
1790098261999,0
1790098262228,1
1790098262228,0
1790098262646,1
1790098262646,0
1790098262865,1
1790098262865,0
1790098263086,1
1790098263086,0
1790098263291,1
1790098263291,0
1790098263430,1
1790098263430,0
1790098263698,1
1790098263698,0
1790098264111,1
1790098264112,0
1790098264492,1
1790098264492,0
1790098264828,1
1790098264829,0
1790098265164,1
1790098265164,0
1790098265549,1
1790098265550,0
1790098265758,1
1790098265759,0
1790098265969,1
1790098265969,0
1790098266188,1
1790098266188,0
1790098266538,1
1790098266538,0
1790098266935,1
1790098266935,0
1790098267348,1
1790098267348,0
1790098267782,1
1790098267782,0
1790098268013,1
1790098268013,0
1790098268355,1
1790098268355,0
1790098268777,1
1790098268777,0
1790098269178,1
1790098269178,0
1790098269534,1
1790098269534,0
1790098269883,1
1790098269883,0
1790098270204,1
1790098270204,0
1790098270628,1
1790098270628,0
1790098270972,1
1790098270972,0
1790098271387,1
1790098271387,0
1790098271785,1
1790098271785,0
1790098272172,1
1790098272172,0
1790098272512,1
1790098272513,0
1790098272849,1
1790098272849,0
1790098273116,1
1790098273116,0
1790098273478,1
1790098273478,0
1790098273848,1
1790098273848,0
1790098274235,1
1790098274235,0
1790098274570,1
1790098274571,0
1790098274801,1
1790098274801,0
1790098275013,1
1790098275014,0
1790098275461,1
1790098275461,0
1790098275888,1
1790098275888,0
1790098276337,1
1790098276337,0
1790098276690,1
1790098276691,0
1790098277010,1
1790098277010,0
1790098277349,1
1790098277349,0
1790098277733,1
1790098277733,0
1790098278093,1
1790098278094,0
1790098278445,1
1790098278445,0
1790098278712,1
1790098278712,0
1790098279133,1
1790098279133,0
1790098279571,1
1790098279571,0
1790098279923,1
1790098279923,0
1790098280274,1
1790098280274,0
1790098280626,1
1790098280627,0
1790098280961,1
1790098280961,0
1790098281311,1
1790098281311,0
1790098281533,1
1790098281533,0
1790098281872,1
1790098281872,0
1790098282309,1
1790098282309,0
1790098282753,1
1790098282753,0
1790098283112,1
1790098283113,0
1790098283467,1
1790098283468,0
1790098283794,1
1790098283794,0
1790098284165,1
1790098284165,0
1790098284504,1
1790098284505,0
1790098284736,1
1790098284736,0
1790098284957,1
1790098284957,0
1790098285225,1
1790098285226,0
1790098285659,1
1790098285660,0
1790098286102,1
1790098286102,0
1790098286456,1
1790098286456,0
1790098286674,1
1790098286674,0
1790098287083,1
1790098287084,0
1790098287477,1
1790098287477,0
1790098287707,1
1790098287707,0
1790098288083,1
1790098288083,0
1790098288503,1
1790098288504,0
1790098288891,1
1790098288891,0
1790098289268,1
1790098289268,0
1790098289639,1
1790098289639,0
1790098289937,1
1790098289937,0
1790098290079,1
1790098290080,0
1790098290292,1
1790098290292,0
1790098290631,1
1790098290631,0
1790098290857,1
1790098290857,0
1790098291066,1
1790098291066,0
1790098291471,1
1790098291472,0
1790098291843,1
1790098291844,0
1790098292211,1
1790098292211,0
1790098292582,1
1790098292583,0
1790098292910,1
1790098292910,0
1790098293244,1
1790098293244,0
1790098293602,1
1790098293602,0
1790098294044,1
1790098294044,0
1790098294383,1
1790098294384,0
1790098294710,1
1790098294711,0
1790098295095,1
1790098295096,0
1790098295458,1
1790098295458,0
1790098295753,1
1790098295753,0
1790098296132,1
1790098296133,0
1790098296488,1
1790098296488,0
1790098296708,1
1790098296708,0
1790098297060,1
1790098297060,0
1790098297275,1
1790098297275,0
1790098297486,1
1790098297486,0
1790098297924,1
1790098297924,0
1790098298349,1
1790098298349,0
1790098298777,1
1790098298777,0
1790098299123,1
1790098299124,0
1790098299267,1
1790098299267,0
1790098299480,1
1790098299481,0
1790098299700,1
1790098299700,0
1790098299841,1
1790098299841,0
1790098300067,1
1790098300067,0
1790098300287,1
1790098300287,0
1790098300677,1
1790098300678,0
1790098301089,1
1790098301090,0
1790098301489,1
1790098301489,0
1790098301816,1
1790098301816,0
1790098302082,1
1790098302082,0
1790098302450,1
1790098302451,0
1790098302671,1
1790098302671,0
1790098302897,1
1790098302897,0
1790098303122,1
1790098303123,0
1790098303521,1
1790098303522,0
1790098303741,1
1790098303741,0
1790098303931,1
1790098303931,0
1790098304071,1
1790098304071,0
1790098304364,1
1790098304364,0
1790098304803,1
1790098304804,0
1790098305243,1
1790098305243,0
1790098305675,1
1790098305675,0
1790098305881,1
1790098305881,0
1790098306063,1
1790098306063,0
1790098306467,0
1790098306467,0
1790098306865,1
1790098306865,0
1790098307267,1
1790098307267,0
1790098307587,1
1790098307587,0
1790098307908,1
1790098307909,0
1790098308248,1
1790098308248,0
1790098308583,1
1790098308584,0
1790098308815,1
1790098308815,0
1790098309005,1
1790098309005,0
1790098309331,1
1790098309331,0
1790098309765,0
1790098309766,0
1790098310214,1
1790098310214,0
1790098310568,1
1790098310569,0
1790098310889,1
1790098310889,0
1790098311338,1
1790098311338,0
1790098311774,1
1790098311774,0
1790098312100,1
1790098312100,0
1790098312528,1
1790098312528,0
1790098312966,1
1790098312967,0
1790098313186,1
1790098313186,0
1790098313407,1
1790098313408,0
1790098313614,1
1790098313614,0
1790098313755,1
1790098313755,0
1790098314114,1
1790098314114,0
1790098314340,1
1790098314340,0
1790098314674,1
1790098314675,0
1790098315116,1
1790098315116,0
1790098315544,1
1790098315545,0
1790098315810,1
1790098315810,0
1790098316042,1
1790098316043,0
1790098316246,1
1790098316246,0
1790098316388,1
1790098316388,0
1790098316746,1
1790098316746,0
1790098317098,1
1790098317099,0
1790098317453,1
1790098317454,0
1790098317810,1
1790098317810,0
1790098318199,1
1790098318200,0
1790098318645,1
1790098318645,0
1790098318870,1
1790098318870,0
1790098319085,1
1790098319085,0
1790098319291,1
1790098319291,0
1790098319433,1
1790098319433,0
1790098319760,1
1790098319760,0
1790098319992,1
1790098319992,0
1790098320349,1
1790098320349,0
1790098320722,1
1790098320722,0
1790098321083,1
1790098321083,0
1790098321438,1
1790098321438,0
1790098321778,1
1790098321779,0
1790098322130,1
1790098322131,0
1790098322398,1
1790098322398,0
1790098322815,1
1790098322815,0
1790098323256,1
1790098323256,0
1790098323694,1
1790098323694,0
1790098323987,1
1790098323987,0
1790098324344,1
1790098324344,0
1790098324759,1
1790098324759,0
1790098325106,1
1790098325106,0
1790098325434,1
1790098325435,0
1790098325773,1
1790098325773,0
1790098326033,1
1790098326033,0
1790098326173,1
1790098326173,0
1790098326518,1
1790098326519,0
1790098326929,1
1790098326929,0
1790098327259,1
1790098327259,0
1790098327605,1
1790098327605,0
1790098327934,1
1790098327935,0
1790098328307,1
1790098328307,0
1790098328704,1
1790098328704,0
1790098329023,1
1790098329023,0
1790098329473,1
1790098329474,0
1790098329797,1
1790098329797,0
1790098330152,1
1790098330153,0
1790098330297,1
1790098330297,0
1790098330643,1
1790098330643,0
1790098330997,1
1790098330997,0
1790098331398,1
1790098331399,0
1790098331803,1
1790098331803,0
1790098332218,1
1790098332219,0
1790098332547,1
1790098332547,0
1790098332817,1
1790098332818,0
1790098333198,1
1790098333198,0
1790098333565,1
1790098333565,0
1790098333936,1
1790098333936,0
1790098334317,1
1790098334317,0
1790098334586,1
1790098334586,0
1790098334800,1
1790098334801,0
1790098335003,1
1790098335003,0
1790098335225,1
1790098335225,0
1790098335364,1
1790098335364,0
1790098335745,1
1790098335745,0
1790098336131,1
1790098336131,0
1790098336450,1
1790098336450,0
1790098336879,1
1790098336879,0
1790098337286,1
1790098337286,0
1790098337611,1
1790098337611,0
1790098337953,1
1790098337953,0
1790098338294,1
1790098338295,0
1790098338559,1
1790098338560,0
1790098338914,1
1790098338914,0
1790098339280,1
1790098339280,0
1790098339717,1
1790098339717,0
1790098340120,1
1790098340120,0
1790098340532,1
1790098340532,0
1790098340803,1
1790098340803,0
1790098341169,1
1790098341169,0
1790098341540,1
1790098341540,0
1790098341841,1
1790098341841,0
1790098342180,1
1790098342180,0
1790098342524,1
1790098342524,0
1790098342857,1
1790098342857,0
1790098343215,1
1790098343215,0
1790098343430,1
1790098343430,0
1790098343651,1
1790098343652,0
1790098344014,1
1790098344015,0
1790098344378,1
1790098344378,0
1790098344675,1
1790098344675,0
1790098345051,1
1790098345051,0
1790098345198,1
1790098345198,0
1790098345589,1
1790098345589,0
1790098346019,1
1790098346019,0
1790098346453,1
1790098346454,0
1790098346869,1
1790098346869,0
1790098347136,1
1790098347137,0
1790098347522,1
1790098347522,0
1790098347890,1
1790098347891,0
1790098348255,1
1790098348255,0
1790098348553,1
1790098348553,0
1790098348892,1
1790098348892,0
1790098349234,1
1790098349235,0
1790098349620,1
1790098349621,0
1790098350003,1
1790098350003,0
1790098350384,1
1790098350385,0
1790098350710,1
1790098350711,0
1790098351054,1
1790098351055,0
1790098351394,1
1790098351396,0
1790098351671,1
1790098351672,0
1790098352003,1
1790098352004,0
1790098352230,1
1790098352231,0
1790098352650,1
1790098352650,0
1790098353025,1
1790098353026,0
1790098353396,1
1790098353396,0
1790098353617,1
1790098353617,0
1790098354045,1
1790098354046,0
1790098354487,1
1790098354487,0
1790098354842,1
1790098354842,0
1790098354988,1
1790098354988,0
1790098355388,1
1790098355389,0
1790098355784,1
1790098355785,0
1790098356051,1
1790098356051,0
1790098356263,1
1790098356263,0
1790098356595,1
1790098356595,0
1790098356941,1
1790098356941,0
1790098357298,1
1790098357298,0
1790098357628,1
1790098357628,0
1790098357893,1
1790098357893,0
1790098358220,1
1790098358221,0
1790098358650,1
1790098358651,0
1790098358865,1
1790098358865,0
1790098359221,1
1790098359221,0
1790098359603,1
1790098359604,0
1790098359959,1
1790098359960,0
1790098360285,1
1790098360285,0
1790098360639,1
1790098360639,0
1790098360904,1
1790098360905,0
1790098361172,1
1790098361172,0
1790098361553,1
1790098361554,0
1790098361912,1
1790098361912,0
1790098362249,1
1790098362249,0
1790098362656,1
1790098362657,0
1790098362896,1
1790098362896,0
1790098363274,1
1790098363274,0
1790098363648,1
1790098363649,0
1790098364006,1
1790098364006,0
1790098364306,1
1790098364306,0
1790098364600,1
1790098364601,0
1790098364944,1
1790098364944,0
1790098365287,1
1790098365288,0
1790098365691,1
1790098365691,0
1790098366104,1
1790098366104,0
1790098366482,1
1790098366483,0
1790098366879,1
1790098366879,0
1790098367274,1
1790098367275,0
1790098367694,1
1790098367695,0
1790098368020,1
1790098368020,0
1790098368237,1
1790098368237,0
1790098368446,1
1790098368446,0
1790098368790,1
1790098368790,0
1790098369114,1
1790098369114,0
1790098369515,1
1790098369516,0
1790098369741,1
1790098369741,0
1790098369945,1
1790098369945,0
1790098370084,1
1790098370084,0
1790098370228,1
1790098370228,0
1790098370373,1
1790098370374,0
1790098370800,1
1790098370801,0
1790098371176,1
1790098371177,0
1790098371603,1
1790098371603,0
1790098372027,1
1790098372027,0
1790098372406,1
1790098372407,0
1790098372800,1
1790098372802,0
1790098373214,1
1790098373215,0
1790098373542,1
1790098373543,0
1790098373973,1
1790098373974,0
1790098374374,1
1790098374374,0
1790098374770,1
1790098374771,0
1790098375116,1
1790098375117,0
1790098375458,1
1790098375458,0
1790098375823,1
1790098375824,0
1790098376196,1
1790098376197,0
1790098376576,1
1790098376577,0
1790098376870,1
1790098376871,0
1790098377232,1
1790098377232,0
1790098377559,1
1790098377560,0
1790098377902,1
1790098377903,0
1790098378304,1
1790098378304,0
1790098378526,1
1790098378526,0
1790098378734,1
1790098378735,0
1790098379033,1
1790098379033,0
1790098379373,1
1790098379373,0
1790098379705,1
1790098379706,0
1790098380048,1
1790098380049,0
1790098380373,1
1790098380373,0
1790098380751,1
1790098380752,0
1790098381121,1
1790098381121,0
1790098381481,1
1790098381482,0
1790098381823,1
1790098381824,0
1790098382035,1
1790098382035,0
1790098382463,1
1790098382464,0
1790098382889,1
1790098382890,0
1790098383333,1
1790098383333,0
1790098383694,1
1790098383694,0
1790098384052,1
1790098384052,0
1790098384401,1
1790098384402,0
1790098384628,1
1790098384628,0
1790098385039,1
1790098385039,0
1790098385447,1
1790098385447,0
1790098385592,1
1790098385592,0
1790098386034,1
1790098386034,0
1790098386460,1
1790098386461,0
1790098386891,1
1790098386891,0
1790098387034,1
1790098387034,0
1790098387435,1
1790098387435,0
1790098387830,1
1790098387830,0
1790098388216,1
1790098388216,0
1790098388448,1
1790098388448,0
1790098388840,1
1790098388840,0
1790098389216,1
1790098389216,0
1790098389625,1
1790098389626,0
1790098389951,1
1790098389951,0
1790098390344,1
1790098390344,0
1790098390643,1
1790098390643,0
1790098391009,1
1790098391010,0
1790098391390,1
1790098391390,0
1790098391772,1
1790098391772,0
1790098392152,1
1790098392152,0
1790098392514,1
1790098392514,0
1790098392898,1
1790098392898,0
1790098393270,1
1790098393270,0
1790098393632,1
1790098393632,0
1790098393926,1
1790098393926,0
1790098394332,1
1790098394332,0
1790098394729,1
1790098394730,0
1790098395088,1
1790098395089,0
1790098395496,1
1790098395497,0
1790098395827,1
1790098395828,0
1790098396060,1
1790098396060,0
1790098396280,1
1790098396280,0
1790098396488,1
1790098396488,0
1790098396630,1
1790098396630,0
1790098396928,1
1790098396929,0
1790098397158,1
1790098397158,0
1790098397381,1
1790098397381,0
1790098397802,1
1790098397802,0
1790098398227,1
1790098398227,0
1790098398583,1
1790098398583,0
1790098399023,1
1790098399024,0
1790098399467,1
1790098399468,0
1790098399825,1
1790098399825,0
1790098399970,1
1790098399970,0
1790098400205,1
1790098400205,0
1790098400418,1
1790098400418,0
1790098400681,1
1790098400682,0
1790098401094,1
1790098401094,0
1790098401512,1
1790098401512,0
1790098401947,1
1790098401948,0
1790098402361,1
1790098402361,0
1790098402804,1
1790098402805,0
1790098403161,1
1790098403162,0
1790098403459,1
1790098403459,0
1790098403839,1
1790098403839,0
1790098404234,1
1790098404234,0
1790098404586,1
1790098404587,0
1790098404937,1
1790098404937,0
1790098405334,1
1790098405334,0
1790098405690,1
1790098405690,0
1790098406022,1
1790098406022,0
1790098406291,1
1790098406291,0
1790098406626,1
1790098406627,0
1790098407013,1
1790098407013,0
1790098407413,1
1790098407414,0
1790098407799,1
1790098407799,0
1790098408224,1
1790098408224,0
1790098408553,1
1790098408553,0
1790098408903,1
1790098408903,0
1790098409270,1
1790098409270,0
1790098409642,1
1790098409642,0
1790098409939,1
1790098409939,0
1790098410266,1
1790098410266,0
1790098410683,1
1790098410683,0
1790098411034,1
1790098411035,0
1790098411421,1
1790098411422,0
1790098411795,1
1790098411796,0
1790098412191,1
1790098412191,0
1790098412417,1
1790098412417,0
1790098412624,1
1790098412625,0
1790098412765,1
1790098412765,0
1790098413147,1
1790098413147,0
1790098413481,1
1790098413481,0
1790098413831,1
1790098413831,0
1790098414095,1
1790098414095,0
1790098414493,1
1790098414493,0
1790098414835,1
1790098414836,0
1790098415229,1
1790098415229,0
1790098415633,1
1790098415633,0
1790098415956,1
1790098415956,0
1790098416374,1
1790098416374,0
1790098416728,0
1790098416730,0
1790098416942,1
1790098416942,0
1790098417322,1
1790098417322,0
1790098417755,1
1790098417756,0
1790098418200,1
1790098418200,0
1790098418529,1
1790098418529,0
1790098418962,1
1790098418962,0
1790098419393,1
1790098419393,0
1790098419840,1
1790098419841,0
1790098420171,1
1790098420172,0
1790098420505,1
1790098420505,0
1790098420844,1
1790098420844,0
1790098421199,1
1790098421200,0
1790098421588,1
1790098421588,0
1790098421991,1
1790098421992,0
1790098422387,1
1790098422387,0
1790098422784,1
1790098422785,0
1790098423199,1
1790098423200,0
1790098423523,1
1790098423523,0
1790098423875,1
1790098423875,0
1790098424243,1
1790098424244,0
1790098424685,1
1790098424685,0
1790098425135,1
1790098425136,0
1790098425565,1
1790098425566,0
1790098426000,1
1790098426000,0
1790098426213,1
1790098426213,0
1790098426420,1
1790098426420,0
1790098426559,1
1790098426560,0
1790098426826,1
1790098426826,0
1790098427170,1
1790098427171,0
1790098427516,1
1790098427516,0
1790098427871,1
1790098427871,0
1790098428103,1
1790098428103,0
1790098428446,1
1790098428446,0
1790098428794,1
1790098428794,0
1790098429115,1
1790098429115,0
1790098429455,1
1790098429455,0
1790098429722,1
1790098429722,0
1790098430089,1
1790098430089,0
1790098430531,1
1790098430531,0
1790098430890,1
1790098430890,0
1790098431112,1
1790098431112,0
1790098431333,1
1790098431333,0
1790098431720,1
1790098431721,0
1790098432098,1
1790098432098,0
1790098432492,1
1790098432492,0
1790098432791,1
1790098432791,0
1790098432935,1
1790098432935,0
1790098433300,1
1790098433301,0
1790098433670,1
1790098433671,0
1790098433810,1
1790098433810,0
1790098434161,1
1790098434161,0
1790098434527,1
1790098434527,0
1790098434885,1
1790098434886,0
1790098435247,1
1790098435248,0
1790098435591,1
1790098435592,0
1790098435856,1
1790098435857,0
1790098436151,1
1790098436152,0
1790098436583,1
1790098436584,0
1790098436937,1
1790098436937,0
1790098437360,1
1790098437360,0
1790098437793,1
1790098437794,0
1790098438171,1
1790098438172,0
1790098438519,1
1790098438519,0
1790098438867,1
1790098438867,0
1790098439186,1
1790098439186,0
1790098439323,1
1790098439323,0
1790098439534,1
1790098439534,0
1790098439747,1
1790098439747,0
1790098440094,1
1790098440094,0
1790098440452,1
1790098440452,0
1790098440804,1
1790098440805,0
1790098441218,1
1790098441219,0
1790098441613,1
1790098441613,0
1790098442024,1
1790098442025,0
1790098442356,1
1790098442356,0
1790098442496,1
1790098442497,0
1790098442713,1
1790098442713,0
1790098443082,1
1790098443082,0
1790098443461,1
1790098443461,0
1790098443821,1
1790098443821,0
1790098444239,1
1790098444240,0
1790098444614,1
1790098444615,0
1790098444982,1
1790098444983,0
1790098445277,1
1790098445277,0
1790098445662,1
1790098445662,0
1790098446104,1
1790098446104,0
1790098446534,1
1790098446535,0
1790098446805,1
1790098446805,0
1790098447147,1
1790098447148,0
1790098447527,1
1790098447527,0
1790098447856,1
1790098447856,0
1790098448181,1
1790098448181,0
1790098448443,1
1790098448443,0
1790098448795,1
1790098448795,0
1790098449086,1
1790098449086,0
1790098449505,1
1790098449505,0
1790098449845,1
1790098449845,0
1790098450284,1
1790098450284,0
1790098450732,1
1790098450732,0
1790098451002,1
1790098451002,0
1790098451336,1
1790098451336,0
1790098451676,1
1790098451677,0
1790098452028,1
1790098452028,0
1790098452385,1
1790098452385,0
1790098452828,1
1790098452829,0
1790098453255,1
1790098453256,0
1790098453522,1
1790098453522,0
1790098453886,1
1790098453886,0
1790098454296,1
1790098454296,0
1790098454737,1
1790098454738,0
1790098455186,1
1790098455186,0
1790098455619,1
1790098455621,0
1790098455983,1
1790098455983,0
1790098456366,1
1790098456366,0
1790098456599,1
1790098456600,0
1790098457023,1
1790098457023,0
1790098457452,1
1790098457452,0
1790098457875,1
1790098457876,0
1790098458235,1
1790098458236,0
1790098458446,1
1790098458446,0
1790098458646,1
1790098458646,0
1790098458788,1
1790098458788,0
1790098459057,1
1790098459057,0
1790098459427,1
1790098459428,0
1790098459800,1
1790098459800,0
1790098459943,1
1790098459943,0
1790098460365,1
1790098460365,0
1790098460804,1
1790098460805,0
1790098461139,1
1790098461140,0
1790098461476,1
1790098461476,0
1790098461736,1
1790098461736,0
1790098461998,1
1790098461998,0
1790098462356,1
1790098462356,0
1790098462793,1
1790098462793,0
1790098463165,1
1790098463165,0
1790098463504,1
1790098463504,0
1790098463841,1
1790098463841,0
1790098464171,1
1790098464171,0
1790098464559,1
1790098464559,0
1790098464952,1
1790098464952,0
1790098465283,1
1790098465283,0
1790098465550,1
1790098465551,0
1790098465961,1
1790098465961,0
1790098466355,1
1790098466356,0
1790098466643,1
1790098466644,0
1790098467092,1
1790098467092,0
1790098467489,1
1790098467489,0
1790098467701,1
1790098467701,0
1790098467911,1
1790098467911,0
1790098468054,1
1790098468054,0
1790098468194,1
1790098468194,0
1790098468510,1
1790098468511,0
1790098468910,1
1790098468910,0
1790098469295,1
1790098469296,0
1790098469719,1
1790098469719,0
1790098470143,1
1790098470144,0
1790098470469,1
1790098470469,0
1790098470839,1
1790098470840,0
1790098471208,1
1790098471208,0
1790098471504,1
1790098471504,0
1790098471825,1
1790098471825,0
1790098472048,1
1790098472048,0
1790098472255,1
1790098472256,0
1790098472611,1
1790098472611,0
1790098472804,1
1790098472804,0
1790098473237,1
1790098473238,0
1790098473665,1
1790098473665,0
1790098474096,1
1790098474096,0
1790098474454,1
1790098474454,0
1790098474815,1
1790098474815,0
1790098475170,1
1790098475170,0
1790098475604,1
1790098475605,0
1790098475813,1
1790098475813,0
1790098476205,1
1790098476206,0
1790098476592,1
1790098476593,0
1790098476893,1
1790098476893,0
1790098477249,1
1790098477249,0
1790098477613,1
1790098477613,0
1790098477916,1
1790098477916,0
1790098478221,1
1790098478221,0
1790098478434,1
1790098478434,0
1790098478640,1
1790098478640,0
1790098478929,1
1790098478930,0
1790098479320,1
1790098479320,0
1790098479544,1
1790098479544,0
1790098479752,1
1790098479752,0
1790098479957,1
1790098479957,0
1790098480097,1
1790098480097,0
1790098480241,1
1790098480241,0
1790098480380,1
1790098480380,0
1790098480792,1
1790098480792,0
1790098481162,1
1790098481162,0
1790098481377,1
1790098481377,0
1790098481587,1
1790098481588,0
1790098481855,1
1790098481855,0
1790098482270,1
1790098482270,0
1790098482678,1
1790098482678,0
1790098483029,1
1790098483029,0
1790098483295,1
1790098483295,0
1790098483641,1
1790098483641,0
1790098483975,1
1790098483976,0
1790098484241,1
1790098484241,0
1790098484627,1
1790098484627,0
1790098484971,1
1790098484972,0
1790098485305,1
1790098485305,0
1790098485641,1
1790098485642,0
1790098485906,1
1790098485906,0
1790098486171,1
1790098486171,0
1790098486312,1
1790098486312,0
1790098486735,1
1790098486736,0
1790098487131,1
1790098487131,0
1790098487492,1
1790098487492,0
1790098487863,1
1790098487864,0
1790098488132,1
1790098488132,0
1790098488527,1
1790098488528,0
1790098488922,1
1790098488922,0
1790098489249,1
1790098489250,0
1790098489573,1
1790098489573,0
1790098489978,1
1790098489979,0
1790098490375,1
1790098490376,0
1790098490668,1
1790098490668,0
1790098490875,1
1790098490875,0
1790098491212,0
1790098491213,0
1790098491419,1
1790098491419,0
1790098491622,1
1790098491622,0
1790098491761,1
1790098491761,0
1790098491905,1
1790098491905,0
1790098492175,1
1790098492176,0
1790098492530,1
1790098492531,0
1790098492741,1
1790098492742,0
1790098493103,1
1790098493104,0
1790098493460,1
1790098493460,0
1790098493725,1
1790098493725,0
1790098494110,1
1790098494111,0
1790098494492,1
1790098494493,0
1790098494814,1
1790098494815,0
1790098495114,1
1790098495115,0
1790098495549,1
1790098495549,0
1790098495979,1
1790098495979,0
1790098496331,1
1790098496331,0
1790098496543,1
1790098496543,0
1790098496945,1
1790098496945,0
1790098497157,1
1790098497157,0
1790098497365,1
1790098497365,0
1790098497506,1
1790098497506,0
1790098497650,1
1790098497650,0
1790098497978,1
1790098497978,0
1790098498343,1
1790098498343,0
1790098498548,1
1790098498548,0
1790098498968,1
1790098498968,0
1790098499398,1
1790098499399,0
1790098499666,1
1790098499666,0
1790098500101,1
1790098500101,0
1790098500527,1
1790098500527,0
1790098500881,1
1790098500882,0
1790098501021,1
1790098501022,0
1790098501452,1
1790098501453,0
1790098501880,1
1790098501881,0
1790098502202,1
1790098502203,0
1790098502540,1
1790098502540,0
1790098502945,1
1790098502946,0
1790098503154,1
1790098503154,0
1790098503356,1
1790098503356,0
1790098503495,1
1790098503495,0
1790098503634,1
1790098503634,0
1790098503992,1
1790098503992,0
1790098504332,1
1790098504332,0
1790098504661,1
1790098504661,0
1790098504880,1
1790098504880,0
1790098505093,1
1790098505093,0
1790098505361,1
1790098505361,0
1790098505695,1
1790098505695,0
1790098506027,1
1790098506027,0
1790098506295,1
1790098506295,0
1790098506656,1
1790098506656,0
1790098506881,1
1790098506881,0
1790098507075,1
1790098507075,0
1790098507217,1
1790098507218,0
1790098507603,1
1790098507603,0
1790098508033,1
1790098508034,0
1790098508233,1
1790098508233,0
1790098508433,1
1790098508433,0
1790098508571,1
1790098508571,0
1790098508711,1
1790098508711,0
1790098509039,1
1790098509040,0
1790098509377,1
1790098509378,0
1790098509739,1
1790098509739,0
1790098510075,1
1790098510075,0
1790098510413,1
1790098510414,0
1790098510709,1
1790098510710,0
1790098510927,1
1790098510927,0
1790098511136,1
1790098511136,0
1790098511278,1
1790098511278,0
1790098511540,1
1790098511540,0
1790098511907,1
1790098511907,0
1790098512254,1
1790098512254,0
1790098512611,1
1790098512612,0
1790098512815,1
1790098512815,0
1790098513244,1
1790098513245,0
1790098513573,1
1790098513573,0
1790098513904,1
1790098513904,0
1790098514171,1
1790098514172,0
1790098514442,1
1790098514442,0
1790098514801,1
1790098514801,0
1790098515227,1
1790098515228,0
1790098515660,1
1790098515661,0
1790098516024,1
1790098516025,0
1790098516404,1
1790098516405,0
1790098516698,1
1790098516698,0
1790098517062,1
1790098517062,0
1790098517420,1
1790098517421,0
1790098517715,1
1790098517716,0
1790098517860,1
1790098517860,0
1790098518232,1
1790098518233,0
1790098518582,1
1790098518582,0
1790098518850,1
1790098518850,0
1790098519196,1
1790098519197,0
1790098519597,1
1790098519597,0
1790098519810,1
1790098519810,0
1790098520016,1
1790098520016,0
1790098520157,1
1790098520157,0
1790098520297,1
1790098520298,0
1790098520564,1
1790098520564,0
1790098520903,1
1790098520903,0
1790098521271,1
1790098521272,0
1790098521482,1
1790098521483,0
1790098521696,1
1790098521697,0
1790098522051,1
1790098522051,0
1790098522482,1
1790098522482,0
1790098522905,1
1790098522905,0
1790098523258,1
1790098523258,0
1790098523616,1
1790098523616,0
1790098523835,1
1790098523835,0
1790098524024,1
1790098524024,0
1790098524164,1
1790098524164,0
1790098524493,1
1790098524493,0
1790098524701,1
1790098524701,0
1790098525057,1
1790098525057,0
1790098525423,1
1790098525424,0
1790098525726,1
1790098525726,0
1790098526024,1
1790098526024,0
1790098526325,1
1790098526326,0
1790098526697,1
1790098526698,0
1790098527094,1
1790098527094,0
1790098527497,1
1790098527497,0
1790098527892,1
1790098527893,0
1790098528165,1
1790098528166,0
1790098528529,1
1790098528530,0
1790098528896,1
1790098528896,0
1790098529192,1
1790098529193,0
1790098529523,1
1790098529523,0
1790098529918,1
1790098529918,0
1790098530319,1
1790098530319,0
1790098530677,0
1790098530677,0
1790098531041,0
1790098531043,0
1790098531380,0
1790098531382,0
1790098531714,0
1790098531714,0
1790098532041,1
1790098532042,0
1790098532306,1
1790098532306,0
1790098532574,1
1790098532574,0
1790098532872,1
1790098532872,0
1790098533301,1
1790098533301,0
1790098533661,1
1790098533661,0
1790098534025,1
1790098534025,0
1790098534404,1
1790098534405,0
1790098534758,1
1790098534759,0
1790098534957,1
1790098534957,0
1790098535165,1
1790098535166,0
1790098535309,1
1790098535309,0
1790098535602,1
1790098535603,0
1790098536037,1
1790098536037,0
1790098536467,1
1790098536467,0
1790098536610,1
1790098536611,0
1790098536829,1
1790098536829,0
1790098537200,1
1790098537200,0
1790098537566,1
1790098537566,0
1790098537930,1
1790098537930,0
1790098538231,1
1790098538231,0
1790098538529,1
1790098538529,0
1790098538886,1
1790098538887,0
1790098539210,1
1790098539211,0
1790098539646,1
1790098539646,0
1790098540013,1
1790098540013,0
1790098540383,1
1790098540384,0
1790098540682,1
1790098540682,0
1790098541032,1
1790098541032,0
1790098541374,1
1790098541374,0
1790098541643,1
1790098541644,0
1790098541974,1
1790098541974,0
1790098542189,1
1790098542189,0
1790098542398,1
1790098542398,0
1790098542693,1
1790098542693,0
1790098543079,1
1790098543079,0
1790098543508,0
1790098543510,0
1790098543908,0
1790098543908,0
1790098544286,1
1790098544286,0
1790098544614,1
1790098544614,0
1790098544947,1
1790098544947,0
1790098545243,1
1790098545243,0
1790098545636,1
1790098545637,0
1790098545999,1
1790098545999,0
1790098546369,1
1790098546370,0
1790098546728,1
1790098546728,0
1790098547052,1
1790098547052,0
1790098547478,1
1790098547479,0
1790098547909,1
1790098547909,0
1790098548262,1
1790098548262,0
1790098548614,1
1790098548615,0
1790098548941,1
1790098548941,0
1790098549271,1
1790098549271,0
1790098549600,1
1790098549601,0
1790098549995,1
1790098549995,0
1790098550404,1
1790098550405,0
1790098550614,1
1790098550614,0
1790098550819,1
1790098550819,0
1790098550964,1
1790098550964,0
1790098551110,1
1790098551110,0
1790098551377,1
1790098551377,0
1790098551725,1
1790098551726,0
1790098552150,1
1790098552152,0
1790098552482,1
1790098552482,0
1790098552816,1
1790098552816,0
1790098553087,1
1790098553090,0
1790098553519,1
1790098553521,0
1790098553946,1
1790098553946,0
1790098554301,1
1790098554301,0
1790098554444,1
1790098554445,0
1790098554780,1
1790098554783,0
1790098555120,1
1790098555122,0
1790098555478,1
1790098555478,0
1790098555684,1
1790098555685,0
1790098556023,1
1790098556023,0
1790098556453,1
1790098556453,0
1790098556875,1
1790098556875,0
1790098557233,1
1790098557233,0
1790098557588,1
1790098557588,0
1790098557911,1
1790098557911,0
1790098558303,1
1790098558303,0
1790098558637,1
1790098558637,0
1790098558860,1
1790098558860,0
1790098559054,1
1790098559054,0
1790098559322,1
1790098559322,0
1790098559653,1
1790098559653,0
1790098559987,1
1790098559987,0
1790098560251,1
1790098560252,0
1790098560607,1
1790098560607,0
1790098560954,1
1790098560954,0
1790098561301,1
1790098561301,0
1790098561628,1
1790098561628,0
1790098562047,1
1790098562047,0
1790098562420,1
1790098562420,0
1790098562739,1
1790098562739,0
1790098563067,1
1790098563068,0
1790098563339,1
1790098563339,0
1790098563599,1
1790098563599,0
1790098563896,1
1790098563896,0
1790098564219,1
1790098564220,0
1790098564597,1
1790098564597,0
1790098565021,1
1790098565021,0
1790098565455,1
1790098565456,0
1790098565753,1
1790098565753,0
1790098566089,1
1790098566089,0
1790098566421,1
1790098566421,0
1790098566690,1
1790098566690,0
1790098567050,1
1790098567050,0
1790098567421,1
1790098567421,0
1790098567788,1
1790098567789,0
1790098567928,1
1790098567929,0
1790098568292,1
1790098568292,0
1790098568686,1
1790098568686,0
1790098569006,1
1790098569006,0
1790098569340,1
1790098569340,0
1790098569609,1
1790098569609,0
1790098569879,1
1790098569879,0
1790098570021,1
1790098570022,0
1790098570370,1
1790098570370,0
1790098570584,1
1790098570584,0
1790098570917,1
1790098570917,0
1790098571257,1
1790098571257,0
1790098571557,1
1790098571557,0
1790098571927,1
1790098571928,0
1790098572283,1
1790098572283,0
1790098572577,1
1790098572577,0
1790098572912,1
1790098572912,0
1790098573317,1
1790098573317,0
1790098573714,1
1790098573714,0
1790098573854,1
1790098573854,0
1790098574201,1
1790098574201,0
1790098574573,1
1790098574573,0
1790098575000,1
1790098575000,0
1790098575423,1
1790098575424,0
1790098575789,1
1790098575789,0
1790098576147,1
1790098576147,0
1790098576448,1
1790098576448,0
1790098576876,1
1790098576876,0
1790098577267,1
1790098577268,0
1790098577655,1
1790098577655,0
1790098578056,1
1790098578057,0
1790098578415,1
1790098578415,0
1790098578779,1
1790098578780,0
1790098579121,1
1790098579122,0
1790098579419,1
1790098579419,0
1790098579685,1
1790098579686,0
1790098580092,1
1790098580092,0
1790098580496,1
1790098580496,0
1790098580826,1
1790098580827,0
1790098581212,1
1790098581212,0
1790098581581,1
1790098581581,0
1790098581975,1
1790098581976,0
1790098582379,1
1790098582379,0
1790098582709,1
1790098582709,0
1790098583034,1
1790098583034,0
1790098583359,1
1790098583360,0
1790098583787,1
1790098583787,0
1790098583974,1
1790098583974,0
1790098584180,1
1790098584180,0
1790098584392,1
1790098584393,0
1790098584691,1
1790098584692,0
1790098585024,1
1790098585024,0
1790098585360,1
1790098585361,0
1790098585631,1
1790098585631,0
1790098585981,1
1790098585981,0
1790098586342,1
1790098586343,0
1790098586700,1
1790098586700,0
1790098586838,1
1790098586839,0
1790098587046,1
1790098587046,0
1790098587442,1
1790098587443,0
1790098587782,1
1790098587782,0
1790098588112,1
1790098588113,0
1790098588369,1
1790098588369,0
1790098588633,1
1790098588633,0
1790098588988,1
1790098588989,0
1790098589390,1
1790098589391,0
1790098589729,1
1790098589729,0
1790098589933,1
1790098589933,0
1790098590143,1
1790098590143,0
1790098590471,1
1790098590471,0
1790098590807,1
1790098590807,0
1790098591137,1
1790098591137,0
1790098591401,1
1790098591402,0
1790098591758,1
1790098591758,0
1790098592128,1
1790098592128,0
1790098592493,1
1790098592494,0
1790098592761,1
1790098592761,0
1790098593094,1
1790098593094,0
1790098593499,1
1790098593500,0
1790098593928,1
1790098593928,0
1790098594346,1
1790098594346,0
1790098594699,1
1790098594699,0
1790098595060,1
1790098595060,0
1790098595387,1
1790098595387,0
1790098595812,1
1790098595813,0
1790098596211,1
1790098596212,0
1790098596600,1
1790098596600,0
1790098597003,1
1790098597004,0
1790098597333,1
1790098597334,0
1790098597761,1
1790098597762,0
1790098598181,1
1790098598182,0
1790098598531,1
1790098598531,0
1790098598826,1
1790098598826,0
1790098599170,1
1790098599170,0
1790098599546,1
1790098599547,0
1790098599846,1
1790098599847,0
1790098600054,1
1790098600054,0
1790098600265,1
1790098600265,0
1790098600686,1
1790098600686,0
1790098601113,1
1790098601113,0
1790098601473,1
1790098601473,0
1790098601833,1
1790098601833,0
1790098602185,1
1790098602186,0
1790098602621,1
1790098602621,0
1790098602989,1
1790098602990,0
1790098603382,1
1790098603382,0
1790098603790,1
1790098603790,0
1790098603932,1
1790098603932,0
1790098604310,1
1790098604311,0
1790098604712,1
1790098604713,0
1790098605042,1
1790098605043,0
1790098605399,1
1790098605399,0
1790098605613,1
1790098605613,0
1790098605823,1
1790098605823,0
1790098606182,1
1790098606183,0
1790098606542,1
1790098606543,0
1790098606761,1
1790098606761,0
1790098607154,1
1790098607154,0
1790098607558,1
1790098607558,0
1790098607883,1
1790098607884,0
1790098608211,1
1790098608212,0
1790098608355,1
1790098608355,0
1790098608704,1
1790098608704,0
1790098609099,1
1790098609100,0
1790098609528,1
1790098609528,0
1790098609963,1
1790098609963,0
1790098610104,1
1790098610104,0
1790098610527,1
1790098610527,0
1790098610946,1
1790098610946,0
1790098611302,1
1790098611303,0
1790098611441,1
1790098611442,0
1790098611844,1
1790098611845,0
1790098612225,1
1790098612225,0
1790098612583,1
1790098612583,0
1790098613011,1
1790098613012,0
1790098613387,1
1790098613388,0
1790098613601,1
1790098613601,0
1790098613808,1
1790098613808,0
1790098613949,1
1790098613949,0
1790098614085,1
1790098614085,0
1790098614411,1
1790098614411,0
1790098614632,1
1790098614632,0
1790098614966,1
1790098614966,0
1790098615291,1
1790098615291,0
1790098615635,1
1790098615635,0
1790098615905,1
1790098615905,0
1790098616333,1
1790098616334,0
1790098616757,1
1790098616757,0
1790098617110,1
1790098617111,0
1790098617255,1
1790098617255,0
1790098617658,1
1790098617658,0
1790098618047,1
1790098618048,0
1790098618191,1
1790098618192,0
1790098618561,1
1790098618561,0
1790098618904,1
1790098618904,0
1790098619314,1
1790098619314,0
1790098619735,1
1790098619736,0
1790098620095,1
1790098620095,0
1790098620452,1
1790098620452,0
1790098620774,1
1790098620774,0
1790098620983,1
1790098620983,0
1790098621341,1
1790098621341,0
1790098621525,1
1790098621526,0
1790098621720,1
1790098621720,0
1790098622076,1
1790098622076,0
1790098622471,1
1790098622471,0
1790098622860,1
1790098622860,0
1790098623185,1
1790098623185,0
1790098623482,1
1790098623483,0
1790098623831,1
1790098623831,0
1790098624137,1
1790098624138,0
1790098624462,1
1790098624463,0
1790098624803,1
1790098624803,0
1790098625242,1
1790098625242,0
1790098625671,1
1790098625671,0
1790098626096,1
1790098626096,0
1790098626442,1
1790098626443,0
1790098626796,1
1790098626796,0
1790098626937,1
1790098626937,0
1790098627341,1
1790098627341,0
1790098627770,1
1790098627770,0
1790098628163,1
1790098628163,0
1790098628571,1
1790098628571,0
1790098628926,1
1790098628926,0
1790098629336,1
1790098629337,0
1790098629761,1
1790098629761,0
1790098630112,1
1790098630113,0
1790098630411,1
1790098630411,0
1790098630789,1
1790098630789,0
1790098631153,1
1790098631154,0
1790098631421,1
1790098631421,0
1790098631746,1
1790098631747,0
1790098632183,1
1790098632183,0
1790098632581,1
1790098632581,0
1790098632970,1
1790098632970,0
1790098633297,1
1790098633297,0
1790098633622,1
1790098633622,0
1790098633888,1
1790098633888,0
1790098634303,1
1790098634303,0
1790098634638,1
1790098634638,0
1790098634971,1
1790098634971,0
1790098635314,1
1790098635315,0
1790098635612,1
1790098635612,0
1790098635940,1
1790098635941,0
1790098636273,1
1790098636274,0
1790098636543,1
1790098636543,0
1790098636868,1
1790098636869,0
1790098637242,1
1790098637243,0
1790098637599,1
1790098637600,0
1790098637924,1
1790098637925,0
1790098638309,1
1790098638309,0
1790098638699,1
1790098638699,0
1790098639107,1
1790098639108,0
1790098639531,1
1790098639531,0
1790098639882,1
1790098639882,0
1790098640240,1
1790098640243,0
1790098640387,1
1790098640388,0
1790098640611,1
1790098640611,0
1790098640972,1
1790098640972,0
1790098641181,1
1790098641181,0
1790098641392,1
1790098641393,0
1790098641659,1
1790098641659,0
1790098642087,1
1790098642088,0
1790098642513,1
1790098642513,0
1790098642868,1
1790098642868,0
1790098643227,1
1790098643227,0
1790098643664,1
1790098643664,0
1790098644087,1
1790098644087,0
1790098644384,1
1790098644384,0
1790098644809,1
1790098644809,0
1790098645022,1
1790098645022,0
1790098645416,1
1790098645416,0
1790098645811,1
1790098645811,0
1790098646139,1
1790098646139,0
1790098646459,1
1790098646460,0
1790098646814,1
1790098646815,0
1790098647253,1
1790098647254,0
1790098647468,1
1790098647468,0
1790098647796,1
1790098647796,0
1790098648143,1
1790098648143,0
1790098648285,1
1790098648285,0
1790098648713,1
1790098648714,0
1790098649142,1
1790098649142,0
1790098649497,1
1790098649498,0
1790098649857,1
1790098649857,0
1790098650197,1
1790098650197,0
1790098650529,1
1790098650529,0
1790098650885,1
1790098650885,0
1790098651254,1
1790098651254,0
1790098651471,1
1790098651472,0
1790098651803,1
1790098651803,0
1790098652125,1
1790098652125,0
1790098652388,1
1790098652388,0
1790098652654,1
1790098652655,0
1790098652799,1
1790098652800,0
1790098653233,1
1790098653234,0
1790098653572,1
1790098653573,0
1790098653959,1
1790098653960,0
1790098654355,1
1790098654355,0
1790098654627,1
1790098654627,0
1790098654999,1
1790098655000,0
1790098655368,1
1790098655368,0
1790098655660,1
1790098655661,0
1790098655989,1
1790098655989,0
1790098656380,1
1790098656380,0
1790098656763,1
1790098656764,0
1790098656903,1
1790098656903,0
1790098657314,1
1790098657314,0
1790098657685,1
1790098657685,0
1790098657896,1
1790098657896,0
1790098658104,1
1790098658104,0
1790098658243,1
1790098658243,0
1790098658379,1
1790098658379,0
1790098658733,1
1790098658733,0
1790098659125,1
1790098659125,0
1790098659454,1
1790098659455,0
1790098659829,1
1790098659830,0
1790098660206,1
1790098660206,0
1790098660502,1
1790098660502,0
1790098660717,1
1790098660717,0
1790098660928,1
1790098660928,0
1790098661071,1
1790098661071,0
1790098661425,1
1790098661425,0
1790098661846,1
1790098661847,0
1790098662267,1
1790098662268,0
1790098662410,1
1790098662410,0
1790098662807,1
1790098662808,0
1790098663207,1
1790098663208,0
1790098663571,1
1790098663571,0
1790098663931,1
1790098663931,0
1790098664224,1
1790098664224,0
1790098664524,1
1790098664524,0
1790098664878,1
1790098664879,0
1790098665262,1
1790098665262,0
1790098665661,1
1790098665661,0
1790098666091,1
1790098666091,0
1790098666521,1
1790098666521,0
1790098666851,1
1790098666852,0
1790098667227,1
1790098667227,0
1790098667595,1
1790098667596,0
1790098667891,1
1790098667891,0
1790098668221,1
1790098668221,0
1790098668629,1
1790098668630,0
1790098669018,1
1790098669019,0
1790098669378,1
1790098669379,0
1790098669803,1
1790098669804,0
1790098670234,1
1790098670235,0
1790098670661,1
1790098670661,0
1790098671090,1
1790098671091,0
1790098671442,1
1790098671442,0
1790098671794,1
1790098671794,0
1790098672151,1
1790098672152,0
1790098672500,1
1790098672501,0
1790098672892,1
1790098672892,0
1790098673306,1
1790098673307,0
1790098673733,1
1790098673734,0
1790098673875,1
1790098673875,0
1790098674249,1
1790098674249,0
1790098674653,1
1790098674653,0
1790098674982,1
1790098674982,0
1790098675125,1
1790098675125,0
1790098675464,1
1790098675464,0
1790098675793,1
1790098675793,0
1790098675932,1
1790098675933,0
1790098676289,1
1790098676289,0
1790098676689,1
1790098676689,0
1790098677055,1
1790098677055,0
1790098677421,1
1790098677421,0
1790098677718,1
1790098677718,0
1790098678013,1
1790098678013,0
1790098678341,1
1790098678342,0
1790098678560,1
1790098678560,0
1790098678950,1
1790098678950,0
1790098679279,1
1790098679280,0
1790098679617,1
1790098679618,0
1790098679918,1
1790098679918,0
1790098680341,1
1790098680342,0
1790098680767,1
1790098680767,0
1790098681126,1
1790098681126,0
1790098681425,1
1790098681425,0
1790098681801,1
1790098681801,0
1790098682167,1
1790098682167,0
1790098682460,1
1790098682460,0
1790098682895,1
1790098682895,0
1790098683305,1
1790098683305,0
1790098683637,1
1790098683637,0
1790098683973,1
1790098683973,0
1790098684240,1
1790098684240,0
1790098684506,1
1790098684506,0
1790098684769,1
1790098684769,0
1790098685146,1
1790098685146,0
1790098685482,1
1790098685482,0
1790098685833,1
1790098685833,0
1790098686206,1
1790098686206,0
1790098686566,1
1790098686566,0
1790098686770,1
1790098686770,0
1790098686976,1
1790098686977,0
1790098687120,1
1790098687121,0
1790098687421,1
1790098687421,0
1790098687824,1
1790098687825,0
1790098688223,1
1790098688224,0
1790098688550,1
1790098688551,0
1790098688909,1
1790098688909,0
1790098689110,1
1790098689110,0
1790098689529,1
1790098689529,0
1790098689961,1
1790098689961,0
1790098690318,1
1790098690318,0
1790098690676,1
1790098690676,0
1790098690945,1
1790098690945,0
1790098691171,1
1790098691171,0
1790098691518,1
1790098691518,0
1790098691893,1
1790098691893,0
1790098692261,1
1790098692261,0
1790098692401,1
1790098692402,0
1790098692825,1
1790098692825,0
1790098693236,1
1790098693236,0
1790098693593,1
1790098693593,0
1790098693918,1
1790098693918,0
1790098694124,1
1790098694124,0
1790098694331,1
1790098694331,0
1790098694592,1
1790098694592,0
1790098694961,1
1790098694961,0
1790098695388,1
1790098695388,0
1790098695811,1
1790098695811,0
1790098696236,1
1790098696236,0
1790098696589,1
1790098696589,0
1790098696948,1
1790098696948,0
1790098697217,1
1790098697217,0
1790098697627,1
1790098697628,0
1790098697990,1
1790098697990,0
1790098698389,1
1790098698389,0
1790098698799,1
1790098698799,0
1790098699126,1
1790098699126,0
1790098699325,1
1790098699325,0
1790098699524,1
1790098699525,0
1790098699667,1
1790098699667,0
1790098699990,1
1790098699990,0
1790098700410,1
1790098700411,0
1790098700822,1
1790098700822,0
1790098701114,1
1790098701114,0
1790098701513,1
1790098701513,0
1790098701860,1
1790098701861,0
1790098702193,1
1790098702193,0
1790098702523,1
1790098702523,0
1790098702788,1
1790098702789,0
1790098703053,1
1790098703053,0
1790098703348,1
1790098703349,0
1790098703730,1
1790098703731,0
1790098703941,1
1790098703941,0
1790098704138,1
1790098704138,0
1790098704352,1
1790098704352,0
1790098704703,1
1790098704703,0
1790098705069,1
1790098705069,0
1790098705436,1
1790098705436,0
1790098705733,1
1790098705734,0
1790098705878,1
1790098705878,0
1790098706227,1
1790098706227,0
1790098706566,1
1790098706566,0
1790098706833,1
1790098706833,0
1790098707255,1
1790098707255,0
1790098707478,1
1790098707478,0
1790098707807,1
1790098707808,0
1790098708147,1
1790098708147,0
1790098708416,1
1790098708417,0
1790098708684,1
1790098708684,0
1790098708982,1
1790098708983,0
1790098709196,1
1790098709197,0
1790098709529,1
1790098709530,0
1790098709923,1
1790098709923,0
1790098710327,1
1790098710327,0
1790098710683,1
1790098710683,0
1790098711106,1
1790098711106,0
1790098711530,1
1790098711531,0
1790098711888,1
1790098711888,0
1790098712025,1
1790098712025,0
1790098712433,1
1790098712434,0
1790098712828,1
1790098712828,0
